2025-12-27 17:49:44.334+0000 INFO  [o.n.g.f.m.GlobalModule] Logging config in use: File '/var/lib/neo4j/conf/server-logs.xml'
2025-12-27 17:49:44.890+0000 INFO  [o.n.i.d.DiagnosticsManager] 
                                                                ********************************************************************************
                                                                                             [ System diagnostics ]                             
                                                                ********************************************************************************
                                                                --------------------------------------------------------------------------------
                                                                                         [ System memory information ]                          
                                                                --------------------------------------------------------------------------------
                                                                Total Physical memory: 15.34GiB
                                                                Free Physical memory: 272.4MiB
                                                                Committed virtual memory: 5.743GiB
                                                                Total swap space: 4.000GiB
                                                                Free swap space: 3.999GiB
                                                                
                                                                --------------------------------------------------------------------------------
                                                                                           [ JVM memory information ]                           
                                                                --------------------------------------------------------------------------------
                                                                Free  memory: 990.5MiB
                                                                Total memory: 1.000GiB
                                                                Max   memory: 2.000GiB
                                                                Garbage Collector: G1 Young Generation: [G1 Eden Space, G1 Survivor Space, G1 Old Gen]
                                                                Garbage Collector: G1 Old Generation: [G1 Eden Space, G1 Survivor Space, G1 Old Gen]
                                                                Memory Pool: CodeHeap 'non-nmethods' (Non-heap memory): committed=2.438MiB, used=1.231MiB, max=5.570MiB, threshold=0B
                                                                Memory Pool: Metaspace (Non-heap memory): committed=22.19MiB, used=21.86MiB, max=-1B, threshold=0B
                                                                Memory Pool: CodeHeap 'profiled nmethods' (Non-heap memory): committed=5.313MiB, used=5.304MiB, max=117.2MiB, threshold=0B
                                                                Memory Pool: Compressed Class Space (Non-heap memory): committed=2.563MiB, used=2.388MiB, max=1.000GiB, threshold=0B
                                                                Memory Pool: G1 Eden Space (Heap memory): committed=643.0MiB, used=4.000MiB, max=-1B, threshold=?
                                                                Memory Pool: G1 Old Gen (Heap memory): committed=379.0MiB, used=27.23MiB, max=2.000GiB, threshold=0B
                                                                Memory Pool: G1 Survivor Space (Heap memory): committed=2.000MiB, used=1.785MiB, max=-1B, threshold=?
                                                                Memory Pool: CodeHeap 'non-profiled nmethods' (Non-heap memory): committed=2.438MiB, used=1.191MiB, max=117.2MiB, threshold=0B
                                                                
                                                                --------------------------------------------------------------------------------
                                                                                        [ Operating system information ]                        
                                                                --------------------------------------------------------------------------------
                                                                Operating System: Linux; version: 6.17.9-arch1-1; arch: amd64; cpus: 8
                                                                Max number of file descriptors: 524288
                                                                Number of open file descriptors: 191
                                                                Process id: 7
                                                                Byte order: LITTLE_ENDIAN
                                                                Local timezone: Etc/UTC
                                                                Memory page size: 4096
                                                                Unaligned memory access allowed: true
                                                                
                                                                --------------------------------------------------------------------------------
                                                                                              [ JVM information ]                               
                                                                --------------------------------------------------------------------------------
                                                                VM Name: OpenJDK 64-Bit Server VM
                                                                VM Vendor: Eclipse Adoptium
                                                                VM Version: 17.0.9+9
                                                                JIT compiler: HotSpot 64-Bit Tiered Compilers
                                                                VM Arguments: [-XX:+UseG1GC, -XX:-OmitStackTraceInFastThrow, -XX:+AlwaysPreTouch, -XX:+UnlockExperimentalVMOptions, -XX:+TrustFinalNonStaticFields, -XX:+DisableExplicitGC, -Djdk.nio.maxCachedBufferSize=1024, -Dio.netty.tryReflectionSetAccessible=true, -Djdk.tls.ephemeralDHKeySize=2048, -Djdk.tls.rejectClientInitiatedRenegotiation=true, -XX:FlightRecorderOptions=stackdepth=256, -XX:+UnlockDiagnosticVMOptions, -XX:+DebugNonSafepoints, --add-opens=java.base/java.nio=ALL-UNNAMED, --add-opens=java.base/java.io=ALL-UNNAMED, --add-opens=java.base/sun.nio.ch=ALL-UNNAMED, -Dlog4j2.disable.jmx=true, -Dfile.encoding=UTF-8, -Xms1048576k, -Xmx2097152k]
                                                                
                                                                --------------------------------------------------------------------------------
                                                                                               [ Java classpath ]                               
                                                                --------------------------------------------------------------------------------
                                                                 [classpath] /var/lib/neo4j/lib/commons-lang3-3.13.0.jar
                                                                 [classpath] /plugins/graph-data-science.jar
                                                                 [classpath] /var/lib/neo4j/lib/shiro-cache-1.13.0.jar
                                                                 [classpath] /var/lib/neo4j/lib/neo4j-import-tool-5.15.0.jar
                                                                 [classpath] /var/lib/neo4j/lib/netty-common-4.1.100.Final.jar
                                                                 [classpath] /var/lib/neo4j/lib/jetty-security-10.0.17.jar
                                                                 [classpath] /var/lib/neo4j/lib/jPowerShell-3.0.jar
                                                                 [classpath] /var/lib/neo4j/lib/netty-tcnative-classes-2.0.61.Final.jar
                                                                 [classpath] /var/lib/neo4j/lib/netty-transport-4.1.100.Final.jar
                                                                 [classpath] /var/lib/neo4j/lib/mercator_2.13-0.2.1.jar
                                                                 [classpath] /var/lib/neo4j/lib/neo4j-push-to-cloud-5.15.0.jar
                                                                 [classpath] /var/lib/neo4j/lib/neo4j-5.15.0.jar
                                                                 [classpath] /var/lib/neo4j/lib/reactive-streams-1.0.4.jar
                                                                 [classpath] /var/lib/neo4j/lib/neo4j-cypher-ast-factory-5.15.0.jar
                                                                 [classpath] /var/lib/neo4j/lib/jaxb-runtime-2.3.2.jar
                                                                 [classpath] /var/lib/neo4j/lib/server-api-5.15.0.jar
                                                                 [classpath] /var/lib/neo4j/lib/neo4j-procedure-5.15.0.jar
                                                                 [classpath] /var/lib/neo4j/lib/neo4j-security-5.15.0.jar
                                                                 [classpath] /var/lib/neo4j/lib/javassist-3.25.0-GA.jar
                                                                 [classpath] /var/lib/neo4j/lib/commons-io-2.15.0.jar
                                                                 [classpath] /var/lib/neo4j/lib/neo4j-codegen-5.15.0.jar
                                                                 [classpath] /var/lib/neo4j/lib/jersey-container-servlet-2.34.jar
                                                                 [classpath] /var/lib/neo4j/lib/caffeine-3.1.8.jar
                                                                 [classpath] /var/lib/neo4j/lib/neo4j-kernel-api-5.15.0.jar
                                                                 [classpath] /var/lib/neo4j/lib/commons-configuration2-2.9.0.jar
                                                                 [classpath] /var/lib/neo4j/lib/shiro-core-1.13.0.jar
                                                                 [classpath] /var/lib/neo4j/lib/scala-library-2.13.11.jar
                                                                 [classpath] /var/lib/neo4j/lib/jetty-io-10.0.17.jar
                                                                 [classpath] /var/lib/neo4j/lib/neo4j-native-5.15.0.jar
                                                                 [classpath] /var/lib/neo4j/lib/jetty-xml-10.0.17.jar
                                                                 [classpath] /var/lib/neo4j/lib/picocli-4.7.5.jar
                                                                 [classpath] /var/lib/neo4j/lib/neo4j-bolt-5.15.0.jar
                                                                 [classpath] /var/lib/neo4j/lib/jetty-servlet-10.0.17.jar
                                                                 [classpath] /var/lib/neo4j/lib/neo4j-record-storage-engine-5.15.0.jar
                                                                 [classpath] /var/lib/neo4j/lib/neo4j-lock-5.15.0.jar
                                                                 [classpath] /var/lib/neo4j/lib/neo4j-cypher-5.15.0.jar
                                                                 [classpath] /var/lib/neo4j/conf/*
                                                                 [classpath] /var/lib/neo4j/lib/neo4j-values-5.15.0.jar
                                                                 [classpath] /var/lib/neo4j/lib/neo4j-cypher-planner-5.15.0.jar
                                                                 [classpath] /var/lib/neo4j/lib/WMI4Java-1.6.3.jar
                                                                 [classpath] /var/lib/neo4j/lib/neo4j-cypher-planner-spi-5.15.0.jar
                                                                 [classpath] /var/lib/neo4j/lib/neo4j-util-5.15.0.jar
                                                                 [classpath] /var/lib/neo4j/lib/neo4j-collections-5.15.0.jar
                                                                 [classpath] /var/lib/neo4j/lib/jakarta.xml.bind-api-2.3.2.jar
                                                                 [classpath] /var/lib/neo4j/lib/jProcesses-1.6.5.jar
                                                                 [classpath] /var/lib/neo4j/lib/neo4j-csv-5.15.0.jar
                                                                 [classpath] /var/lib/neo4j/lib/neo4j-consistency-check-5.15.0.jar
                                                                 [classpath] /var/lib/neo4j/lib/neo4j-procedure-api-5.15.0.jar
                                                                 [classpath] /var/lib/neo4j/lib/neo4j-lucene-index-5.15.0.jar
                                                                 [classpath] /var/lib/neo4j/lib/hk2-locator-2.6.1.jar
                                                                 [classpath] /var/lib/neo4j/lib/neo4j-expressions-5.15.0.jar
                                                                 [classpath] /var/lib/neo4j/lib/neo4j-configuration-5.15.0.jar
                                                                 [classpath] /var/lib/neo4j/lib/jersey-common-2.34.jar
                                                                 [classpath] /var/lib/neo4j/lib/neo4j-schema-5.15.0.jar
                                                                 [classpath] /var/lib/neo4j/lib/neo4j-logging-5.15.0.jar
                                                                 [classpath] /var/lib/neo4j/lib/neo4j-common-5.15.0.jar
                                                                 [classpath] /var/lib/neo4j/lib/jackson-annotations-2.15.2.jar
                                                                 [classpath] /var/lib/neo4j/lib/eclipse-collections-api-11.1.0.jar
                                                                 [classpath] /var/lib/neo4j/lib/jersey-container-servlet-core-2.34.jar
                                                                 [classpath] /var/lib/neo4j/lib/neo4j-id-generator-5.15.0.jar
                                                                 [classpath] /var/lib/neo4j/lib/jansi-2.4.0.jar
                                                                 [classpath] /var/lib/neo4j/lib/jetty-webapp-10.0.17.jar
                                                                 [classpath] /var/lib/neo4j/lib/neo4j-dbms-5.15.0.jar
                                                                 [classpath] /var/lib/neo4j/lib/jetty-http-10.0.17.jar
                                                                 [classpath] /var/lib/neo4j/lib/neo4j-spatial-index-5.15.0.jar
                                                                 [classpath] /var/lib/neo4j/lib/shiro-config-core-1.13.0.jar
                                                                 [classpath] /var/lib/neo4j/lib/ipaddress-5.4.0.jar
                                                                 [classpath] /var/lib/neo4j/lib/neo4j-server-5.15.0.jar
                                                                 [classpath] /var/lib/neo4j/lib/jline-terminal-3.21.0.jar
                                                                 [classpath] /var/lib/neo4j/lib/netty-transport-classes-kqueue-4.1.100.Final.jar
                                                                 [classpath] /var/lib/neo4j/lib/neo4j-cypher-logical-plans-5.15.0.jar
                                                                 [classpath] /var/lib/neo4j/lib/neo4j-io-5.15.0.jar
                                                                 [classpath] /var/lib/neo4j/lib/netty-transport-native-kqueue-4.1.100.Final-osx-aarch_64.jar
                                                                 [classpath] /var/lib/neo4j/lib/neo4j-cypher-physical-planning-5.15.0.jar
                                                                 [classpath] /var/lib/neo4j/lib/neo4j-resource-5.15.0.jar
                                                                 [classpath] /var/lib/neo4j/lib/lucene-analysis-common-9.8.0.jar
                                                                 [classpath] /var/lib/neo4j/lib/commons-text-1.11.0.jar
                                                                 [classpath] /var/lib/neo4j/lib/neo4j-cypher-config-5.15.0.jar
                                                                 [classpath] /var/lib/neo4j/lib/kiama_2.13-2.5.1.jar
                                                                 [classpath] /var/lib/neo4j/lib/jakarta.ws.rs-api-2.1.6.jar
                                                                 [classpath] /var/lib/neo4j/lib/zstd-proxy-5.15.0.jar
                                                                 [classpath] /var/lib/neo4j/lib/jline-terminal-jansi-3.21.0.jar
                                                                 [classpath] /var/lib/neo4j/lib/hk2-api-2.6.1.jar
                                                                 [classpath] /var/lib/neo4j/lib/reactor-core-3.5.11.jar
                                                                 [classpath] /var/lib/neo4j/lib/netty-transport-native-epoll-4.1.100.Final-linux-x86_64.jar
                                                                 [classpath] /var/lib/neo4j/lib/shiro-lang-1.13.0.jar
                                                                 [classpath] /var/lib/neo4j/lib/istack-commons-runtime-3.0.8.jar
                                                                 [classpath] /var/lib/neo4j/lib/jackson-jaxrs-json-provider-2.15.2.jar
                                                                 [classpath] /var/lib/neo4j/lib/jetty-servlet-api-4.0.6.jar
                                                                 [classpath] /var/lib/neo4j/lib/shiro-crypto-cipher-1.13.0.jar
                                                                 [classpath] /var/lib/neo4j/lib/neo4j-exceptions-5.15.0.jar
                                                                 [classpath] /var/lib/neo4j/lib/eclipse-collections-11.1.0.jar
                                                                 [classpath] /var/lib/neo4j/lib/neo4j-fulltext-index-5.15.0.jar
                                                                 [classpath] /var/lib/neo4j/lib/netty-transport-native-kqueue-4.1.100.Final-osx-x86_64.jar
                                                                 [classpath] /var/lib/neo4j/lib/neo4j-capabilities-5.15.0.jar
                                                                 [classpath] /var/lib/neo4j/lib/neo4j-cypher-macros-5.15.0.jar
                                                                 [classpath] /var/lib/neo4j/lib/neo4j-ssl-5.15.0.jar
                                                                 [classpath] /var/lib/neo4j/lib/neo4j-fabric-5.15.0.jar
                                                                 [classpath] /var/lib/neo4j/lib/jetty-util-10.0.17.jar
                                                                 [classpath] /var/lib/neo4j/lib/neo4j-browser-5.12.0.jar
                                                                 [classpath] /var/lib/neo4j/lib/jetty-server-10.0.17.jar
                                                                 [classpath] /var/lib/neo4j/lib/neo4j-cypher-dsl-2023.8.0.jar
                                                                 [classpath] /var/lib/neo4j/lib/jackson-jaxrs-base-2.15.2.jar
                                                                 [classpath] /var/lib/neo4j/lib/neo4j-graph-algo-5.15.0.jar
                                                                 [classpath] /var/lib/neo4j/lib/jakarta.activation-api-1.2.2.jar
                                                                 [classpath] /var/lib/neo4j/lib/neo4j-cypher-javacc-parser-5.15.0.jar
                                                                 [classpath] /var/lib/neo4j/lib/jakarta.validation-api-2.0.2.jar
                                                                 [classpath] /var/lib/neo4j/lib/magnolia_2.13-0.17.0.jar
                                                                 [classpath] /var/lib/neo4j/lib/jctools-core-4.0.1.jar
                                                                 [classpath] /var/lib/neo4j/lib/neo4j-slf4j-provider-5.15.0.jar
                                                                 [classpath] /var/lib/neo4j/lib/jettison-1.5.4.jar
                                                                 [classpath] /var/lib/neo4j/lib/netty-transport-native-epoll-4.1.100.Final-linux-aarch_64.jar
                                                                 [classpath] /var/lib/neo4j/lib/jakarta.inject-2.6.1.jar
                                                                 [classpath] /var/lib/neo4j/lib/neo4j-index-5.15.0.jar
                                                                 [classpath] /var/lib/neo4j/lib/hk2-utils-2.6.1.jar
                                                                 [classpath] /var/lib/neo4j/lib/stax-ex-1.8.1.jar
                                                                 [classpath] /var/lib/neo4j/lib/neo4j-ast-5.15.0.jar
                                                                 [classpath] /var/lib/neo4j/lib/annotations-5.15.0.jar
                                                                 [classpath] /var/lib/neo4j/lib/txw2-2.3.2.jar
                                                                 [classpath] /var/lib/neo4j/lib/slf4j-api-2.0.9.jar
                                                                 [classpath] /var/lib/neo4j/lib/netty-codec-4.1.100.Final.jar
                                                                 [classpath] /var/lib/neo4j/lib/netty-buffer-4.1.100.Final.jar
                                                                 [classpath] /var/lib/neo4j/lib/commons-compress-1.24.0.jar
                                                                 [classpath] /var/lib/neo4j/lib/lucene-core-9.8.0.jar
                                                                 [classpath] /var/lib/neo4j/lib/log4j-api-2.20.0.jar
                                                                 [classpath] /var/lib/neo4j/lib/neo4j-cypher-ir-5.15.0.jar
                                                                 [classpath] /var/lib/neo4j/lib/lucene-queryparser-9.8.0.jar
                                                                 [classpath] /var/lib/neo4j/lib/jline-reader-3.21.0.jar
                                                                 [classpath] /var/lib/neo4j/lib/cypher-shell-5.15.0.jar
                                                                 [classpath] /var/lib/neo4j/lib/FastInfoset-1.2.16.jar
                                                                 [classpath] /var/lib/neo4j/lib/argparse4j-0.9.0.jar
                                                                 [classpath] /var/lib/neo4j/lib/neo4j-concurrent-5.15.0.jar
                                                                 [classpath] /var/lib/neo4j/lib/log4j-core-2.20.0.jar
                                                                 [classpath] /var/lib/neo4j/lib/shiro-event-1.13.0.jar
                                                                 [classpath] /var/lib/neo4j/lib/neo4j-token-api-5.15.0.jar
                                                                 [classpath] /var/lib/neo4j/lib/commons-logging-1.2.jar
                                                                 [classpath] /var/lib/neo4j/lib/jna-5.13.0.jar
                                                                 [classpath] /var/lib/neo4j/lib/jackson-core-2.15.2.jar
                                                                 [classpath] /var/lib/neo4j/lib/neo4j-data-collector-5.15.0.jar
                                                                 [classpath] /var/lib/neo4j/lib/neo4j-storage-engine-util-5.15.0.jar
                                                                 [classpath] /var/lib/neo4j/lib/neo4j-rewriting-5.15.0.jar
                                                                 [classpath] /var/lib/neo4j/lib/netty-resolver-4.1.100.Final.jar
                                                                 [classpath] /var/lib/neo4j/lib/neo4j-cypher-expression-evaluator-5.15.0.jar
                                                                 [classpath] /var/lib/neo4j/lib/neo4j-import-util-5.15.0.jar
                                                                 [classpath] /var/lib/neo4j/lib/zstd-jni-1.5.5-10.jar
                                                                 [classpath] /var/lib/neo4j/lib/neo4j-query-router-5.15.0.jar
                                                                 [classpath] /var/lib/neo4j/lib/neo4j-bootcheck-5.15.0.jar
                                                                 [classpath] /var/lib/neo4j/lib/jackson-databind-2.15.2.jar
                                                                 [classpath] /var/lib/neo4j/lib/neo4j-wal-5.15.0.jar
                                                                 [classpath] /var/lib/neo4j/lib/neo4j-cypher-slotted-runtime-5.15.0.jar
                                                                 [classpath] /var/lib/neo4j/lib/netty-handler-4.1.100.Final.jar
                                                                 [classpath] /var/lib/neo4j/lib/neo4j-java-driver-5.15.0.jar
                                                                 [classpath] /var/lib/neo4j/lib/scala-reflect-2.13.11.jar
                                                                 [classpath] /var/lib/neo4j/lib/jakarta.annotation-api-1.3.5.jar
                                                                 [classpath] /var/lib/neo4j/lib/cypher-literal-interpreter-5.15.0.jar
                                                                 [classpath] /var/lib/neo4j/lib/neo4j-cypher-interpreted-runtime-5.15.0.jar
                                                                 [classpath] /var/lib/neo4j/lib/shiro-crypto-core-1.13.0.jar
                                                                 [classpath] /var/lib/neo4j/lib/jackson-module-jaxb-annotations-2.15.2.jar
                                                                 [classpath] /var/lib/neo4j/lib/neo4j-unsafe-5.15.0.jar
                                                                 [classpath] /var/lib/neo4j/lib/neo4j-diagnostics-5.15.0.jar
                                                                 [classpath] /var/lib/neo4j/lib/netty-transport-classes-epoll-4.1.100.Final.jar
                                                                 [classpath] /var/lib/neo4j/lib/neo4j-command-line-5.15.0.jar
                                                                 [classpath] /var/lib/neo4j/lib/netty-transport-native-unix-common-4.1.100.Final.jar
                                                                 [classpath] /var/lib/neo4j/lib/netty-codec-http-4.1.100.Final.jar
                                                                 [classpath] /var/lib/neo4j/lib/neo4j-layout-5.15.0.jar
                                                                 [classpath] /var/lib/neo4j/lib/neo4j-cypher-cache-5.15.0.jar
                                                                 [classpath] /var/lib/neo4j/lib/neo4j-cypher-runtime-util-5.15.0.jar
                                                                 [classpath] /var/lib/neo4j/lib/lucene-backward-codecs-9.8.0.jar
                                                                 [classpath] /var/lib/neo4j/lib/log4j-layout-template-json-2.20.0.jar
                                                                 [classpath] /var/lib/neo4j/lib/shiro-crypto-hash-1.13.0.jar
                                                                 [classpath] /var/lib/neo4j/lib/jersey-server-2.34.jar
                                                                 [classpath] /var/lib/neo4j/lib/scala-collection-contrib_2.13-0.3.0.jar
                                                                 [classpath] /var/lib/neo4j/lib/neo4j-kernel-5.15.0.jar
                                                                 [classpath] /plugins/apoc.jar
                                                                 [classpath] /var/lib/neo4j/lib/neo4j-monitoring-5.15.0.jar
                                                                 [classpath] /var/lib/neo4j/lib/cypher-ast-factory-5.15.0.jar
                                                                 [classpath] /var/lib/neo4j/lib/jersey-client-2.34.jar
                                                                 [classpath] /var/lib/neo4j/lib/neo4j-graphdb-api-5.15.0.jar
                                                                 [classpath] /var/lib/neo4j/lib/neo4j-front-end-5.15.0.jar
                                                                 [classpath] /var/lib/neo4j/lib/jersey-hk2-2.34.jar
                                                                
                                                                --------------------------------------------------------------------------------
                                                                                                [ Library path ]                                
                                                                --------------------------------------------------------------------------------
                                                                /usr/java/packages/lib
                                                                /usr/lib64
                                                                /lib64
                                                                /lib
                                                                /usr/lib
                                                                
                                                                --------------------------------------------------------------------------------
                                                                                             [ System properties ]                              
                                                                --------------------------------------------------------------------------------
                                                                jdk.tls.rejectClientInitiatedRenegotiation = true
                                                                sun.jnu.encoding = ANSI_X3.4-1968
                                                                sun.arch.data.model = 64
                                                                user.timezone = Etc/UTC
                                                                sun.java.launcher = SUN_STANDARD
                                                                user.country = US
                                                                sun.boot.library.path = /opt/java/openjdk/lib
                                                                sun.java.command = org.neo4j.server.CommunityEntryPoint --home-dir=/var/lib/neo4j --config-dir=/var/lib/neo4j/conf --console-mode
                                                                jdk.debug = release
                                                                io.netty.tryReflectionSetAccessible = true
                                                                sun.cpu.endian = little
                                                                user.home = /var/lib/neo4j
                                                                user.language = en
                                                                file.separator = /
                                                                jdk.tls.ephemeralDHKeySize = 2048
                                                                sun.management.compiler = HotSpot 64-Bit Tiered Compilers
                                                                user.name = neo4j
                                                                jdk.nio.maxCachedBufferSize = 1024
                                                                path.separator = :
                                                                file.encoding = UTF-8
                                                                jnidispatch.path = /var/lib/neo4j/.cache/JNA/temp/jna13632848910715581791.tmp
                                                                jna.loaded = true
                                                                user.dir = /var/lib/neo4j
                                                                native.encoding = ANSI_X3.4-1968
                                                                sun.io.unicode.encoding = UnicodeLittle
                                                                log4j2.disable.jmx = true
                                                                
                                                                --------------------------------------------------------------------------------
                                                                                      [ (IANA) TimeZone database version ]                      
                                                                --------------------------------------------------------------------------------
                                                                  TimeZone version: 2023c (available for 603 zone identifiers)
                                                                
                                                                --------------------------------------------------------------------------------
                                                                                            [ Network information ]                             
                                                                --------------------------------------------------------------------------------
                                                                Interface eth0:
                                                                    address: 172.21.0.2
                                                                Interface lo:
                                                                    address: 0:0:0:0:0:0:0:1%lo
                                                                    address: 127.0.0.1
                                                                
                                                                --------------------------------------------------------------------------------
                                                                                         [ Native access information ]                          
                                                                --------------------------------------------------------------------------------
                                                                Native access details: Linux native access is available.
                                                                
                                                                --------------------------------------------------------------------------------
                                                                                                [ DBMS config ]                                 
                                                                --------------------------------------------------------------------------------
                                                                DBMS provided settings:
                                                                db.tx_log.rotation.retention_policy=2 days 2G
                                                                dbms.security.procedures.unrestricted=apoc.*
                                                                server.bolt.enabled=true
                                                                server.default_listen_address=0.0.0.0
                                                                server.directories.import=/var/lib/neo4j/import
                                                                server.directories.logs=/logs
                                                                server.directories.neo4j_home=/var/lib/neo4j
                                                                server.directories.plugins=/plugins
                                                                server.http.enabled=true
                                                                server.https.enabled=false
                                                                server.jvm.additional=-XX:+UseG1GC
-XX:-OmitStackTraceInFastThrow
-XX:+AlwaysPreTouch
-XX:+UnlockExperimentalVMOptions
-XX:+TrustFinalNonStaticFields
-XX:+DisableExplicitGC
-Djdk.nio.maxCachedBufferSize=1024
-Dio.netty.tryReflectionSetAccessible=true
-Djdk.tls.ephemeralDHKeySize=2048
-Djdk.tls.rejectClientInitiatedRenegotiation=true
-XX:FlightRecorderOptions=stackdepth=256
-XX:+UnlockDiagnosticVMOptions
-XX:+DebugNonSafepoints
--add-opens=java.base/java.nio=ALL-UNNAMED
--add-opens=java.base/java.io=ALL-UNNAMED
--add-opens=java.base/sun.nio.ch=ALL-UNNAMED
-Dlog4j2.disable.jmx=true
                                                                server.memory.heap.initial_size=1.00GiB
                                                                server.memory.heap.max_size=2.00GiB
                                                                server.memory.pagecache.size=512.00MiB
                                                                server.windows_service_name=neo4j
                                                                Directories in use:
                                                                server.directories.data=/var/lib/neo4j/data
                                                                server.directories.dumps.root=/var/lib/neo4j/data/dumps
                                                                server.directories.import=/var/lib/neo4j/import
                                                                server.directories.lib=/var/lib/neo4j/lib
                                                                server.directories.licenses=/var/lib/neo4j/licenses
                                                                server.directories.logs=/logs
                                                                server.directories.neo4j_home=/var/lib/neo4j
                                                                server.directories.plugins=/plugins
                                                                server.directories.run=/var/lib/neo4j/run
                                                                server.directories.script.root=/var/lib/neo4j/data/scripts
                                                                server.directories.transaction.logs.root=/var/lib/neo4j/data/transactions
                                                                
                                                                --------------------------------------------------------------------------------
                                                                                                 [ Packaging ]                                  
                                                                --------------------------------------------------------------------------------
                                                                Edition: Community
                                                                Package Type: tar
                                                                
2025-12-27 17:49:44.936+0000 INFO  [o.n.d.i.DefaultIdentityModule] Generated new ServerId: ServerId{10e849f6} (10e849f6-88c6-4229-9105-45e81ca75cf9)
2025-12-27 17:49:44.938+0000 INFO  [o.n.d.i.DefaultIdentityModule] This instance is ServerId{10e849f6} (10e849f6-88c6-4229-9105-45e81ca75cf9)
2025-12-27 17:49:46.350+0000 INFO  [o.n.s.CommunityNeoWebServer] ======== Neo4j 5.15.0 ========
2025-12-27 17:49:46.376+0000 INFO  [o.n.d.d.DatabaseLifecycles] Creating 'DatabaseId{00000000[system]}'.
2025-12-27 17:49:46.483+0000 INFO  [a.ApocConfig] successfully registered ApocConfig for @Context
2025-12-27 17:49:46.521+0000 INFO  [c.n.g.e.GraphDataScienceExtension] Progress tracking: enabled
2025-12-27 17:49:46.522+0000 INFO  [c.n.g.e.GraphDataScienceExtension] Memory usage guard: minimum estimate
2025-12-27 17:49:46.528+0000 INFO  [c.n.g.e.GraphDataScienceExtension] GDS license file: null
2025-12-27 17:49:46.530+0000 INFO  [c.n.g.e.GraphDataScienceExtension] GDS license state: unlicensed
2025-12-27 17:49:46.541+0000 INFO  [c.n.g.e.GraphDataScienceExtension] Register GraphDataScience...
2025-12-27 17:49:46.570+0000 INFO  [c.n.g.e.GraphDataScienceExtension] GraphDataScience registered.
2025-12-27 17:49:46.570+0000 INFO  [c.n.g.e.GraphDataScienceExtension] Register GraphDataScienceExtras...
2025-12-27 17:49:46.571+0000 INFO  [c.n.g.e.GraphDataScienceExtension] GraphDataScienceExtras registered.
2025-12-27 17:49:46.572+0000 INFO  [c.n.g.e.GraphDataScienceExtension] Register MetricsFacade...
2025-12-27 17:49:46.573+0000 INFO  [c.n.g.e.GraphDataScienceExtension] MetricsFacade registered.
2025-12-27 17:49:46.575+0000 INFO  [c.n.g.e.GraphDataScienceExtension] Register legacy Task Store/ Registry...
2025-12-27 17:49:46.576+0000 INFO  [c.n.g.e.GraphDataScienceExtension] Task Store/ Registry registered.
2025-12-27 17:49:46.577+0000 INFO  [c.n.g.e.GraphDataScienceExtension] Register legacy User Log Registry...
2025-12-27 17:49:46.578+0000 INFO  [c.n.g.e.GraphDataScienceExtension] User Log Registry registered.
2025-12-27 17:49:46.592+0000 INFO  [a.Pools] successfully registered Pools for @Context
2025-12-27 17:49:46.609+0000 INFO  [a.ApocConfig] from system properties: NEO4J_CONF=/var/lib/neo4j/conf
2025-12-27 17:49:46.609+0000 INFO  [a.ApocConfig] system property NEO4J_CONF set to /var/lib/neo4j/conf
2025-12-27 17:49:46.610+0000 INFO  [a.ApocConfig] loading apoc meta config from jar:file:/plugins/apoc.jar!/apoc-config.xml
2025-12-27 17:49:46.905+0000 INFO  [a.ApocConfig] setting APOC config to default value: apoc.import.file.enabled=false
2025-12-27 17:49:46.906+0000 INFO  [a.ApocConfig] setting APOC config to default value: apoc.export.file.enabled=false
2025-12-27 17:49:46.907+0000 INFO  [a.ApocConfig] setting APOC config to default value: apoc.import.file.use_neo4j_config=true
2025-12-27 17:49:46.907+0000 INFO  [a.ApocConfig] setting APOC config to default value: apoc.trigger.enabled=false
2025-12-27 17:49:46.933+0000 INFO  [o.n.g.c.GdsProxyExtension] GDS compatibility: for Neo4j Settings 5.x -- available, for Neo4j Settings 4.4 -- not available, selected: Neo4j Settings 5.x
2025-12-27 17:49:46.934+0000 INFO  [o.n.g.c.GdsProxyExtension] GDS compatibility: for Neo4j 4.4 -- not available, for Neo4j 5.11 -- not available, for Neo4j 5.12 -- not available, for Neo4j 5.13 -- not available, for Neo4j 5.14 -- not available, for Neo4j 5.15 -- available, for Neo4j 5.16 -- not available, for Neo4j 5.17 -- not available, for Neo4j 5.18 -- not available, for Neo4j 5.19 -- not available, for Neo4j 5.20 -- not available, selected: Neo4j 5.15
2025-12-27 17:49:47.011+0000 INFO  [o.n.b.BoltServer] Using connector transport epoll
2025-12-27 17:49:47.107+0000 INFO  [o.n.b.BoltServer] Configured external Bolt connector with listener address /0.0.0.0:7687
2025-12-27 17:49:47.108+0000 INFO  [o.n.b.BoltServer] Bolt server loaded
2025-12-27 17:49:47.146+0000 INFO  [o.n.d.d.DatabaseLifecycles] Starting 'DatabaseId{00000000[system]}'.
2025-12-27 17:49:48.117+0000 INFO  [o.n.i.d.DiagnosticsManager] [system/00000000] 
                                                                [system/00000000] ********************************************************************************
                                                                [system/00000000]                               [ Database: system ]                              
                                                                [system/00000000] ********************************************************************************
                                                                [system/00000000] --------------------------------------------------------------------------------
                                                                [system/00000000]                                   [ Version ]                                   
                                                                [system/00000000] --------------------------------------------------------------------------------
                                                                [system/00000000] DBMS: community record-aligned-1.1
                                                                [system/00000000] Kernel version: 5.15.0
                                                                [system/00000000] 
                                                                [system/00000000] --------------------------------------------------------------------------------
                                                                [system/00000000]                                 [ Store files ]                                 
                                                                [system/00000000] --------------------------------------------------------------------------------
                                                                [system/00000000] Disk space on partition (Total / Free / Free %): 509943480320 / 373081178112 / 73
                                                                [system/00000000] Storage files stored on file store: btrfs
                                                                [system/00000000] Storage files: (filename : modification date - size)
                                                                [system/00000000]   neostore: 2025-12-27 17:49:47.894+0000 - 8.000KiB
                                                                [system/00000000]   neostore.counts.db: 2025-12-27 17:49:47.931+0000 - 0B
                                                                [system/00000000]   neostore.indexstats.db: 2025-12-27 17:49:47.964+0000 - 0B
                                                                [system/00000000]   neostore.labeltokenstore.db: 2025-12-27 17:49:47.872+0000 - 0B
                                                                [system/00000000]   neostore.labeltokenstore.db.id: 2025-12-27 17:49:47.871+0000 - 0B
                                                                [system/00000000]   neostore.labeltokenstore.db.names: 2025-12-27 17:49:47.867+0000 - 8.000KiB
                                                                [system/00000000]   neostore.labeltokenstore.db.names.id: 2025-12-27 17:49:47.865+0000 - 0B
                                                                [system/00000000]   neostore.nodestore.db: 2025-12-27 17:49:47.821+0000 - 0B
                                                                [system/00000000]   neostore.nodestore.db.id: 2025-12-27 17:49:47.820+0000 - 0B
                                                                [system/00000000]   neostore.nodestore.db.labels: 2025-12-27 17:49:47.811+0000 - 8.000KiB
                                                                [system/00000000]   neostore.nodestore.db.labels.id: 2025-12-27 17:49:47.768+0000 - 0B
                                                                [system/00000000]   neostore.propertystore.db: 2025-12-27 17:49:47.854+0000 - 0B
                                                                [system/00000000]   neostore.propertystore.db.arrays: 2025-12-27 17:49:47.836+0000 - 8.000KiB
                                                                [system/00000000]   neostore.propertystore.db.arrays.id: 2025-12-27 17:49:47.834+0000 - 0B
                                                                [system/00000000]   neostore.propertystore.db.id: 2025-12-27 17:49:47.853+0000 - 0B
                                                                [system/00000000]   neostore.propertystore.db.index: 2025-12-27 17:49:47.829+0000 - 0B
                                                                [system/00000000]   neostore.propertystore.db.index.id: 2025-12-27 17:49:47.829+0000 - 0B
                                                                [system/00000000]   neostore.propertystore.db.index.keys: 2025-12-27 17:49:47.824+0000 - 8.000KiB
                                                                [system/00000000]   neostore.propertystore.db.index.keys.id: 2025-12-27 17:49:47.822+0000 - 0B
                                                                [system/00000000]   neostore.propertystore.db.strings: 2025-12-27 17:49:47.832+0000 - 8.000KiB
                                                                [system/00000000]   neostore.propertystore.db.strings.id: 2025-12-27 17:49:47.830+0000 - 0B
                                                                [system/00000000]   neostore.relationshipgroupstore.db: 2025-12-27 17:49:47.883+0000 - 8.000KiB
                                                                [system/00000000]   neostore.relationshipgroupstore.db.id: 2025-12-27 17:49:47.881+0000 - 0B
                                                                [system/00000000]   neostore.relationshipgroupstore.degrees.db: 2025-12-27 17:49:47.954+0000 - 0B
                                                                [system/00000000]   neostore.relationshipstore.db: 2025-12-27 17:49:47.857+0000 - 0B
                                                                [system/00000000]   neostore.relationshipstore.db.id: 2025-12-27 17:49:47.856+0000 - 0B
                                                                [system/00000000]   neostore.relationshiptypestore.db: 2025-12-27 17:49:47.864+0000 - 0B
                                                                [system/00000000]   neostore.relationshiptypestore.db.id: 2025-12-27 17:49:47.863+0000 - 0B
                                                                [system/00000000]   neostore.relationshiptypestore.db.names: 2025-12-27 17:49:47.859+0000 - 8.000KiB
                                                                [system/00000000]   neostore.relationshiptypestore.db.names.id: 2025-12-27 17:49:47.857+0000 - 0B
                                                                [system/00000000]   neostore.schemastore.db: 2025-12-27 17:49:47.876+0000 - 8.000KiB
                                                                [system/00000000]   neostore.schemastore.db.id: 2025-12-27 17:49:47.875+0000 - 0B
                                                                [system/00000000] Storage summary: 
                                                                [system/00000000]   Total size of store: 72.00KiB
                                                                [system/00000000]   Total size of mapped files: 72.00KiB
                                                                [system/00000000] 
                                                                [system/00000000] --------------------------------------------------------------------------------
                                                                [system/00000000]                               [ Transaction log ]                               
                                                                [system/00000000] --------------------------------------------------------------------------------
                                                                [system/00000000] Transaction log files stored on file store: btrfs
                                                                [system/00000000] Transaction log metadata:
                                                                [system/00000000]  - current kernel version used in transactions: V5_15
                                                                [system/00000000]  - last committed transaction id: 1
                                                                [system/00000000] Transaction log files:
                                                                [system/00000000]  - existing transaction log versions: -1--1
                                                                [system/00000000]  - no transactions found
                                                                [system/00000000] Checkpoint log files:
                                                                [system/00000000]  - existing checkpoint log versions: -1--1
                                                                [system/00000000]  - no checkpoints found
                                                                [system/00000000] 
                                                                [system/00000000] --------------------------------------------------------------------------------
                                                                [system/00000000]                                   [ Id usage ]                                  
                                                                [system/00000000] --------------------------------------------------------------------------------
                                                                [system/00000000] ArrayPropertyStore[neostore.nodestore.db.labels]: used=1 high=0
                                                                [system/00000000] NodeStore[neostore.nodestore.db]: used=0 high=-1
                                                                [system/00000000] StringPropertyStore[neostore.propertystore.db.index.keys]: used=1 high=0
                                                                [system/00000000] PropertyIndexStore[neostore.propertystore.db.index]: used=0 high=-1
                                                                [system/00000000] StringPropertyStore[neostore.propertystore.db.strings]: used=1 high=0
                                                                [system/00000000] ArrayPropertyStore[neostore.propertystore.db.arrays]: used=1 high=0
                                                                [system/00000000] PropertyStore[neostore.propertystore.db]: used=0 high=-1
                                                                [system/00000000] RelationshipStore[neostore.relationshipstore.db]: used=0 high=-1
                                                                [system/00000000] StringPropertyStore[neostore.relationshiptypestore.db.names]: used=1 high=0
                                                                [system/00000000] RelationshipTypeStore[neostore.relationshiptypestore.db]: used=0 high=-1
                                                                [system/00000000] StringPropertyStore[neostore.labeltokenstore.db.names]: used=1 high=0
                                                                [system/00000000] LabelTokenStore[neostore.labeltokenstore.db]: used=0 high=-1
                                                                [system/00000000] SchemaStore[neostore.schemastore.db]: used=1 high=0
                                                                [system/00000000] RelationshipGroupStore[neostore.relationshipgroupstore.db]: used=1 high=0
                                                                [system/00000000] NeoStore[neostore]: used=-1 high=-1
                                                                [system/00000000] 
                                                                [system/00000000] --------------------------------------------------------------------------------
                                                                [system/00000000]                                   [ Metadata ]                                  
                                                                [system/00000000] --------------------------------------------------------------------------------
                                                                [system/00000000] EXTERNAL_STORE_UUID (Database identifier exposed as external store identity. Generated on creation and never updated): 64a36ccf-64be-46fe-9ee3-1d4f88e92f0e
                                                                [system/00000000] DATABASE_ID (The last used DatabaseId for this database): null
                                                                [system/00000000] LEGACY_STORE_VERSION (Legacy store format version. This field is used from 5.0 onwards only to distinguish non-migrated pre 5.0 metadata stores.): -3523014627327384477
                                                                [system/00000000] STORE_ID (Store ID): StoreId{creationTime=1766857787892, random=3888544277544742308, storageEngineName='record', formatName='aligned', majorVersion=1, minorVersion=1}
                                                                [system/00000000] 
2025-12-27 17:49:48.142+0000 INFO  [o.n.k.a.DatabaseAvailabilityGuard] [system/00000000] Requirement `Database unavailable` makes database system unavailable.
2025-12-27 17:49:48.143+0000 INFO  [o.n.k.a.DatabaseAvailabilityGuard] [system/00000000] DatabaseId{00000000[system]} is unavailable.
2025-12-27 17:49:48.165+0000 WARN  [o.n.k.i.s.MetaDataStore] [system/00000000] Missing counts store, rebuilding it.
2025-12-27 17:49:48.172+0000 WARN  [o.n.k.i.s.MetaDataStore] [system/00000000] Counts store rebuild completed.
2025-12-27 17:49:48.194+0000 INFO  [o.n.k.d.Database] [system/00000000] Starting transaction log [/var/lib/neo4j/data/transactions/system/neostore.transaction.db.0] at version=0
2025-12-27 17:49:48.207+0000 INFO  [o.n.k.d.Database] [system/00000000] Starting transaction log [/var/lib/neo4j/data/transactions/system/checkpoint.0] at version=0
2025-12-27 17:49:48.210+0000 INFO  [o.n.k.i.t.l.f.c.CheckpointLogFile] [system/00000000] Scanning log file with version 0 for checkpoint entries
2025-12-27 17:49:48.299+0000 INFO  [o.n.k.a.DatabaseAvailabilityGuard] [system/00000000] Fulfilling of requirement 'Database unavailable' makes database system available.
2025-12-27 17:49:48.299+0000 INFO  [o.n.k.a.DatabaseAvailabilityGuard] [system/00000000] DatabaseId{00000000[system]} is ready.
2025-12-27 17:49:48.792+0000 INFO  [o.n.k.i.a.i.IndexPopulationJob] [system/00000000] Index population started: [Index( id=2, name='index_f7700477', type='LOOKUP', schema=()-[:<any-types>]-(), indexProvider='token-lookup-1.0' )]
2025-12-27 17:49:48.855+0000 INFO  [o.n.k.i.a.i.IndexPopulationJob] [system/00000000] Index creation finished for index [Index( id=2, name='index_f7700477', type='LOOKUP', schema=()-[:<any-types>]-(), indexProvider='token-lookup-1.0' )].
2025-12-27 17:49:48.868+0000 INFO  [o.n.k.i.a.i.IndexPopulationJob] [system/00000000] Index population started: [Index( id=1, name='index_343aff4e', type='LOOKUP', schema=(:<any-labels>), indexProvider='token-lookup-1.0' )]
2025-12-27 17:49:48.886+0000 INFO  [o.n.k.i.a.i.IndexPopulationJob] [system/00000000] Index creation finished for index [Index( id=1, name='index_343aff4e', type='LOOKUP', schema=(:<any-labels>), indexProvider='token-lookup-1.0' )].
2025-12-27 17:49:48.895+0000 INFO  [o.n.k.i.t.l.c.CheckPointerImpl] [system/00000000] Checkpoint triggered by "Database init completed." @ txId: 3 checkpoint started...
2025-12-27 17:49:49.048+0000 INFO  [o.n.k.i.t.l.c.CheckPointerImpl] [system/00000000] Checkpoint triggered by "Database init completed." @ txId: 3 checkpoint completed in 150ms. Checkpoint flushed 74 pages (0% of total available pages), in 57 IOs. Checkpoint performed with IO limit: unlimited, paused in total 0 times( 0 millis).
2025-12-27 17:49:49.052+0000 INFO  [o.n.k.i.t.l.p.LogPruningImpl] [system/00000000] No log version pruned. The strategy used was '2 days 2147483648 size'. 
2025-12-27 17:49:49.243+0000 WARN  [o.n.k.a.p.GlobalProcedures] Failed to load `org.neo4j.gds.compat._44.BoltTransactionRunnerImpl` from plugin jar `/plugins/graph-data-science.jar`: java.lang.NoClassDefFoundError: org/neo4j/bolt/runtime/statemachine/impl/BoltAdapterSubscriber
2025-12-27 17:49:49.861+0000 WARN  [o.n.k.a.p.GlobalProcedures] Failed to load `com.neo4j.gds.core.write.CypherNodePropertyExporterBuilder` from plugin jar `/plugins/graph-data-science.jar`: java.lang.NoClassDefFoundError: com/neo4j/kernel/enterprise/api/security/EnterpriseLoginContext
2025-12-27 17:49:50.247+0000 WARN  [o.n.k.a.p.GlobalProcedures] Failed to load `com.neo4j.gds.shaded.io.netty.handler.codec.spdy.SpdyHeaderBlockJZlibEncoder` from plugin jar `/plugins/graph-data-science.jar`: java.lang.NoClassDefFoundError: com/neo4j/gds/shaded/com/jcraft/jzlib/Deflater
2025-12-27 17:49:50.258+0000 WARN  [o.n.k.a.p.GlobalProcedures] Failed to load `apoc.util.hdfs.HDFSUtils$1` from plugin jar `/plugins/apoc.jar`: java.lang.NoClassDefFoundError: org/apache/hadoop/fs/FSDataInputStream
2025-12-27 17:49:50.511+0000 WARN  [o.n.k.a.p.GlobalProcedures] Failed to load `com.neo4j.gds.shaded.io.netty.handler.codec.compression.LzfDecoder` from plugin jar `/plugins/graph-data-science.jar`: java.lang.NoClassDefFoundError: com/neo4j/gds/shaded/com/ning/compress/lzf/ChunkDecoder
2025-12-27 17:49:50.941+0000 WARN  [o.n.k.a.p.GlobalProcedures] Failed to load `com.neo4j.gds.shaded.io.netty.handler.codec.marshalling.DefaultUnmarshallerProvider` from plugin jar `/plugins/graph-data-science.jar`: java.lang.NoClassDefFoundError: com/neo4j/gds/shaded/org/jboss/marshalling/Unmarshaller
2025-12-27 17:49:51.369+0000 WARN  [o.n.k.a.p.GlobalProcedures] Failed to load `org.neo4j.gds.compat._44.BoltTransactionRunnerImpl$1` from plugin jar `/plugins/graph-data-science.jar`: java.lang.NoClassDefFoundError: org/neo4j/bolt/runtime/statemachine/impl/BoltAdapterSubscriber
2025-12-27 17:49:51.534+0000 WARN  [o.n.k.a.p.GlobalProcedures] Failed to load `com.neo4j.gds.shaded.org.ejml.ops.MatrixIO$MflAccess$IO` from plugin jar `/plugins/graph-data-science.jar`: java.lang.NoClassDefFoundError: us/hebi/matlab/mat/types/MatFile
2025-12-27 17:49:51.642+0000 WARN  [o.n.k.a.p.GlobalProcedures] Failed to load `com.neo4j.gds.shaded.io.netty.handler.codec.protobuf.ProtobufEncoderNano` from plugin jar `/plugins/graph-data-science.jar`: java.lang.NoClassDefFoundError: com/neo4j/gds/shaded/com/google/protobuf/nano/MessageNano
2025-12-27 17:49:51.820+0000 WARN  [o.n.k.a.p.GlobalProcedures] Failed to load `com.jayway.jsonpath.spi.json.JakartaJsonProvider$JsonArrayProxy$1` from plugin jar `/plugins/apoc.jar`: java.lang.NoClassDefFoundError: jakarta/json/JsonValue
2025-12-27 17:49:51.821+0000 WARN  [o.n.k.a.p.GlobalProcedures] Failed to load `com.jayway.jsonpath.spi.json.JakartaJsonProvider$JsonArrayProxy$2` from plugin jar `/plugins/apoc.jar`: java.lang.NoClassDefFoundError: jakarta/json/JsonValue
2025-12-27 17:49:52.308+0000 WARN  [o.n.k.a.p.GlobalProcedures] Failed to load `org.neo4j.internal.recordstorage.InMemoryStorageReader44` from plugin jar `/plugins/graph-data-science.jar`: java.lang.NoClassDefFoundError: org/neo4j/counts/CountsAccessor
2025-12-27 17:49:52.380+0000 WARN  [o.n.k.a.p.GlobalProcedures] Failed to load `com.neo4j.gds.ClusterExporterBuilderCatalog$ExporterBuilderCreator` from plugin jar `/plugins/graph-data-science.jar`: java.lang.NoClassDefFoundError: com/neo4j/kernel/enterprise/api/security/EnterpriseLoginContext
2025-12-27 17:49:52.584+0000 WARN  [o.n.k.a.p.GlobalProcedures] Failed to load `com.neo4j.gds.shaded.io.netty.handler.codec.compression.JZlibEncoder` from plugin jar `/plugins/graph-data-science.jar`: java.lang.NoClassDefFoundError: com/neo4j/gds/shaded/com/jcraft/jzlib/Deflater
2025-12-27 17:49:53.045+0000 WARN  [o.n.k.a.p.GlobalProcedures] Failed to load `com.neo4j.gds.metrics.projections.PrometheusMetricsForProjectionsProvider` from plugin jar `/plugins/graph-data-science.jar`: java.lang.NoClassDefFoundError: io/prometheus/client/Counter
2025-12-27 17:49:53.062+0000 WARN  [o.n.k.a.p.GlobalProcedures] Failed to load `com.neo4j.gds.shaded.io.netty.handler.ssl.JettyNpnSslEngine$1` from plugin jar `/plugins/graph-data-science.jar`: java.lang.NoClassDefFoundError: com/neo4j/gds/shaded/org/eclipse/jetty/npn/NextProtoNego$ServerProvider
2025-12-27 17:49:53.064+0000 WARN  [o.n.k.a.p.GlobalProcedures] Failed to load `com.neo4j.gds.shaded.io.netty.handler.ssl.JettyNpnSslEngine$2` from plugin jar `/plugins/graph-data-science.jar`: java.lang.NoClassDefFoundError: com/neo4j/gds/shaded/org/eclipse/jetty/npn/NextProtoNego$ClientProvider
2025-12-27 17:49:53.344+0000 WARN  [o.n.k.a.p.GlobalProcedures] Failed to load `com.neo4j.gds.core.write.CypherNodeLabelExporterBuilder` from plugin jar `/plugins/graph-data-science.jar`: java.lang.NoClassDefFoundError: com/neo4j/kernel/enterprise/api/security/EnterpriseLoginContext
2025-12-27 17:49:54.221+0000 WARN  [o.n.k.a.p.GlobalProcedures] Failed to load `com.neo4j.gds.metrics.PrometheusExecutionMetricProvider` from plugin jar `/plugins/graph-data-science.jar`: java.lang.NoClassDefFoundError: io/prometheus/client/Counter
2025-12-27 17:49:54.727+0000 WARN  [o.n.k.a.p.GlobalProcedures] Failed to load `com.neo4j.gds.shaded.io.netty.handler.codec.compression.LzmaFrameEncoder` from plugin jar `/plugins/graph-data-science.jar`: java.lang.NoClassDefFoundError: lzma/sdk/lzma/Encoder
2025-12-27 17:49:55.057+0000 WARN  [o.n.k.a.p.GlobalProcedures] Failed to load `com.neo4j.gds.metrics.GdsMetricsExtension$GdsMetricLifecycleAdapter` from plugin jar `/plugins/graph-data-science.jar`: java.lang.NoClassDefFoundError: io/prometheus/client/Collector
2025-12-27 17:49:55.284+0000 WARN  [o.n.k.a.p.GlobalProcedures] Failed to load `org.neo4j.gds.compat._44.InMemoryCountsStore` from plugin jar `/plugins/graph-data-science.jar`: java.lang.NoClassDefFoundError: org/neo4j/counts/CountsAccessor$Updater
2025-12-27 17:49:55.665+0000 WARN  [o.n.k.a.p.GlobalProcedures] Failed to load `com.neo4j.gds.shaded.io.netty.util.internal.Hidden$NettyBlockHoundIntegration$1` from plugin jar `/plugins/graph-data-science.jar`: java.lang.NoClassDefFoundError: reactor/blockhound/integration/BlockHoundIntegration
2025-12-27 17:49:55.823+0000 WARN  [o.n.k.a.p.GlobalProcedures] Failed to load `com.neo4j.gds.shaded.io.netty.handler.codec.marshalling.MarshallingEncoder` from plugin jar `/plugins/graph-data-science.jar`: java.lang.NoClassDefFoundError: com/neo4j/gds/shaded/org/jboss/marshalling/ByteOutput
2025-12-27 17:49:55.869+0000 WARN  [o.n.k.a.p.GlobalProcedures] Failed to load `com.neo4j.gds.shaded.io.netty.handler.codec.marshalling.DefaultMarshallerProvider` from plugin jar `/plugins/graph-data-science.jar`: java.lang.NoClassDefFoundError: com/neo4j/gds/shaded/org/jboss/marshalling/Marshaller
2025-12-27 17:49:55.892+0000 WARN  [o.n.k.a.p.GlobalProcedures] Failed to load `com.neo4j.gds.shaded.io.netty.handler.ssl.ConscryptAlpnSslEngine$ServerEngine` from plugin jar `/plugins/graph-data-science.jar`: java.lang.NoClassDefFoundError: com/neo4j/gds/shaded/org/conscrypt/BufferAllocator
2025-12-27 17:49:56.087+0000 WARN  [o.n.k.a.p.GlobalProcedures] Failed to load `org.neo4j.gds.compat._44.InMemoryStorageEngineImpl` from plugin jar `/plugins/graph-data-science.jar`: java.lang.NoClassDefFoundError: org/neo4j/counts/CountsAccessor
2025-12-27 17:49:56.508+0000 WARN  [o.n.k.a.p.GlobalProcedures] Failed to load `org.neo4j.gds.compat._511.InMemoryVersionCheck` from plugin jar `/plugins/graph-data-science.jar`: java.lang.NoClassDefFoundError: org/neo4j/storageengine/api/StoreVersionCheck$MigrationCheckResult
2025-12-27 17:49:56.547+0000 WARN  [o.n.k.a.p.GlobalProcedures] Failed to load `com.neo4j.gds.metrics.CreatedGraphsMetric` from plugin jar `/plugins/graph-data-science.jar`: java.lang.NoClassDefFoundError: io/prometheus/client/SimpleCollector
2025-12-27 17:49:56.668+0000 WARN  [o.n.k.a.p.GlobalProcedures] Failed to load `org.neo4j.gds.compat._44.ScanBasedStoreScanImpl` from plugin jar `/plugins/graph-data-science.jar`: java.lang.NoClassDefFoundError: org/neo4j/internal/kernel/api/Scan
2025-12-27 17:49:56.753+0000 WARN  [o.n.k.a.p.GlobalProcedures] Failed to load `org.apache.commons.logging.impl.AvalonLogger` from plugin jar `/plugins/apoc.jar`: java.lang.NoClassDefFoundError: org/apache/avalon/framework/logger/Logger
2025-12-27 17:49:56.762+0000 WARN  [o.n.k.a.p.GlobalProcedures] Failed to load `com.neo4j.gds.metrics.ShutdownFailureMetric` from plugin jar `/plugins/graph-data-science.jar`: java.lang.NoClassDefFoundError: io/prometheus/client/SimpleCollector
2025-12-27 17:49:57.311+0000 WARN  [o.n.k.a.p.GlobalProcedures] Failed to load `com.neo4j.gds.shaded.io.netty.handler.ssl.ConscryptAlpnSslEngine` from plugin jar `/plugins/graph-data-science.jar`: java.lang.NoClassDefFoundError: com/neo4j/gds/shaded/org/conscrypt/AllocatedBuffer
2025-12-27 17:49:57.664+0000 WARN  [o.n.k.a.p.GlobalProcedures] Failed to load `com.neo4j.gds.shaded.io.netty.handler.ssl.JettyAlpnSslEngine$ClientEngine$1` from plugin jar `/plugins/graph-data-science.jar`: java.lang.NoClassDefFoundError: com/neo4j/gds/shaded/org/eclipse/jetty/alpn/ALPN$ClientProvider
2025-12-27 17:49:57.861+0000 WARN  [o.n.k.a.p.GlobalProcedures] Failed to load `com.neo4j.gds.metrics.PrometheusMetricWithTimer` from plugin jar `/plugins/graph-data-science.jar`: java.lang.NoClassDefFoundError: io/prometheus/client/Counter
2025-12-27 17:49:57.936+0000 WARN  [o.n.k.a.p.GlobalProcedures] Failed to load `com.neo4j.gds.shaded.io.netty.handler.codec.compression.Lz4FrameDecoder` from plugin jar `/plugins/graph-data-science.jar`: java.lang.NoClassDefFoundError: net/jpountz/lz4/LZ4Exception
2025-12-27 17:49:58.221+0000 WARN  [o.n.k.a.p.GlobalProcedures] Failed to load `com.neo4j.gds.core.write.CypherRelationshipStreamExporterBuilder` from plugin jar `/plugins/graph-data-science.jar`: java.lang.NoClassDefFoundError: com/neo4j/kernel/enterprise/api/security/EnterpriseLoginContext
2025-12-27 17:49:58.254+0000 WARN  [o.n.k.a.p.GlobalProcedures] Failed to load `com.neo4j.gds.metrics.RestoreFailureMetric` from plugin jar `/plugins/graph-data-science.jar`: java.lang.NoClassDefFoundError: io/prometheus/client/SimpleCollector
2025-12-27 17:49:58.345+0000 WARN  [o.n.k.a.p.GlobalProcedures] Failed to load `com.neo4j.gds.shaded.io.netty.handler.ssl.ConscryptAlpnSslEngine$ClientEngine` from plugin jar `/plugins/graph-data-science.jar`: java.lang.NoClassDefFoundError: com/neo4j/gds/shaded/org/conscrypt/BufferAllocator
2025-12-27 17:49:58.455+0000 WARN  [o.n.k.a.p.GlobalProcedures] Failed to load `apoc.util.s3.S3Aws$1` from plugin jar `/plugins/apoc.jar`: java.lang.NoClassDefFoundError: com/amazonaws/services/s3/model/S3ObjectInputStream
2025-12-27 17:49:58.593+0000 WARN  [o.n.k.a.p.GlobalProcedures] Failed to load `com.neo4j.gds.shaded.org.reflections.vfs.JbossFile` from plugin jar `/plugins/graph-data-science.jar`: java.lang.NoClassDefFoundError: com/neo4j/gds/shaded/org/jboss/vfs/VirtualFile
2025-12-27 17:49:58.601+0000 WARN  [o.n.k.a.p.GlobalProcedures] Failed to load `org.neo4j.gds.compat._44.TestLogImpl` from plugin jar `/plugins/graph-data-science.jar`: java.lang.NoClassDefFoundError: org/neo4j/logging/Logger
2025-12-27 17:49:58.772+0000 WARN  [o.n.k.a.p.GlobalProcedures] Failed to load `com.jayway.jsonpath.spi.json.JakartaJsonProvider$JsonObjectProxy$1` from plugin jar `/plugins/apoc.jar`: java.lang.NoClassDefFoundError: jakarta/json/JsonObject
2025-12-27 17:49:58.981+0000 WARN  [o.n.k.a.p.GlobalProcedures] Failed to load `com.neo4j.gds.ClusterExporterBuilderCatalog` from plugin jar `/plugins/graph-data-science.jar`: java.lang.NoClassDefFoundError: com/neo4j/kernel/enterprise/api/security/EnterpriseLoginContext
2025-12-27 17:49:59.193+0000 WARN  [o.n.k.a.p.GlobalProcedures] Failed to load `com.jayway.jsonpath.spi.json.JakartaJsonProvider$JsonArrayProxy` from plugin jar `/plugins/apoc.jar`: java.lang.NoClassDefFoundError: jakarta/json/JsonArray
2025-12-27 17:49:59.318+0000 WARN  [o.n.k.a.p.GlobalProcedures] Failed to load `com.neo4j.gds.shaded.org.reflections.vfs.JbossDir` from plugin jar `/plugins/graph-data-science.jar`: java.lang.NoClassDefFoundError: com/neo4j/gds/shaded/org/jboss/vfs/VirtualFile
2025-12-27 17:49:59.336+0000 WARN  [o.n.k.a.p.GlobalProcedures] Failed to load `apoc.util.hdfs.HDFSUtils` from plugin jar `/plugins/apoc.jar`: java.lang.NoClassDefFoundError: org/apache/hadoop/fs/FSDataOutputStream
2025-12-27 17:49:59.425+0000 WARN  [o.n.k.a.p.GlobalProcedures] Failed to load `com.neo4j.gds.shaded.io.netty.handler.codec.compression.BrotliEncoder` from plugin jar `/plugins/graph-data-science.jar`: java.lang.NoClassDefFoundError: com/neo4j/gds/shaded/com/aayushatharva/brotli4j/encoder/Encoder$Parameters
2025-12-27 17:49:59.434+0000 WARN  [o.n.k.a.p.GlobalProcedures] Failed to load `com.neo4j.gds.metrics.AuraBackupTimeMetric` from plugin jar `/plugins/graph-data-science.jar`: java.lang.NoClassDefFoundError: io/prometheus/client/SimpleCollector
2025-12-27 17:49:59.561+0000 WARN  [o.n.k.a.p.GlobalProcedures] Failed to load `com.neo4j.gds.shaded.io.netty.handler.codec.marshalling.LimitingByteInput` from plugin jar `/plugins/graph-data-science.jar`: java.lang.NoClassDefFoundError: com/neo4j/gds/shaded/org/jboss/marshalling/ByteInput
2025-12-27 17:49:59.662+0000 WARN  [o.n.k.a.p.GlobalProcedures] Failed to load `com.neo4j.gds.shaded.io.netty.handler.codec.marshalling.ThreadLocalUnmarshallerProvider` from plugin jar `/plugins/graph-data-science.jar`: java.lang.NoClassDefFoundError: com/neo4j/gds/shaded/org/jboss/marshalling/Unmarshaller
2025-12-27 17:49:59.886+0000 WARN  [o.n.k.a.p.GlobalProcedures] Failed to load `com.neo4j.gds.shaded.io.netty.util.internal.Hidden` from plugin jar `/plugins/graph-data-science.jar`: java.lang.NoClassDefFoundError: reactor/blockhound/integration/BlockHoundIntegration
2025-12-27 17:50:00.204+0000 WARN  [o.n.k.a.p.GlobalProcedures] Failed to load `com.neo4j.gds.shaded.io.netty.handler.ssl.ConscryptAlpnSslEngine$ClientEngine$1` from plugin jar `/plugins/graph-data-science.jar`: java.lang.NoClassDefFoundError: com/neo4j/gds/shaded/org/conscrypt/HandshakeListener
2025-12-27 17:50:00.341+0000 WARN  [o.n.k.a.p.GlobalProcedures] Failed to load `com.neo4j.gds.shaded.io.netty.handler.codec.marshalling.MarshallingDecoder` from plugin jar `/plugins/graph-data-science.jar`: java.lang.NoClassDefFoundError: com/neo4j/gds/shaded/org/jboss/marshalling/ByteInput
2025-12-27 17:50:00.454+0000 WARN  [o.n.k.a.p.GlobalProcedures] Failed to load `com.jayway.jsonpath.spi.json.JakartaJsonProvider` from plugin jar `/plugins/apoc.jar`: java.lang.NoClassDefFoundError: jakarta/json/JsonObject
2025-12-27 17:50:00.858+0000 WARN  [o.n.k.a.p.GlobalProcedures] Failed to load `com.neo4j.gds.shaded.io.netty.handler.codec.compression.BrotliOptions` from plugin jar `/plugins/graph-data-science.jar`: java.lang.NoClassDefFoundError: com/neo4j/gds/shaded/com/aayushatharva/brotli4j/encoder/Encoder$Parameters
2025-12-27 17:50:00.919+0000 WARN  [o.n.k.a.p.GlobalProcedures] Failed to load `com.neo4j.gds.metrics.procedures.PrometheusDeprecatedProceduresMetricRegistrar` from plugin jar `/plugins/graph-data-science.jar`: java.lang.NoClassDefFoundError: io/prometheus/client/Counter
2025-12-27 17:50:00.956+0000 WARN  [o.n.k.a.p.GlobalProcedures] Failed to load `com.neo4j.gds.shaded.javassist.util.HotSwapper` from plugin jar `/plugins/graph-data-science.jar`: java.lang.NoClassDefFoundError: com/neo4j/gds/shaded/com/sun/jdi/request/EventRequest
2025-12-27 17:50:01.036+0000 WARN  [o.n.k.a.p.GlobalProcedures] Failed to load `com.jayway.jsonpath.spi.json.JsonOrgJsonProvider` from plugin jar `/plugins/apoc.jar`: java.lang.NoClassDefFoundError: org/json/JSONException
2025-12-27 17:50:01.369+0000 WARN  [o.n.k.a.p.GlobalProcedures] Failed to load `apoc.util.s3.S3Aws` from plugin jar `/plugins/apoc.jar`: java.lang.NoClassDefFoundError: com/amazonaws/auth/AWSCredentials
2025-12-27 17:50:01.809+0000 WARN  [o.n.k.a.p.GlobalProcedures] Failed to load `com.neo4j.gds.shaded.io.netty.handler.codec.marshalling.MarshallerProvider` from plugin jar `/plugins/graph-data-science.jar`: java.lang.NoClassDefFoundError: com/neo4j/gds/shaded/org/jboss/marshalling/Marshaller
2025-12-27 17:50:01.904+0000 WARN  [o.n.k.a.p.GlobalProcedures] Failed to load `com.neo4j.gds.shaded.io.netty.handler.codec.compression.ZstdDecoder` from plugin jar `/plugins/graph-data-science.jar`: java.lang.NoClassDefFoundError: com/neo4j/gds/shaded/com/github/luben/zstd/ZstdInputStreamNoFinalizer
2025-12-27 17:50:01.930+0000 WARN  [o.n.k.a.p.GlobalProcedures] Failed to load `com.neo4j.gds.metrics.ShutdownTimeMetric` from plugin jar `/plugins/graph-data-science.jar`: java.lang.NoClassDefFoundError: io/prometheus/client/SimpleCollector
2025-12-27 17:50:02.018+0000 WARN  [o.n.k.a.p.GlobalProcedures] Failed to load `com.jayway.jsonpath.spi.mapper.JakartaMappingProvider$JsonObjectScope` from plugin jar `/plugins/apoc.jar`: java.lang.NoClassDefFoundError: jakarta/json/JsonValue
2025-12-27 17:50:02.264+0000 WARN  [o.n.k.a.p.GlobalProcedures] Failed to load `com.neo4j.gds.shaded.com.fasterxml.jackson.databind.ext.DOMDeserializer` from plugin jar `/plugins/graph-data-science.jar`: java.lang.NoClassDefFoundError: com/neo4j/gds/shaded/org/w3c/dom/Document
2025-12-27 17:50:02.413+0000 WARN  [o.n.k.a.p.GlobalProcedures] Failed to load `com.neo4j.gds.shaded.io.netty.handler.codec.marshalling.ContextBoundUnmarshallerProvider` from plugin jar `/plugins/graph-data-science.jar`: java.lang.NoClassDefFoundError: com/neo4j/gds/shaded/org/jboss/marshalling/Unmarshaller
2025-12-27 17:50:02.693+0000 WARN  [o.n.k.a.p.GlobalProcedures] Failed to load `com.neo4j.gds.shaded.io.netty.handler.codec.compression.JZlibDecoder` from plugin jar `/plugins/graph-data-science.jar`: java.lang.NoClassDefFoundError: com/neo4j/gds/shaded/com/jcraft/jzlib/Inflater
2025-12-27 17:50:02.796+0000 WARN  [o.n.k.a.p.GlobalProcedures] Failed to load `apoc.util.s3.S3OutputStream$S3UploadManager` from plugin jar `/plugins/apoc.jar`: java.lang.NoClassDefFoundError: com/amazonaws/services/s3/AmazonS3
2025-12-27 17:50:03.225+0000 WARN  [o.n.k.a.p.GlobalProcedures] Failed to load `com.jayway.jsonpath.spi.mapper.JakartaMappingProvider$JsonStructureScope` from plugin jar `/plugins/apoc.jar`: java.lang.NoClassDefFoundError: jakarta/json/JsonValue
2025-12-27 17:50:03.455+0000 WARN  [o.n.k.a.p.GlobalProcedures] Failed to load `com.neo4j.gds.shaded.com.fasterxml.jackson.databind.ext.DOMDeserializer$NodeDeserializer` from plugin jar `/plugins/graph-data-science.jar`: java.lang.NoClassDefFoundError: com/neo4j/gds/shaded/org/w3c/dom/Node
2025-12-27 17:50:03.709+0000 WARN  [o.n.k.a.p.GlobalProcedures] Failed to load `com.neo4j.gds.shaded.io.netty.handler.ssl.JettyAlpnSslEngine$ServerEngine$1` from plugin jar `/plugins/graph-data-science.jar`: java.lang.NoClassDefFoundError: com/neo4j/gds/shaded/org/eclipse/jetty/alpn/ALPN$ServerProvider
2025-12-27 17:50:03.713+0000 WARN  [o.n.k.a.p.GlobalProcedures] Failed to load `com.neo4j.gds.shaded.io.netty.handler.ssl.JettyAlpnSslEngine$ServerEngine` from plugin jar `/plugins/graph-data-science.jar`: java.lang.NoClassDefFoundError: com/neo4j/gds/shaded/org/eclipse/jetty/alpn/ALPN$Provider
2025-12-27 17:50:04.027+0000 WARN  [o.n.k.a.p.GlobalProcedures] Failed to load `com.neo4j.gds.shaded.io.netty.handler.codec.marshalling.ChannelBufferByteOutput` from plugin jar `/plugins/graph-data-science.jar`: java.lang.NoClassDefFoundError: com/neo4j/gds/shaded/org/jboss/marshalling/ByteOutput
2025-12-27 17:50:04.089+0000 WARN  [o.n.k.a.p.GlobalProcedures] Failed to load `com.neo4j.gds.shaded.io.netty.handler.codec.compression.BrotliMode` from plugin jar `/plugins/graph-data-science.jar`: java.lang.NoClassDefFoundError: com/neo4j/gds/shaded/com/aayushatharva/brotli4j/encoder/Encoder$Mode
2025-12-27 17:50:04.312+0000 WARN  [o.n.k.a.p.GlobalProcedures] Failed to load `org.neo4j.gds.compat._44.Neo4jProxyImpl` from plugin jar `/plugins/graph-data-science.jar`: java.lang.NoClassDefFoundError: org/neo4j/internal/kernel/api/Scan
2025-12-27 17:50:04.316+0000 WARN  [o.n.k.a.p.GlobalProcedures] Failed to load `com.neo4j.gds.metrics.GdsMetric` from plugin jar `/plugins/graph-data-science.jar`: java.lang.NoClassDefFoundError: io/prometheus/client/SimpleCollector
2025-12-27 17:50:04.392+0000 WARN  [o.n.k.a.p.GlobalProcedures] Failed to load `com.neo4j.gds.metrics.AuraBackupFailureMetric$Listener` from plugin jar `/plugins/graph-data-science.jar`: java.lang.NoClassDefFoundError: io/prometheus/client/Counter
2025-12-27 17:50:04.649+0000 WARN  [o.n.k.a.p.GlobalProcedures] Failed to load `com.neo4j.gds.core.write.DefaultQueryRunner` from plugin jar `/plugins/graph-data-science.jar`: java.lang.NoClassDefFoundError: com/neo4j/kernel/enterprise/api/security/EnterpriseLoginContext
2025-12-27 17:50:04.912+0000 WARN  [o.n.k.a.p.GlobalProcedures] Failed to load `com.neo4j.gds.shaded.io.netty.util.internal.Hidden$NettyBlockHoundIntegration` from plugin jar `/plugins/graph-data-science.jar`: java.lang.NoClassDefFoundError: reactor/blockhound/integration/BlockHoundIntegration
2025-12-27 17:50:05.146+0000 WARN  [o.n.k.a.p.GlobalProcedures] Failed to load `com.neo4j.gds.core.write.CypherRelationshipPropertiesExporterBuilder` from plugin jar `/plugins/graph-data-science.jar`: java.lang.NoClassDefFoundError: com/neo4j/kernel/enterprise/api/security/EnterpriseLoginContext
2025-12-27 17:50:05.335+0000 WARN  [o.n.k.a.p.GlobalProcedures] Failed to load `com.neo4j.gds.shaded.io.netty.handler.ssl.ConscryptAlpnSslEngine$ServerEngine$1` from plugin jar `/plugins/graph-data-science.jar`: java.lang.NoClassDefFoundError: com/neo4j/gds/shaded/org/conscrypt/HandshakeListener
2025-12-27 17:50:05.916+0000 WARN  [o.n.k.a.p.GlobalProcedures] Failed to load `com.neo4j.gds.metrics.AuraBackupFailureMetric` from plugin jar `/plugins/graph-data-science.jar`: java.lang.NoClassDefFoundError: io/prometheus/client/SimpleCollector
2025-12-27 17:50:05.971+0000 WARN  [o.n.k.a.p.GlobalProcedures] Failed to load `com.neo4j.gds.metrics.algorithms.PrometheusMetricsForAlgorithmsProvider` from plugin jar `/plugins/graph-data-science.jar`: java.lang.NoClassDefFoundError: io/prometheus/client/Counter
2025-12-27 17:50:06.318+0000 WARN  [o.n.k.a.p.GlobalProcedures] Failed to load `com.neo4j.gds.shaded.io.netty.handler.codec.compression.StandardCompressionOptions` from plugin jar `/plugins/graph-data-science.jar`: java.lang.NoClassDefFoundError: com/neo4j/gds/shaded/com/aayushatharva/brotli4j/encoder/Encoder$Parameters
2025-12-27 17:50:06.363+0000 WARN  [o.n.k.a.p.GlobalProcedures] Failed to load `org.apache.commons.logging.impl.LogKitLogger` from plugin jar `/plugins/apoc.jar`: java.lang.NoClassDefFoundError: org/apache/log/Logger
2025-12-27 17:50:06.590+0000 WARN  [o.n.k.a.p.GlobalProcedures] Failed to load `com.neo4j.gds.shaded.io.netty.handler.codec.marshalling.UnmarshallerProvider` from plugin jar `/plugins/graph-data-science.jar`: java.lang.NoClassDefFoundError: com/neo4j/gds/shaded/org/jboss/marshalling/Unmarshaller
2025-12-27 17:50:06.663+0000 WARN  [o.n.k.a.p.GlobalProcedures] Failed to load `com.neo4j.gds.shaded.io.netty.handler.codec.compression.Lz4FrameEncoder` from plugin jar `/plugins/graph-data-science.jar`: java.lang.NoClassDefFoundError: net/jpountz/lz4/LZ4Exception
2025-12-27 17:50:06.801+0000 WARN  [o.n.k.a.p.GlobalProcedures] Failed to load `com.neo4j.gds.shaded.io.netty.handler.ssl.ConscryptAlpnSslEngine$BufferAdapter` from plugin jar `/plugins/graph-data-science.jar`: java.lang.NoClassDefFoundError: com/neo4j/gds/shaded/org/conscrypt/AllocatedBuffer
2025-12-27 17:50:06.849+0000 WARN  [o.n.k.a.p.GlobalProcedures] Failed to load `org.neo4j.gds.compat._520.InMemoryStorageEngineFactory` from plugin jar `/plugins/graph-data-science.jar`: java.lang.NoClassDefFoundError: org/neo4j/storageengine/api/StoreFormatLimits
2025-12-27 17:50:07.347+0000 WARN  [o.n.k.a.p.GlobalProcedures] Failed to load `org.neo4j.gds.compat._44.InMemoryVersionCheck` from plugin jar `/plugins/graph-data-science.jar`: java.lang.NoClassDefFoundError: org/neo4j/storageengine/api/StoreVersionCheck$Result
2025-12-27 17:50:07.473+0000 WARN  [o.n.k.a.p.GlobalProcedures] Failed to load `apoc.util.s3.S3URLConnection` from plugin jar `/plugins/apoc.jar`: java.lang.NoClassDefFoundError: com/amazonaws/ClientConfiguration
2025-12-27 17:50:07.519+0000 WARN  [o.n.k.a.p.GlobalProcedures] Failed to load `com.jayway.jsonpath.spi.json.JakartaJsonProvider$JsonObjectProxy` from plugin jar `/plugins/apoc.jar`: java.lang.NoClassDefFoundError: jakarta/json/JsonObject
2025-12-27 17:50:07.695+0000 WARN  [o.n.k.a.p.GlobalProcedures] Failed to load `com.neo4j.gds.shaded.io.netty.handler.codec.compression.LzfEncoder` from plugin jar `/plugins/graph-data-science.jar`: java.lang.NoClassDefFoundError: com/neo4j/gds/shaded/com/ning/compress/lzf/ChunkEncoder
2025-12-27 17:50:07.724+0000 WARN  [o.n.k.a.p.GlobalProcedures] Failed to load `com.neo4j.gds.shaded.io.netty.handler.codec.compression.BrotliDecoder` from plugin jar `/plugins/graph-data-science.jar`: java.lang.NoClassDefFoundError: com/neo4j/gds/shaded/com/aayushatharva/brotli4j/decoder/DecoderJNI$Wrapper
2025-12-27 17:50:07.948+0000 WARN  [o.n.k.a.p.GlobalProcedures] Failed to load `META-INF.versions.9.module-info` from plugin jar `/plugins/apoc.jar`: java.lang.NoClassDefFoundError: META-INF/versions/9/module-info is not a class because access_flag ACC_MODULE is set
2025-12-27 17:50:08.036+0000 WARN  [o.n.k.a.p.GlobalProcedures] Failed to load `com.neo4j.gds.shaded.com.fasterxml.jackson.databind.ext.DOMSerializer` from plugin jar `/plugins/graph-data-science.jar`: java.lang.NoClassDefFoundError: com/neo4j/gds/shaded/org/w3c/dom/Node
2025-12-27 17:50:08.207+0000 WARN  [o.n.k.a.p.GlobalProcedures] Failed to load `com.neo4j.gds.shaded.io.netty.handler.ssl.BouncyCastlePemReader` from plugin jar `/plugins/graph-data-science.jar`: java.lang.NoClassDefFoundError: com/neo4j/gds/shaded/org/bouncycastle/openssl/PEMParser
2025-12-27 17:50:08.249+0000 WARN  [o.n.k.a.p.GlobalProcedures] Failed to load `com.neo4j.gds.metrics.CreatedModelsMetric` from plugin jar `/plugins/graph-data-science.jar`: java.lang.NoClassDefFoundError: io/prometheus/client/SimpleCollector
2025-12-27 17:50:08.387+0000 WARN  [o.n.k.a.p.GlobalProcedures] Failed to load `com.jayway.jsonpath.spi.mapper.GsonMappingProvider$1` from plugin jar `/plugins/apoc.jar`: java.lang.NoClassDefFoundError: com/google/gson/Gson
2025-12-27 17:50:08.388+0000 WARN  [o.n.k.a.p.GlobalProcedures] Failed to load `com.jayway.jsonpath.spi.mapper.GsonMappingProvider$2` from plugin jar `/plugins/apoc.jar`: java.lang.NoClassDefFoundError: com/google/gson/Gson
2025-12-27 17:50:08.478+0000 WARN  [o.n.k.a.p.GlobalProcedures] Failed to load `com.neo4j.gds.shaded.io.netty.handler.codec.marshalling.ThreadLocalMarshallerProvider` from plugin jar `/plugins/graph-data-science.jar`: java.lang.NoClassDefFoundError: com/neo4j/gds/shaded/org/jboss/marshalling/Marshaller
2025-12-27 17:50:08.540+0000 WARN  [o.n.k.a.p.GlobalProcedures] Failed to load `com.neo4j.gds.shaded.org.apache.arrow.flight.impl.FlightServiceGrpc$FlightServiceBlockingV2Stub` from plugin jar `/plugins/graph-data-science.jar`: java.lang.NoClassDefFoundError: com/neo4j/gds/shaded/io/grpc/stub/BlockingClientCall
2025-12-27 17:50:08.719+0000 WARN  [o.n.k.a.p.GlobalProcedures] Failed to load `com.neo4j.gds.shaded.io.netty.util.internal.logging.CommonsLogger` from plugin jar `/plugins/graph-data-science.jar`: java.lang.NoClassDefFoundError: com/neo4j/gds/shaded/org/apache/commons/logging/Log
2025-12-27 17:50:08.723+0000 WARN  [o.n.k.a.p.GlobalProcedures] Failed to load `com.neo4j.gds.shaded.io.netty.handler.ssl.ConscryptAlpnSslEngine$BufferAllocatorAdapter` from plugin jar `/plugins/graph-data-science.jar`: java.lang.NoClassDefFoundError: com/neo4j/gds/shaded/org/conscrypt/BufferAllocator
2025-12-27 17:50:08.806+0000 WARN  [o.n.k.a.p.GlobalProcedures] Failed to load `com.jayway.jsonpath.spi.mapper.JakartaMappingProvider$JsonArrayScope` from plugin jar `/plugins/apoc.jar`: java.lang.NoClassDefFoundError: jakarta/json/JsonValue
2025-12-27 17:50:09.011+0000 WARN  [o.n.k.a.p.GlobalProcedures] Failed to load `com.neo4j.gds.shaded.io.netty.handler.ssl.JettyNpnSslEngine` from plugin jar `/plugins/graph-data-science.jar`: java.lang.NoClassDefFoundError: com/neo4j/gds/shaded/org/eclipse/jetty/npn/NextProtoNego$Provider
2025-12-27 17:50:09.217+0000 WARN  [o.n.k.a.p.GlobalProcedures] Failed to load `apoc.util.google.cloud.GCStorageURLConnection` from plugin jar `/plugins/apoc.jar`: java.lang.NoClassDefFoundError: com/google/cloud/storage/Storage
2025-12-27 17:50:09.588+0000 WARN  [o.n.k.a.p.GlobalProcedures] Failed to load `com.neo4j.gds.metrics.ShutdownTimeMetric$Listener` from plugin jar `/plugins/graph-data-science.jar`: java.lang.NoClassDefFoundError: io/prometheus/client/Histogram
2025-12-27 17:50:09.589+0000 WARN  [o.n.k.a.p.GlobalProcedures] Failed to load `com.neo4j.gds.metrics.AuraBackupTimeMetric$Listener` from plugin jar `/plugins/graph-data-science.jar`: java.lang.NoClassDefFoundError: io/prometheus/client/Histogram
2025-12-27 17:50:09.598+0000 WARN  [o.n.k.a.p.GlobalProcedures] Failed to load `com.neo4j.gds.metrics.PrometheusExecutionMetricRegistrar` from plugin jar `/plugins/graph-data-science.jar`: java.lang.NoClassDefFoundError: io/prometheus/client/Counter
2025-12-27 17:50:09.684+0000 WARN  [o.n.k.a.p.GlobalProcedures] Failed to load `com.neo4j.gds.shaded.com.fasterxml.jackson.databind.ext.DOMDeserializer$DocumentDeserializer` from plugin jar `/plugins/graph-data-science.jar`: java.lang.NoClassDefFoundError: com/neo4j/gds/shaded/org/w3c/dom/Document
2025-12-27 17:50:09.689+0000 WARN  [o.n.k.a.p.GlobalProcedures] Failed to load `com.neo4j.gds.shaded.io.netty.handler.codec.compression.Lz4XXHash32` from plugin jar `/plugins/graph-data-science.jar`: java.lang.NoClassDefFoundError: net/jpountz/xxhash/XXHash32
2025-12-27 17:50:09.784+0000 WARN  [o.n.k.a.p.GlobalProcedures] Failed to load `org.neo4j.gds.compat._512.InMemoryVersionCheck` from plugin jar `/plugins/graph-data-science.jar`: java.lang.NoClassDefFoundError: org/neo4j/storageengine/api/StoreVersionCheck$MigrationCheckResult
2025-12-27 17:50:09.793+0000 WARN  [o.n.k.a.p.GlobalProcedures] Failed to load `com.neo4j.gds.shaded.io.netty.handler.codec.compression.ZlibUtil` from plugin jar `/plugins/graph-data-science.jar`: java.lang.NoClassDefFoundError: com/neo4j/gds/shaded/com/jcraft/jzlib/Inflater
2025-12-27 17:50:09.854+0000 WARN  [o.n.k.a.p.GlobalProcedures] Failed to load `org.neo4j.gds.compat._44.Neo4jProxyImpl$8` from plugin jar `/plugins/graph-data-science.jar`: java.lang.NoClassDefFoundError: org/neo4j/common/DependencyResolver$Adapter
2025-12-27 17:50:09.859+0000 WARN  [o.n.k.a.p.GlobalProcedures] Failed to load `org.neo4j.gds.compat._511.Neo4jProxyImpl$2` from plugin jar `/plugins/graph-data-science.jar`: java.lang.NoClassDefFoundError: org/neo4j/common/DependencyResolver$Adapter
2025-12-27 17:50:10.124+0000 WARN  [o.n.k.a.p.GlobalProcedures] Failed to load `com.neo4j.gds.shaded.io.netty.handler.codec.marshalling.CompatibleMarshallingEncoder` from plugin jar `/plugins/graph-data-science.jar`: java.lang.NoClassDefFoundError: com/neo4j/gds/shaded/org/jboss/marshalling/ByteOutput
2025-12-27 17:50:10.137+0000 WARN  [o.n.k.a.p.GlobalProcedures] Failed to load `com.neo4j.gds.shaded.io.netty.handler.ssl.util.BouncyCastleSelfSignedCertGenerator` from plugin jar `/plugins/graph-data-science.jar`: java.lang.NoClassDefFoundError: com/neo4j/gds/shaded/org/bouncycastle/cert/X509v3CertificateBuilder
2025-12-27 17:50:10.285+0000 WARN  [o.n.k.a.p.GlobalProcedures] Failed to load `com.neo4j.gds.shaded.io.netty.handler.codec.marshalling.ChannelBufferByteInput` from plugin jar `/plugins/graph-data-science.jar`: java.lang.NoClassDefFoundError: com/neo4j/gds/shaded/org/jboss/marshalling/ByteInput
2025-12-27 17:50:10.852+0000 WARN  [o.n.k.a.p.GlobalProcedures] Failed to load `com.jayway.jsonpath.spi.mapper.JakartaMappingProvider$JsonStructureToParserAdapter` from plugin jar `/plugins/apoc.jar`: java.lang.NoClassDefFoundError: jakarta/json/stream/JsonParser
2025-12-27 17:50:10.868+0000 WARN  [o.n.k.a.p.GlobalProcedures] Failed to load `com.neo4j.gds.shaded.io.netty.handler.codec.compression.BrotliEncoder$Writer` from plugin jar `/plugins/graph-data-science.jar`: java.lang.NoClassDefFoundError: com/neo4j/gds/shaded/com/aayushatharva/brotli4j/encoder/BrotliEncoderChannel
2025-12-27 17:50:11.040+0000 WARN  [o.n.k.a.p.GlobalProcedures] Failed to load `com.neo4j.gds.ClusterExporterBuilderCatalog$DelegatingEnterpriseLoginContext` from plugin jar `/plugins/graph-data-science.jar`: java.lang.NoClassDefFoundError: com/neo4j/kernel/enterprise/api/security/EnterpriseLoginContext
2025-12-27 17:50:11.082+0000 WARN  [o.n.k.a.p.GlobalProcedures] Failed to load `org.apache.commons.logging.impl.Log4JLogger` from plugin jar `/plugins/apoc.jar`: java.lang.NoClassDefFoundError: org/apache/log4j/Priority
2025-12-27 17:50:11.367+0000 WARN  [o.n.k.a.p.GlobalProcedures] Failed to load `com.neo4j.gds.core.write.CypherRelationshipExporterBuilder` from plugin jar `/plugins/graph-data-science.jar`: java.lang.NoClassDefFoundError: com/neo4j/kernel/enterprise/api/security/EnterpriseLoginContext
2025-12-27 17:50:11.455+0000 WARN  [o.n.k.a.p.GlobalProcedures] Failed to load `com.neo4j.gds.shaded.io.netty.util.internal.logging.Log4JLogger` from plugin jar `/plugins/graph-data-science.jar`: java.lang.NoClassDefFoundError: com/neo4j/gds/shaded/org/apache/log4j/Priority
2025-12-27 17:50:11.474+0000 WARN  [o.n.k.a.p.GlobalProcedures] Failed to load `org.neo4j.gds.compat._44.InMemoryStorageEngineFactory` from plugin jar `/plugins/graph-data-science.jar`: java.lang.NoClassDefFoundError: org/neo4j/storageengine/migration/RollingUpgradeCompatibility
2025-12-27 17:50:11.769+0000 WARN  [o.n.k.a.p.GlobalProcedures] Failed to load `com.jayway.jsonpath.spi.mapper.JakartaMappingProvider` from plugin jar `/plugins/apoc.jar`: java.lang.NoClassDefFoundError: jakarta/json/stream/JsonParser
2025-12-27 17:50:11.779+0000 WARN  [o.n.k.a.p.GlobalProcedures] Failed to load `com.jayway.jsonpath.spi.json.GsonJsonProvider` from plugin jar `/plugins/apoc.jar`: java.lang.NoClassDefFoundError: com/google/gson/JsonElement
2025-12-27 17:50:11.817+0000 WARN  [o.n.k.a.p.GlobalProcedures] Failed to load `com.neo4j.gds.shaded.io.netty.handler.ssl.JettyAlpnSslEngine$ClientEngine` from plugin jar `/plugins/graph-data-science.jar`: java.lang.NoClassDefFoundError: com/neo4j/gds/shaded/org/eclipse/jetty/alpn/ALPN$Provider
2025-12-27 17:50:11.911+0000 WARN  [o.n.k.a.p.GlobalProcedures] Failed to load `com.neo4j.gds.metrics.RestoreFailureMetric$Listener` from plugin jar `/plugins/graph-data-science.jar`: java.lang.NoClassDefFoundError: io/prometheus/client/Counter
2025-12-27 17:50:12.055+0000 WARN  [o.n.k.a.p.GlobalProcedures] Failed to load `org.neo4j.gds.compat._519.InMemoryStorageEngineFactory` from plugin jar `/plugins/graph-data-science.jar`: java.lang.NoClassDefFoundError: org/neo4j/storageengine/api/StoreFormatLimits
2025-12-27 17:50:12.292+0000 WARN  [o.n.k.a.p.GlobalProcedures] Failed to load `com.neo4j.gds.core.write.CypherRelationshipStreamExporter` from plugin jar `/plugins/graph-data-science.jar`: java.lang.NoClassDefFoundError: com/neo4j/kernel/enterprise/api/security/EnterpriseLoginContext
2025-12-27 17:50:12.316+0000 WARN  [o.n.k.a.p.GlobalProcedures] Failed to load `com.neo4j.gds.shaded.io.netty.util.internal.logging.Log4J2Logger` from plugin jar `/plugins/graph-data-science.jar`: java.lang.NoClassDefFoundError: com/neo4j/gds/shaded/org/apache/logging/log4j/spi/ExtendedLoggerWrapper
2025-12-27 17:50:12.422+0000 WARN  [o.n.k.a.p.GlobalProcedures] Failed to load `com.neo4j.gds.shaded.org.reflections.serializers.XmlSerializer` from plugin jar `/plugins/graph-data-science.jar`: java.lang.NoClassDefFoundError: com/neo4j/gds/shaded/org/dom4j/Element
2025-12-27 17:50:12.472+0000 WARN  [o.n.k.a.p.GlobalProcedures] Failed to load `com.neo4j.gds.metrics.ShutdownFailureMetric$Listener` from plugin jar `/plugins/graph-data-science.jar`: java.lang.NoClassDefFoundError: io/prometheus/client/Counter
2025-12-27 17:50:12.555+0000 WARN  [o.n.k.a.p.GlobalProcedures] Failed to load `com.neo4j.gds.shaded.io.netty.handler.codec.marshalling.CompatibleMarshallingDecoder` from plugin jar `/plugins/graph-data-science.jar`: java.lang.NoClassDefFoundError: com/neo4j/gds/shaded/org/jboss/marshalling/ByteInput
2025-12-27 17:50:12.660+0000 WARN  [o.n.k.a.p.GlobalProcedures] gds.alpha.pipeline.nodeRegression.configureSplit is unavailable because it is sandboxed and has dependencies outside of the sandbox. Sandboxing is controlled by the dbms.security.procedures.unrestricted setting. Only unrestrict procedures you can trust with access to database internals.
2025-12-27 17:50:12.670+0000 WARN  [o.n.k.a.p.GlobalProcedures] gds.k1coloring.write is unavailable because it is sandboxed and has dependencies outside of the sandbox. Sandboxing is controlled by the dbms.security.procedures.unrestricted setting. Only unrestrict procedures you can trust with access to database internals.
2025-12-27 17:50:12.671+0000 WARN  [o.n.k.a.p.GlobalProcedures] gds.k1coloring.write.estimate is unavailable because it is sandboxed and has dependencies outside of the sandbox. Sandboxing is controlled by the dbms.security.procedures.unrestricted setting. Only unrestrict procedures you can trust with access to database internals.
2025-12-27 17:50:12.673+0000 WARN  [o.n.k.a.p.GlobalProcedures] gds.beta.k1coloring.write is unavailable because it is sandboxed and has dependencies outside of the sandbox. Sandboxing is controlled by the dbms.security.procedures.unrestricted setting. Only unrestrict procedures you can trust with access to database internals.
2025-12-27 17:50:12.674+0000 WARN  [o.n.k.a.p.GlobalProcedures] gds.beta.k1coloring.write.estimate is unavailable because it is sandboxed and has dependencies outside of the sandbox. Sandboxing is controlled by the dbms.security.procedures.unrestricted setting. Only unrestrict procedures you can trust with access to database internals.
2025-12-27 17:50:12.720+0000 WARN  [o.n.k.a.p.GlobalProcedures] gds.beta.pipeline.nodeClassification.predict.mutate.estimate is unavailable because it is sandboxed and has dependencies outside of the sandbox. Sandboxing is controlled by the dbms.security.procedures.unrestricted setting. Only unrestrict procedures you can trust with access to database internals.
2025-12-27 17:50:12.722+0000 WARN  [o.n.k.a.p.GlobalProcedures] gds.beta.pipeline.nodeClassification.predict.mutate is unavailable because it is sandboxed and has dependencies outside of the sandbox. Sandboxing is controlled by the dbms.security.procedures.unrestricted setting. Only unrestrict procedures you can trust with access to database internals.
2025-12-27 17:50:12.847+0000 WARN  [o.n.k.a.p.GlobalProcedures] gds.model.store is unavailable because it is sandboxed and has dependencies outside of the sandbox. Sandboxing is controlled by the dbms.security.procedures.unrestricted setting. Only unrestrict procedures you can trust with access to database internals.
2025-12-27 17:50:12.847+0000 WARN  [o.n.k.a.p.GlobalProcedures] gds.alpha.model.store is unavailable because it is sandboxed and has dependencies outside of the sandbox. Sandboxing is controlled by the dbms.security.procedures.unrestricted setting. Only unrestrict procedures you can trust with access to database internals.
2025-12-27 17:50:12.853+0000 WARN  [o.n.k.a.p.GlobalProcedures] gds.dfs.mutate.estimate is unavailable because it is sandboxed and has dependencies outside of the sandbox. Sandboxing is controlled by the dbms.security.procedures.unrestricted setting. Only unrestrict procedures you can trust with access to database internals.
2025-12-27 17:50:12.855+0000 WARN  [o.n.k.a.p.GlobalProcedures] gds.dfs.mutate is unavailable because it is sandboxed and has dependencies outside of the sandbox. Sandboxing is controlled by the dbms.security.procedures.unrestricted setting. Only unrestrict procedures you can trust with access to database internals.
2025-12-27 17:50:12.875+0000 WARN  [o.n.k.a.p.GlobalProcedures] gds.beta.pipeline.linkPrediction.configureSplit is unavailable because it is sandboxed and has dependencies outside of the sandbox. Sandboxing is controlled by the dbms.security.procedures.unrestricted setting. Only unrestrict procedures you can trust with access to database internals.
2025-12-27 17:50:12.904+0000 WARN  [o.n.k.a.p.GlobalProcedures] gds.beta.pipeline.linkPrediction.addRandomForest is unavailable because it is sandboxed and has dependencies outside of the sandbox. Sandboxing is controlled by the dbms.security.procedures.unrestricted setting. Only unrestrict procedures you can trust with access to database internals.
2025-12-27 17:50:12.906+0000 WARN  [o.n.k.a.p.GlobalProcedures] gds.beta.pipeline.linkPrediction.addLogisticRegression is unavailable because it is sandboxed and has dependencies outside of the sandbox. Sandboxing is controlled by the dbms.security.procedures.unrestricted setting. Only unrestrict procedures you can trust with access to database internals.
2025-12-27 17:50:12.907+0000 WARN  [o.n.k.a.p.GlobalProcedures] gds.alpha.pipeline.linkPrediction.addRandomForest is unavailable because it is sandboxed and has dependencies outside of the sandbox. Sandboxing is controlled by the dbms.security.procedures.unrestricted setting. Only unrestrict procedures you can trust with access to database internals.
2025-12-27 17:50:12.908+0000 WARN  [o.n.k.a.p.GlobalProcedures] gds.alpha.pipeline.linkPrediction.addMLP is unavailable because it is sandboxed and has dependencies outside of the sandbox. Sandboxing is controlled by the dbms.security.procedures.unrestricted setting. Only unrestrict procedures you can trust with access to database internals.
2025-12-27 17:50:12.937+0000 WARN  [o.n.k.a.p.GlobalProcedures] gds.modularityOptimization.write is unavailable because it is sandboxed and has dependencies outside of the sandbox. Sandboxing is controlled by the dbms.security.procedures.unrestricted setting. Only unrestrict procedures you can trust with access to database internals.
2025-12-27 17:50:12.937+0000 WARN  [o.n.k.a.p.GlobalProcedures] gds.modularityOptimization.write.estimate is unavailable because it is sandboxed and has dependencies outside of the sandbox. Sandboxing is controlled by the dbms.security.procedures.unrestricted setting. Only unrestrict procedures you can trust with access to database internals.
2025-12-27 17:50:12.939+0000 WARN  [o.n.k.a.p.GlobalProcedures] gds.beta.modularityOptimization.write is unavailable because it is sandboxed and has dependencies outside of the sandbox. Sandboxing is controlled by the dbms.security.procedures.unrestricted setting. Only unrestrict procedures you can trust with access to database internals.
2025-12-27 17:50:12.939+0000 WARN  [o.n.k.a.p.GlobalProcedures] gds.beta.modularityOptimization.write.estimate is unavailable because it is sandboxed and has dependencies outside of the sandbox. Sandboxing is controlled by the dbms.security.procedures.unrestricted setting. Only unrestrict procedures you can trust with access to database internals.
2025-12-27 17:50:12.941+0000 WARN  [o.n.k.a.p.GlobalProcedures] gds.pipeline.drop is unavailable because it is sandboxed and has dependencies outside of the sandbox. Sandboxing is controlled by the dbms.security.procedures.unrestricted setting. Only unrestrict procedures you can trust with access to database internals.
2025-12-27 17:50:12.942+0000 WARN  [o.n.k.a.p.GlobalProcedures] gds.beta.pipeline.drop is unavailable because it is sandboxed and has dependencies outside of the sandbox. Sandboxing is controlled by the dbms.security.procedures.unrestricted setting. Only unrestrict procedures you can trust with access to database internals.
2025-12-27 17:50:12.958+0000 WARN  [o.n.k.a.p.GlobalProcedures] gds.kmeans.write is unavailable because it is sandboxed and has dependencies outside of the sandbox. Sandboxing is controlled by the dbms.security.procedures.unrestricted setting. Only unrestrict procedures you can trust with access to database internals.
2025-12-27 17:50:12.959+0000 WARN  [o.n.k.a.p.GlobalProcedures] gds.kmeans.write.estimate is unavailable because it is sandboxed and has dependencies outside of the sandbox. Sandboxing is controlled by the dbms.security.procedures.unrestricted setting. Only unrestrict procedures you can trust with access to database internals.
2025-12-27 17:50:12.960+0000 WARN  [o.n.k.a.p.GlobalProcedures] gds.beta.kmeans.write is unavailable because it is sandboxed and has dependencies outside of the sandbox. Sandboxing is controlled by the dbms.security.procedures.unrestricted setting. Only unrestrict procedures you can trust with access to database internals.
2025-12-27 17:50:12.961+0000 WARN  [o.n.k.a.p.GlobalProcedures] gds.beta.kmeans.write.estimate is unavailable because it is sandboxed and has dependencies outside of the sandbox. Sandboxing is controlled by the dbms.security.procedures.unrestricted setting. Only unrestrict procedures you can trust with access to database internals.
2025-12-27 17:50:12.963+0000 WARN  [o.n.k.a.p.GlobalProcedures] gds.alpha.hits.stats is unavailable because it is sandboxed and has dependencies outside of the sandbox. Sandboxing is controlled by the dbms.security.procedures.unrestricted setting. Only unrestrict procedures you can trust with access to database internals.
2025-12-27 17:50:12.964+0000 WARN  [o.n.k.a.p.GlobalProcedures] gds.alpha.hits.stats.estimate is unavailable because it is sandboxed and has dependencies outside of the sandbox. Sandboxing is controlled by the dbms.security.procedures.unrestricted setting. Only unrestrict procedures you can trust with access to database internals.
2025-12-27 17:50:13.038+0000 WARN  [o.n.k.a.p.GlobalProcedures] gds.steinerTree.stream.estimate is unavailable because it is sandboxed and has dependencies outside of the sandbox. Sandboxing is controlled by the dbms.security.procedures.unrestricted setting. Only unrestrict procedures you can trust with access to database internals.
2025-12-27 17:50:13.040+0000 WARN  [o.n.k.a.p.GlobalProcedures] gds.steinerTree.stream is unavailable because it is sandboxed and has dependencies outside of the sandbox. Sandboxing is controlled by the dbms.security.procedures.unrestricted setting. Only unrestrict procedures you can trust with access to database internals.
2025-12-27 17:50:13.041+0000 WARN  [o.n.k.a.p.GlobalProcedures] gds.beta.steinerTree.stream is unavailable because it is sandboxed and has dependencies outside of the sandbox. Sandboxing is controlled by the dbms.security.procedures.unrestricted setting. Only unrestrict procedures you can trust with access to database internals.
2025-12-27 17:50:13.097+0000 WARN  [o.n.k.a.p.GlobalProcedures] gds.bellmanFord.mutate.estimate is unavailable because it is sandboxed and has dependencies outside of the sandbox. Sandboxing is controlled by the dbms.security.procedures.unrestricted setting. Only unrestrict procedures you can trust with access to database internals.
2025-12-27 17:50:13.099+0000 WARN  [o.n.k.a.p.GlobalProcedures] gds.bellmanFord.mutate is unavailable because it is sandboxed and has dependencies outside of the sandbox. Sandboxing is controlled by the dbms.security.procedures.unrestricted setting. Only unrestrict procedures you can trust with access to database internals.
2025-12-27 17:50:13.101+0000 WARN  [o.n.k.a.p.GlobalProcedures] gds.alpha.model.publish is unavailable because it is sandboxed and has dependencies outside of the sandbox. Sandboxing is controlled by the dbms.security.procedures.unrestricted setting. Only unrestrict procedures you can trust with access to database internals.
2025-12-27 17:50:13.102+0000 WARN  [o.n.k.a.p.GlobalProcedures] gds.model.publish is unavailable because it is sandboxed and has dependencies outside of the sandbox. Sandboxing is controlled by the dbms.security.procedures.unrestricted setting. Only unrestrict procedures you can trust with access to database internals.
2025-12-27 17:50:13.119+0000 WARN  [o.n.k.a.p.GlobalProcedures] gds.k1coloring.mutate.estimate is unavailable because it is sandboxed and has dependencies outside of the sandbox. Sandboxing is controlled by the dbms.security.procedures.unrestricted setting. Only unrestrict procedures you can trust with access to database internals.
2025-12-27 17:50:13.121+0000 WARN  [o.n.k.a.p.GlobalProcedures] gds.k1coloring.mutate is unavailable because it is sandboxed and has dependencies outside of the sandbox. Sandboxing is controlled by the dbms.security.procedures.unrestricted setting. Only unrestrict procedures you can trust with access to database internals.
2025-12-27 17:50:13.122+0000 WARN  [o.n.k.a.p.GlobalProcedures] gds.beta.k1coloring.mutate.estimate is unavailable because it is sandboxed and has dependencies outside of the sandbox. Sandboxing is controlled by the dbms.security.procedures.unrestricted setting. Only unrestrict procedures you can trust with access to database internals.
2025-12-27 17:50:13.123+0000 WARN  [o.n.k.a.p.GlobalProcedures] gds.beta.k1coloring.mutate is unavailable because it is sandboxed and has dependencies outside of the sandbox. Sandboxing is controlled by the dbms.security.procedures.unrestricted setting. Only unrestrict procedures you can trust with access to database internals.
2025-12-27 17:50:13.132+0000 WARN  [o.n.k.a.p.GlobalProcedures] gds.degree.stats is unavailable because it is sandboxed and has dependencies outside of the sandbox. Sandboxing is controlled by the dbms.security.procedures.unrestricted setting. Only unrestrict procedures you can trust with access to database internals.
2025-12-27 17:50:13.133+0000 WARN  [o.n.k.a.p.GlobalProcedures] gds.degree.stats.estimate is unavailable because it is sandboxed and has dependencies outside of the sandbox. Sandboxing is controlled by the dbms.security.procedures.unrestricted setting. Only unrestrict procedures you can trust with access to database internals.
2025-12-27 17:50:13.141+0000 WARN  [o.n.k.a.p.GlobalProcedures] gds.util.asNode is unavailable because it is sandboxed and has dependencies outside of the sandbox. Sandboxing is controlled by the dbms.security.procedures.unrestricted setting. Only unrestrict procedures you can trust with access to database internals.
2025-12-27 17:50:13.142+0000 WARN  [o.n.k.a.p.GlobalProcedures] gds.util.asNodes is unavailable because it is sandboxed and has dependencies outside of the sandbox. Sandboxing is controlled by the dbms.security.procedures.unrestricted setting. Only unrestrict procedures you can trust with access to database internals.
2025-12-27 17:50:13.144+0000 WARN  [o.n.k.a.p.GlobalProcedures] gds.ml.kge.predict.stream is unavailable because it is sandboxed and has dependencies outside of the sandbox. Sandboxing is controlled by the dbms.security.procedures.unrestricted setting. Only unrestrict procedures you can trust with access to database internals.
2025-12-27 17:50:13.158+0000 WARN  [o.n.k.a.p.GlobalProcedures] gds.beta.pipeline.nodeClassification.predict.write is unavailable because it is sandboxed and has dependencies outside of the sandbox. Sandboxing is controlled by the dbms.security.procedures.unrestricted setting. Only unrestrict procedures you can trust with access to database internals.
2025-12-27 17:50:13.159+0000 WARN  [o.n.k.a.p.GlobalProcedures] gds.beta.pipeline.nodeClassification.predict.write.estimate is unavailable because it is sandboxed and has dependencies outside of the sandbox. Sandboxing is controlled by the dbms.security.procedures.unrestricted setting. Only unrestrict procedures you can trust with access to database internals.
2025-12-27 17:50:13.163+0000 WARN  [o.n.k.a.p.GlobalProcedures] gds.beta.spanningTree.mutate is unavailable because it is sandboxed and has dependencies outside of the sandbox. Sandboxing is controlled by the dbms.security.procedures.unrestricted setting. Only unrestrict procedures you can trust with access to database internals.
2025-12-27 17:50:13.163+0000 WARN  [o.n.k.a.p.GlobalProcedures] gds.spanningTree.mutate.estimate is unavailable because it is sandboxed and has dependencies outside of the sandbox. Sandboxing is controlled by the dbms.security.procedures.unrestricted setting. Only unrestrict procedures you can trust with access to database internals.
2025-12-27 17:50:13.164+0000 WARN  [o.n.k.a.p.GlobalProcedures] gds.beta.spanningTree.mutate.estimate is unavailable because it is sandboxed and has dependencies outside of the sandbox. Sandboxing is controlled by the dbms.security.procedures.unrestricted setting. Only unrestrict procedures you can trust with access to database internals.
2025-12-27 17:50:13.165+0000 WARN  [o.n.k.a.p.GlobalProcedures] gds.spanningTree.mutate is unavailable because it is sandboxed and has dependencies outside of the sandbox. Sandboxing is controlled by the dbms.security.procedures.unrestricted setting. Only unrestrict procedures you can trust with access to database internals.
2025-12-27 17:50:13.167+0000 WARN  [o.n.k.a.p.GlobalProcedures] gds.alpha.sllpa.mutate.estimate is unavailable because it is sandboxed and has dependencies outside of the sandbox. Sandboxing is controlled by the dbms.security.procedures.unrestricted setting. Only unrestrict procedures you can trust with access to database internals.
2025-12-27 17:50:13.169+0000 WARN  [o.n.k.a.p.GlobalProcedures] gds.alpha.sllpa.mutate is unavailable because it is sandboxed and has dependencies outside of the sandbox. Sandboxing is controlled by the dbms.security.procedures.unrestricted setting. Only unrestrict procedures you can trust with access to database internals.
2025-12-27 17:50:13.181+0000 WARN  [o.n.k.a.p.GlobalProcedures] gds.allShortestPaths.delta.mutate is unavailable because it is sandboxed and has dependencies outside of the sandbox. Sandboxing is controlled by the dbms.security.procedures.unrestricted setting. Only unrestrict procedures you can trust with access to database internals.
2025-12-27 17:50:13.182+0000 WARN  [o.n.k.a.p.GlobalProcedures] gds.allShortestPaths.delta.mutate.estimate is unavailable because it is sandboxed and has dependencies outside of the sandbox. Sandboxing is controlled by the dbms.security.procedures.unrestricted setting. Only unrestrict procedures you can trust with access to database internals.
2025-12-27 17:50:13.201+0000 WARN  [o.n.k.a.p.GlobalProcedures] gds.alpha.pipeline.nodeClassification.configureAutoTuning is unavailable because it is sandboxed and has dependencies outside of the sandbox. Sandboxing is controlled by the dbms.security.procedures.unrestricted setting. Only unrestrict procedures you can trust with access to database internals.
2025-12-27 17:50:13.220+0000 WARN  [o.n.k.a.p.GlobalProcedures] gds.alpha.sllpa.stats is unavailable because it is sandboxed and has dependencies outside of the sandbox. Sandboxing is controlled by the dbms.security.procedures.unrestricted setting. Only unrestrict procedures you can trust with access to database internals.
2025-12-27 17:50:13.220+0000 WARN  [o.n.k.a.p.GlobalProcedures] gds.alpha.sllpa.stats.estimate is unavailable because it is sandboxed and has dependencies outside of the sandbox. Sandboxing is controlled by the dbms.security.procedures.unrestricted setting. Only unrestrict procedures you can trust with access to database internals.
2025-12-27 17:50:13.248+0000 WARN  [o.n.k.a.p.GlobalProcedures] gds.beta.leiden.stream is unavailable because it is sandboxed and has dependencies outside of the sandbox. Sandboxing is controlled by the dbms.security.procedures.unrestricted setting. Only unrestrict procedures you can trust with access to database internals.
2025-12-27 17:50:13.249+0000 WARN  [o.n.k.a.p.GlobalProcedures] gds.leiden.stream is unavailable because it is sandboxed and has dependencies outside of the sandbox. Sandboxing is controlled by the dbms.security.procedures.unrestricted setting. Only unrestrict procedures you can trust with access to database internals.
2025-12-27 17:50:13.250+0000 WARN  [o.n.k.a.p.GlobalProcedures] gds.leiden.stream.estimate is unavailable because it is sandboxed and has dependencies outside of the sandbox. Sandboxing is controlled by the dbms.security.procedures.unrestricted setting. Only unrestrict procedures you can trust with access to database internals.
2025-12-27 17:50:13.250+0000 WARN  [o.n.k.a.p.GlobalProcedures] gds.beta.leiden.stream.estimate is unavailable because it is sandboxed and has dependencies outside of the sandbox. Sandboxing is controlled by the dbms.security.procedures.unrestricted setting. Only unrestrict procedures you can trust with access to database internals.
2025-12-27 17:50:13.253+0000 WARN  [o.n.k.a.p.GlobalProcedures] gds.alpha.hits.mutate.estimate is unavailable because it is sandboxed and has dependencies outside of the sandbox. Sandboxing is controlled by the dbms.security.procedures.unrestricted setting. Only unrestrict procedures you can trust with access to database internals.
2025-12-27 17:50:13.255+0000 WARN  [o.n.k.a.p.GlobalProcedures] gds.alpha.hits.mutate is unavailable because it is sandboxed and has dependencies outside of the sandbox. Sandboxing is controlled by the dbms.security.procedures.unrestricted setting. Only unrestrict procedures you can trust with access to database internals.
2025-12-27 17:50:13.261+0000 WARN  [o.n.k.a.p.GlobalProcedures] gds.alpha.restore is unavailable because it is sandboxed and has dependencies outside of the sandbox. Sandboxing is controlled by the dbms.security.procedures.unrestricted setting. Only unrestrict procedures you can trust with access to database internals.
2025-12-27 17:50:13.263+0000 WARN  [o.n.k.a.p.GlobalProcedures] gds.restore is unavailable because it is sandboxed and has dependencies outside of the sandbox. Sandboxing is controlled by the dbms.security.procedures.unrestricted setting. Only unrestrict procedures you can trust with access to database internals.
2025-12-27 17:50:13.311+0000 WARN  [o.n.k.a.p.GlobalProcedures] gds.dag.topologicalSort.stream is unavailable because it is sandboxed and has dependencies outside of the sandbox. Sandboxing is controlled by the dbms.security.procedures.unrestricted setting. Only unrestrict procedures you can trust with access to database internals.
2025-12-27 17:50:13.317+0000 WARN  [o.n.k.a.p.GlobalProcedures] gds.alpha.scaleProperties.mutate is unavailable because it is sandboxed and has dependencies outside of the sandbox. Sandboxing is controlled by the dbms.security.procedures.unrestricted setting. Only unrestrict procedures you can trust with access to database internals.
2025-12-27 17:50:13.317+0000 WARN  [o.n.k.a.p.GlobalProcedures] gds.scaleProperties.mutate.estimate is unavailable because it is sandboxed and has dependencies outside of the sandbox. Sandboxing is controlled by the dbms.security.procedures.unrestricted setting. Only unrestrict procedures you can trust with access to database internals.
2025-12-27 17:50:13.319+0000 WARN  [o.n.k.a.p.GlobalProcedures] gds.scaleProperties.mutate is unavailable because it is sandboxed and has dependencies outside of the sandbox. Sandboxing is controlled by the dbms.security.procedures.unrestricted setting. Only unrestrict procedures you can trust with access to database internals.
2025-12-27 17:50:13.320+0000 WARN  [o.n.k.a.p.GlobalProcedures] gds.beta.pipeline.nodeClassification.train.estimate is unavailable because it is sandboxed and has dependencies outside of the sandbox. Sandboxing is controlled by the dbms.security.procedures.unrestricted setting. Only unrestrict procedures you can trust with access to database internals.
2025-12-27 17:50:13.322+0000 WARN  [o.n.k.a.p.GlobalProcedures] gds.beta.pipeline.nodeClassification.train is unavailable because it is sandboxed and has dependencies outside of the sandbox. Sandboxing is controlled by the dbms.security.procedures.unrestricted setting. Only unrestrict procedures you can trust with access to database internals.
2025-12-27 17:50:13.324+0000 WARN  [o.n.k.a.p.GlobalProcedures] gds.ephemeral.database.drop is unavailable because it is sandboxed and has dependencies outside of the sandbox. Sandboxing is controlled by the dbms.security.procedures.unrestricted setting. Only unrestrict procedures you can trust with access to database internals.
2025-12-27 17:50:13.324+0000 WARN  [o.n.k.a.p.GlobalProcedures] gds.alpha.drop.cypherdb is unavailable because it is sandboxed and has dependencies outside of the sandbox. Sandboxing is controlled by the dbms.security.procedures.unrestricted setting. Only unrestrict procedures you can trust with access to database internals.
2025-12-27 17:50:13.335+0000 WARN  [o.n.k.a.p.GlobalProcedures] gds.beta.leiden.mutate is unavailable because it is sandboxed and has dependencies outside of the sandbox. Sandboxing is controlled by the dbms.security.procedures.unrestricted setting. Only unrestrict procedures you can trust with access to database internals.
2025-12-27 17:50:13.336+0000 WARN  [o.n.k.a.p.GlobalProcedures] gds.leiden.mutate.estimate is unavailable because it is sandboxed and has dependencies outside of the sandbox. Sandboxing is controlled by the dbms.security.procedures.unrestricted setting. Only unrestrict procedures you can trust with access to database internals.
2025-12-27 17:50:13.337+0000 WARN  [o.n.k.a.p.GlobalProcedures] gds.leiden.mutate is unavailable because it is sandboxed and has dependencies outside of the sandbox. Sandboxing is controlled by the dbms.security.procedures.unrestricted setting. Only unrestrict procedures you can trust with access to database internals.
2025-12-27 17:50:13.338+0000 WARN  [o.n.k.a.p.GlobalProcedures] gds.beta.leiden.mutate.estimate is unavailable because it is sandboxed and has dependencies outside of the sandbox. Sandboxing is controlled by the dbms.security.procedures.unrestricted setting. Only unrestrict procedures you can trust with access to database internals.
2025-12-27 17:50:13.341+0000 WARN  [o.n.k.a.p.GlobalProcedures] gds.degree.write is unavailable because it is sandboxed and has dependencies outside of the sandbox. Sandboxing is controlled by the dbms.security.procedures.unrestricted setting. Only unrestrict procedures you can trust with access to database internals.
2025-12-27 17:50:13.341+0000 WARN  [o.n.k.a.p.GlobalProcedures] gds.degree.write.estimate is unavailable because it is sandboxed and has dependencies outside of the sandbox. Sandboxing is controlled by the dbms.security.procedures.unrestricted setting. Only unrestrict procedures you can trust with access to database internals.
2025-12-27 17:50:13.366+0000 WARN  [o.n.k.a.p.GlobalProcedures] gds.hits.mutate.estimate is unavailable because it is sandboxed and has dependencies outside of the sandbox. Sandboxing is controlled by the dbms.security.procedures.unrestricted setting. Only unrestrict procedures you can trust with access to database internals.
2025-12-27 17:50:13.367+0000 WARN  [o.n.k.a.p.GlobalProcedures] gds.hits.mutate is unavailable because it is sandboxed and has dependencies outside of the sandbox. Sandboxing is controlled by the dbms.security.procedures.unrestricted setting. Only unrestrict procedures you can trust with access to database internals.
2025-12-27 17:50:13.382+0000 WARN  [o.n.k.a.p.GlobalProcedures] gds.alpha.model.load is unavailable because it is sandboxed and has dependencies outside of the sandbox. Sandboxing is controlled by the dbms.security.procedures.unrestricted setting. Only unrestrict procedures you can trust with access to database internals.
2025-12-27 17:50:13.382+0000 WARN  [o.n.k.a.p.GlobalProcedures] gds.model.load is unavailable because it is sandboxed and has dependencies outside of the sandbox. Sandboxing is controlled by the dbms.security.procedures.unrestricted setting. Only unrestrict procedures you can trust with access to database internals.
2025-12-27 17:50:13.397+0000 WARN  [o.n.k.a.p.GlobalProcedures] gds.alpha.scaleProperties.stream is unavailable because it is sandboxed and has dependencies outside of the sandbox. Sandboxing is controlled by the dbms.security.procedures.unrestricted setting. Only unrestrict procedures you can trust with access to database internals.
2025-12-27 17:50:13.399+0000 WARN  [o.n.k.a.p.GlobalProcedures] gds.scaleProperties.stream is unavailable because it is sandboxed and has dependencies outside of the sandbox. Sandboxing is controlled by the dbms.security.procedures.unrestricted setting. Only unrestrict procedures you can trust with access to database internals.
2025-12-27 17:50:13.399+0000 WARN  [o.n.k.a.p.GlobalProcedures] gds.scaleProperties.stream.estimate is unavailable because it is sandboxed and has dependencies outside of the sandbox. Sandboxing is controlled by the dbms.security.procedures.unrestricted setting. Only unrestrict procedures you can trust with access to database internals.
2025-12-27 17:50:13.406+0000 WARN  [o.n.k.a.p.GlobalProcedures] gds.beta.modularityOptimization.stream is unavailable because it is sandboxed and has dependencies outside of the sandbox. Sandboxing is controlled by the dbms.security.procedures.unrestricted setting. Only unrestrict procedures you can trust with access to database internals.
2025-12-27 17:50:13.408+0000 WARN  [o.n.k.a.p.GlobalProcedures] gds.modularityOptimization.stream is unavailable because it is sandboxed and has dependencies outside of the sandbox. Sandboxing is controlled by the dbms.security.procedures.unrestricted setting. Only unrestrict procedures you can trust with access to database internals.
2025-12-27 17:50:13.408+0000 WARN  [o.n.k.a.p.GlobalProcedures] gds.modularityOptimization.stream.estimate is unavailable because it is sandboxed and has dependencies outside of the sandbox. Sandboxing is controlled by the dbms.security.procedures.unrestricted setting. Only unrestrict procedures you can trust with access to database internals.
2025-12-27 17:50:13.409+0000 WARN  [o.n.k.a.p.GlobalProcedures] gds.beta.modularityOptimization.stream.estimate is unavailable because it is sandboxed and has dependencies outside of the sandbox. Sandboxing is controlled by the dbms.security.procedures.unrestricted setting. Only unrestrict procedures you can trust with access to database internals.
2025-12-27 17:50:13.411+0000 WARN  [o.n.k.a.p.GlobalProcedures] gds.alpha.maxkcut.mutate is unavailable because it is sandboxed and has dependencies outside of the sandbox. Sandboxing is controlled by the dbms.security.procedures.unrestricted setting. Only unrestrict procedures you can trust with access to database internals.
2025-12-27 17:50:13.411+0000 WARN  [o.n.k.a.p.GlobalProcedures] gds.alpha.maxkcut.mutate.estimate is unavailable because it is sandboxed and has dependencies outside of the sandbox. Sandboxing is controlled by the dbms.security.procedures.unrestricted setting. Only unrestrict procedures you can trust with access to database internals.
2025-12-27 17:50:13.411+0000 WARN  [o.n.k.a.p.GlobalProcedures] gds.maxkcut.mutate.estimate is unavailable because it is sandboxed and has dependencies outside of the sandbox. Sandboxing is controlled by the dbms.security.procedures.unrestricted setting. Only unrestrict procedures you can trust with access to database internals.
2025-12-27 17:50:13.412+0000 WARN  [o.n.k.a.p.GlobalProcedures] gds.maxkcut.mutate is unavailable because it is sandboxed and has dependencies outside of the sandbox. Sandboxing is controlled by the dbms.security.procedures.unrestricted setting. Only unrestrict procedures you can trust with access to database internals.
2025-12-27 17:50:13.414+0000 WARN  [o.n.k.a.p.GlobalProcedures] gds.beta.kmeans.stats is unavailable because it is sandboxed and has dependencies outside of the sandbox. Sandboxing is controlled by the dbms.security.procedures.unrestricted setting. Only unrestrict procedures you can trust with access to database internals.
2025-12-27 17:50:13.415+0000 WARN  [o.n.k.a.p.GlobalProcedures] gds.kmeans.stats is unavailable because it is sandboxed and has dependencies outside of the sandbox. Sandboxing is controlled by the dbms.security.procedures.unrestricted setting. Only unrestrict procedures you can trust with access to database internals.
2025-12-27 17:50:13.415+0000 WARN  [o.n.k.a.p.GlobalProcedures] gds.kmeans.stats.estimate is unavailable because it is sandboxed and has dependencies outside of the sandbox. Sandboxing is controlled by the dbms.security.procedures.unrestricted setting. Only unrestrict procedures you can trust with access to database internals.
2025-12-27 17:50:13.416+0000 WARN  [o.n.k.a.p.GlobalProcedures] gds.beta.kmeans.stats.estimate is unavailable because it is sandboxed and has dependencies outside of the sandbox. Sandboxing is controlled by the dbms.security.procedures.unrestricted setting. Only unrestrict procedures you can trust with access to database internals.
2025-12-27 17:50:13.416+0000 WARN  [o.n.k.a.p.GlobalProcedures] gds.alpha.pipeline.nodeRegression.addRandomForest is unavailable because it is sandboxed and has dependencies outside of the sandbox. Sandboxing is controlled by the dbms.security.procedures.unrestricted setting. Only unrestrict procedures you can trust with access to database internals.
2025-12-27 17:50:13.417+0000 WARN  [o.n.k.a.p.GlobalProcedures] gds.alpha.pipeline.nodeRegression.addLinearRegression is unavailable because it is sandboxed and has dependencies outside of the sandbox. Sandboxing is controlled by the dbms.security.procedures.unrestricted setting. Only unrestrict procedures you can trust with access to database internals.
2025-12-27 17:50:13.460+0000 WARN  [o.n.k.a.p.GlobalProcedures] gds.alpha.knn.filtered.mutate is unavailable because it is sandboxed and has dependencies outside of the sandbox. Sandboxing is controlled by the dbms.security.procedures.unrestricted setting. Only unrestrict procedures you can trust with access to database internals.
2025-12-27 17:50:13.461+0000 WARN  [o.n.k.a.p.GlobalProcedures] gds.knn.filtered.mutate.estimate is unavailable because it is sandboxed and has dependencies outside of the sandbox. Sandboxing is controlled by the dbms.security.procedures.unrestricted setting. Only unrestrict procedures you can trust with access to database internals.
2025-12-27 17:50:13.462+0000 WARN  [o.n.k.a.p.GlobalProcedures] gds.knn.filtered.mutate is unavailable because it is sandboxed and has dependencies outside of the sandbox. Sandboxing is controlled by the dbms.security.procedures.unrestricted setting. Only unrestrict procedures you can trust with access to database internals.
2025-12-27 17:50:13.464+0000 WARN  [o.n.k.a.p.GlobalProcedures] gds.wcc.stats is unavailable because it is sandboxed and has dependencies outside of the sandbox. Sandboxing is controlled by the dbms.security.procedures.unrestricted setting. Only unrestrict procedures you can trust with access to database internals.
2025-12-27 17:50:13.465+0000 WARN  [o.n.k.a.p.GlobalProcedures] gds.wcc.stats.estimate is unavailable because it is sandboxed and has dependencies outside of the sandbox. Sandboxing is controlled by the dbms.security.procedures.unrestricted setting. Only unrestrict procedures you can trust with access to database internals.
2025-12-27 17:50:13.477+0000 WARN  [o.n.k.a.p.GlobalProcedures] gds.beta.k1coloring.stats is unavailable because it is sandboxed and has dependencies outside of the sandbox. Sandboxing is controlled by the dbms.security.procedures.unrestricted setting. Only unrestrict procedures you can trust with access to database internals.
2025-12-27 17:50:13.479+0000 WARN  [o.n.k.a.p.GlobalProcedures] gds.k1coloring.stats is unavailable because it is sandboxed and has dependencies outside of the sandbox. Sandboxing is controlled by the dbms.security.procedures.unrestricted setting. Only unrestrict procedures you can trust with access to database internals.
2025-12-27 17:50:13.479+0000 WARN  [o.n.k.a.p.GlobalProcedures] gds.k1coloring.stats.estimate is unavailable because it is sandboxed and has dependencies outside of the sandbox. Sandboxing is controlled by the dbms.security.procedures.unrestricted setting. Only unrestrict procedures you can trust with access to database internals.
2025-12-27 17:50:13.479+0000 WARN  [o.n.k.a.p.GlobalProcedures] gds.beta.k1coloring.stats.estimate is unavailable because it is sandboxed and has dependencies outside of the sandbox. Sandboxing is controlled by the dbms.security.procedures.unrestricted setting. Only unrestrict procedures you can trust with access to database internals.
2025-12-27 17:50:13.482+0000 WARN  [o.n.k.a.p.GlobalProcedures] gds.sllpa.stream is unavailable because it is sandboxed and has dependencies outside of the sandbox. Sandboxing is controlled by the dbms.security.procedures.unrestricted setting. Only unrestrict procedures you can trust with access to database internals.
2025-12-27 17:50:13.482+0000 WARN  [o.n.k.a.p.GlobalProcedures] gds.sllpa.stream.estimate is unavailable because it is sandboxed and has dependencies outside of the sandbox. Sandboxing is controlled by the dbms.security.procedures.unrestricted setting. Only unrestrict procedures you can trust with access to database internals.
2025-12-27 17:50:13.513+0000 WARN  [o.n.k.a.p.GlobalProcedures] gds.alpha.allShortestPaths.stream is unavailable because it is sandboxed and has dependencies outside of the sandbox. Sandboxing is controlled by the dbms.security.procedures.unrestricted setting. Only unrestrict procedures you can trust with access to database internals.
2025-12-27 17:50:13.514+0000 WARN  [o.n.k.a.p.GlobalProcedures] gds.allShortestPaths.stream is unavailable because it is sandboxed and has dependencies outside of the sandbox. Sandboxing is controlled by the dbms.security.procedures.unrestricted setting. Only unrestrict procedures you can trust with access to database internals.
2025-12-27 17:50:13.515+0000 WARN  [o.n.k.a.p.GlobalProcedures] gds.randomWalk.stats is unavailable because it is sandboxed and has dependencies outside of the sandbox. Sandboxing is controlled by the dbms.security.procedures.unrestricted setting. Only unrestrict procedures you can trust with access to database internals.
2025-12-27 17:50:13.516+0000 WARN  [o.n.k.a.p.GlobalProcedures] gds.randomWalk.stats.estimate is unavailable because it is sandboxed and has dependencies outside of the sandbox. Sandboxing is controlled by the dbms.security.procedures.unrestricted setting. Only unrestrict procedures you can trust with access to database internals.
2025-12-27 17:50:13.518+0000 WARN  [o.n.k.a.p.GlobalProcedures] gds.alpha.nodeSimilarity.filtered.write.estimate is unavailable because it is sandboxed and has dependencies outside of the sandbox. Sandboxing is controlled by the dbms.security.procedures.unrestricted setting. Only unrestrict procedures you can trust with access to database internals.
2025-12-27 17:50:13.519+0000 WARN  [o.n.k.a.p.GlobalProcedures] gds.alpha.nodeSimilarity.filtered.write is unavailable because it is sandboxed and has dependencies outside of the sandbox. Sandboxing is controlled by the dbms.security.procedures.unrestricted setting. Only unrestrict procedures you can trust with access to database internals.
2025-12-27 17:50:13.520+0000 WARN  [o.n.k.a.p.GlobalProcedures] gds.nodeSimilarity.filtered.write is unavailable because it is sandboxed and has dependencies outside of the sandbox. Sandboxing is controlled by the dbms.security.procedures.unrestricted setting. Only unrestrict procedures you can trust with access to database internals.
2025-12-27 17:50:13.521+0000 WARN  [o.n.k.a.p.GlobalProcedures] gds.nodeSimilarity.filtered.write.estimate is unavailable because it is sandboxed and has dependencies outside of the sandbox. Sandboxing is controlled by the dbms.security.procedures.unrestricted setting. Only unrestrict procedures you can trust with access to database internals.
2025-12-27 17:50:13.531+0000 WARN  [o.n.k.a.p.GlobalProcedures] gds.bfs.stream.estimate is unavailable because it is sandboxed and has dependencies outside of the sandbox. Sandboxing is controlled by the dbms.security.procedures.unrestricted setting. Only unrestrict procedures you can trust with access to database internals.
2025-12-27 17:50:13.532+0000 WARN  [o.n.k.a.p.GlobalProcedures] gds.bfs.stream is unavailable because it is sandboxed and has dependencies outside of the sandbox. Sandboxing is controlled by the dbms.security.procedures.unrestricted setting. Only unrestrict procedures you can trust with access to database internals.
2025-12-27 17:50:13.536+0000 WARN  [o.n.k.a.p.GlobalProcedures] gds.collapsePath.mutate is unavailable because it is sandboxed and has dependencies outside of the sandbox. Sandboxing is controlled by the dbms.security.procedures.unrestricted setting. Only unrestrict procedures you can trust with access to database internals.
2025-12-27 17:50:13.538+0000 WARN  [o.n.k.a.p.GlobalProcedures] gds.beta.collapsePath.mutate is unavailable because it is sandboxed and has dependencies outside of the sandbox. Sandboxing is controlled by the dbms.security.procedures.unrestricted setting. Only unrestrict procedures you can trust with access to database internals.
2025-12-27 17:50:13.557+0000 WARN  [o.n.k.a.p.GlobalProcedures] gds.beta.model.list is unavailable because it is sandboxed and has dependencies outside of the sandbox. Sandboxing is controlled by the dbms.security.procedures.unrestricted setting. Only unrestrict procedures you can trust with access to database internals.
2025-12-27 17:50:13.558+0000 WARN  [o.n.k.a.p.GlobalProcedures] gds.model.list is unavailable because it is sandboxed and has dependencies outside of the sandbox. Sandboxing is controlled by the dbms.security.procedures.unrestricted setting. Only unrestrict procedures you can trust with access to database internals.
2025-12-27 17:50:13.614+0000 WARN  [o.n.k.a.p.GlobalProcedures] gds.alpha.backup is unavailable because it is sandboxed and has dependencies outside of the sandbox. Sandboxing is controlled by the dbms.security.procedures.unrestricted setting. Only unrestrict procedures you can trust with access to database internals.
2025-12-27 17:50:13.619+0000 WARN  [o.n.k.a.p.GlobalProcedures] gds.backup is unavailable because it is sandboxed and has dependencies outside of the sandbox. Sandboxing is controlled by the dbms.security.procedures.unrestricted setting. Only unrestrict procedures you can trust with access to database internals.
2025-12-27 17:50:13.643+0000 WARN  [o.n.k.a.p.GlobalProcedures] gds.leiden.write is unavailable because it is sandboxed and has dependencies outside of the sandbox. Sandboxing is controlled by the dbms.security.procedures.unrestricted setting. Only unrestrict procedures you can trust with access to database internals.
2025-12-27 17:50:13.644+0000 WARN  [o.n.k.a.p.GlobalProcedures] gds.leiden.write.estimate is unavailable because it is sandboxed and has dependencies outside of the sandbox. Sandboxing is controlled by the dbms.security.procedures.unrestricted setting. Only unrestrict procedures you can trust with access to database internals.
2025-12-27 17:50:13.645+0000 WARN  [o.n.k.a.p.GlobalProcedures] gds.beta.leiden.write is unavailable because it is sandboxed and has dependencies outside of the sandbox. Sandboxing is controlled by the dbms.security.procedures.unrestricted setting. Only unrestrict procedures you can trust with access to database internals.
2025-12-27 17:50:13.645+0000 WARN  [o.n.k.a.p.GlobalProcedures] gds.beta.leiden.write.estimate is unavailable because it is sandboxed and has dependencies outside of the sandbox. Sandboxing is controlled by the dbms.security.procedures.unrestricted setting. Only unrestrict procedures you can trust with access to database internals.
2025-12-27 17:50:13.648+0000 WARN  [o.n.k.a.p.GlobalProcedures] gds.alpha.nodeSimilarity.filtered.mutate is unavailable because it is sandboxed and has dependencies outside of the sandbox. Sandboxing is controlled by the dbms.security.procedures.unrestricted setting. Only unrestrict procedures you can trust with access to database internals.
2025-12-27 17:50:13.648+0000 WARN  [o.n.k.a.p.GlobalProcedures] gds.alpha.nodeSimilarity.filtered.mutate.estimate is unavailable because it is sandboxed and has dependencies outside of the sandbox. Sandboxing is controlled by the dbms.security.procedures.unrestricted setting. Only unrestrict procedures you can trust with access to database internals.
2025-12-27 17:50:13.648+0000 WARN  [o.n.k.a.p.GlobalProcedures] gds.nodeSimilarity.filtered.mutate.estimate is unavailable because it is sandboxed and has dependencies outside of the sandbox. Sandboxing is controlled by the dbms.security.procedures.unrestricted setting. Only unrestrict procedures you can trust with access to database internals.
2025-12-27 17:50:13.649+0000 WARN  [o.n.k.a.p.GlobalProcedures] gds.nodeSimilarity.filtered.mutate is unavailable because it is sandboxed and has dependencies outside of the sandbox. Sandboxing is controlled by the dbms.security.procedures.unrestricted setting. Only unrestrict procedures you can trust with access to database internals.
2025-12-27 17:50:13.653+0000 WARN  [o.n.k.a.p.GlobalProcedures] gds.degree.stream is unavailable because it is sandboxed and has dependencies outside of the sandbox. Sandboxing is controlled by the dbms.security.procedures.unrestricted setting. Only unrestrict procedures you can trust with access to database internals.
2025-12-27 17:50:13.654+0000 WARN  [o.n.k.a.p.GlobalProcedures] gds.degree.stream.estimate is unavailable because it is sandboxed and has dependencies outside of the sandbox. Sandboxing is controlled by the dbms.security.procedures.unrestricted setting. Only unrestrict procedures you can trust with access to database internals.
2025-12-27 17:50:13.654+0000 WARN  [o.n.k.a.p.GlobalProcedures] gds.arrow.getRemoteToken is unavailable because it is sandboxed and has dependencies outside of the sandbox. Sandboxing is controlled by the dbms.security.procedures.unrestricted setting. Only unrestrict procedures you can trust with access to database internals.
2025-12-27 17:50:13.656+0000 WARN  [o.n.k.a.p.GlobalProcedures] gds.graph.project.remoteDb is unavailable because it is sandboxed and has dependencies outside of the sandbox. Sandboxing is controlled by the dbms.security.procedures.unrestricted setting. Only unrestrict procedures you can trust with access to database internals.
2025-12-27 17:50:13.671+0000 WARN  [o.n.k.a.p.GlobalProcedures] gds.alpha.linkprediction.resourceAllocation is unavailable because it is sandboxed and has dependencies outside of the sandbox. Sandboxing is controlled by the dbms.security.procedures.unrestricted setting. Only unrestrict procedures you can trust with access to database internals.
2025-12-27 17:50:13.672+0000 WARN  [o.n.k.a.p.GlobalProcedures] gds.alpha.linkprediction.preferentialAttachment is unavailable because it is sandboxed and has dependencies outside of the sandbox. Sandboxing is controlled by the dbms.security.procedures.unrestricted setting. Only unrestrict procedures you can trust with access to database internals.
2025-12-27 17:50:13.673+0000 WARN  [o.n.k.a.p.GlobalProcedures] gds.alpha.linkprediction.commonNeighbors is unavailable because it is sandboxed and has dependencies outside of the sandbox. Sandboxing is controlled by the dbms.security.procedures.unrestricted setting. Only unrestrict procedures you can trust with access to database internals.
2025-12-27 17:50:13.674+0000 WARN  [o.n.k.a.p.GlobalProcedures] gds.alpha.linkprediction.totalNeighbors is unavailable because it is sandboxed and has dependencies outside of the sandbox. Sandboxing is controlled by the dbms.security.procedures.unrestricted setting. Only unrestrict procedures you can trust with access to database internals.
2025-12-27 17:50:13.675+0000 WARN  [o.n.k.a.p.GlobalProcedures] gds.alpha.linkprediction.sameCommunity is unavailable because it is sandboxed and has dependencies outside of the sandbox. Sandboxing is controlled by the dbms.security.procedures.unrestricted setting. Only unrestrict procedures you can trust with access to database internals.
2025-12-27 17:50:13.675+0000 WARN  [o.n.k.a.p.GlobalProcedures] gds.alpha.linkprediction.adamicAdar is unavailable because it is sandboxed and has dependencies outside of the sandbox. Sandboxing is controlled by the dbms.security.procedures.unrestricted setting. Only unrestrict procedures you can trust with access to database internals.
2025-12-27 17:50:13.684+0000 WARN  [o.n.k.a.p.GlobalProcedures] gds.beta.pipeline.exists is unavailable because it is sandboxed and has dependencies outside of the sandbox. Sandboxing is controlled by the dbms.security.procedures.unrestricted setting. Only unrestrict procedures you can trust with access to database internals.
2025-12-27 17:50:13.685+0000 WARN  [o.n.k.a.p.GlobalProcedures] gds.pipeline.exists is unavailable because it is sandboxed and has dependencies outside of the sandbox. Sandboxing is controlled by the dbms.security.procedures.unrestricted setting. Only unrestrict procedures you can trust with access to database internals.
2025-12-27 17:50:13.689+0000 WARN  [o.n.k.a.p.GlobalProcedures] gds.dfs.stream is unavailable because it is sandboxed and has dependencies outside of the sandbox. Sandboxing is controlled by the dbms.security.procedures.unrestricted setting. Only unrestrict procedures you can trust with access to database internals.
2025-12-27 17:50:13.690+0000 WARN  [o.n.k.a.p.GlobalProcedures] gds.dfs.stream.estimate is unavailable because it is sandboxed and has dependencies outside of the sandbox. Sandboxing is controlled by the dbms.security.procedures.unrestricted setting. Only unrestrict procedures you can trust with access to database internals.
2025-12-27 17:50:13.691+0000 WARN  [o.n.k.a.p.GlobalProcedures] gds.pageRank.stream is unavailable because it is sandboxed and has dependencies outside of the sandbox. Sandboxing is controlled by the dbms.security.procedures.unrestricted setting. Only unrestrict procedures you can trust with access to database internals.
2025-12-27 17:50:13.692+0000 WARN  [o.n.k.a.p.GlobalProcedures] gds.pageRank.stream.estimate is unavailable because it is sandboxed and has dependencies outside of the sandbox. Sandboxing is controlled by the dbms.security.procedures.unrestricted setting. Only unrestrict procedures you can trust with access to database internals.
2025-12-27 17:50:13.698+0000 WARN  [o.n.k.a.p.GlobalProcedures] gds.allShortestPaths.delta.stats is unavailable because it is sandboxed and has dependencies outside of the sandbox. Sandboxing is controlled by the dbms.security.procedures.unrestricted setting. Only unrestrict procedures you can trust with access to database internals.
2025-12-27 17:50:13.698+0000 WARN  [o.n.k.a.p.GlobalProcedures] gds.allShortestPaths.delta.stats.estimate is unavailable because it is sandboxed and has dependencies outside of the sandbox. Sandboxing is controlled by the dbms.security.procedures.unrestricted setting. Only unrestrict procedures you can trust with access to database internals.
2025-12-27 17:50:13.720+0000 WARN  [o.n.k.a.p.GlobalProcedures] gds.beta.pipeline.nodeClassification.predict.stream is unavailable because it is sandboxed and has dependencies outside of the sandbox. Sandboxing is controlled by the dbms.security.procedures.unrestricted setting. Only unrestrict procedures you can trust with access to database internals.
2025-12-27 17:50:13.720+0000 WARN  [o.n.k.a.p.GlobalProcedures] gds.beta.pipeline.nodeClassification.predict.stream.estimate is unavailable because it is sandboxed and has dependencies outside of the sandbox. Sandboxing is controlled by the dbms.security.procedures.unrestricted setting. Only unrestrict procedures you can trust with access to database internals.
2025-12-27 17:50:13.728+0000 WARN  [o.n.k.a.p.GlobalProcedures] gds.labelPropagation.mutate.estimate is unavailable because it is sandboxed and has dependencies outside of the sandbox. Sandboxing is controlled by the dbms.security.procedures.unrestricted setting. Only unrestrict procedures you can trust with access to database internals.
2025-12-27 17:50:13.729+0000 WARN  [o.n.k.a.p.GlobalProcedures] gds.labelPropagation.mutate is unavailable because it is sandboxed and has dependencies outside of the sandbox. Sandboxing is controlled by the dbms.security.procedures.unrestricted setting. Only unrestrict procedures you can trust with access to database internals.
2025-12-27 17:50:13.731+0000 WARN  [o.n.k.a.p.GlobalProcedures] gds.alpha.pipeline.nodeRegression.create is unavailable because it is sandboxed and has dependencies outside of the sandbox. Sandboxing is controlled by the dbms.security.procedures.unrestricted setting. Only unrestrict procedures you can trust with access to database internals.
2025-12-27 17:50:13.777+0000 WARN  [o.n.k.a.p.GlobalProcedures] gds.alpha.knn.filtered.stats is unavailable because it is sandboxed and has dependencies outside of the sandbox. Sandboxing is controlled by the dbms.security.procedures.unrestricted setting. Only unrestrict procedures you can trust with access to database internals.
2025-12-27 17:50:13.778+0000 WARN  [o.n.k.a.p.GlobalProcedures] gds.knn.filtered.stats is unavailable because it is sandboxed and has dependencies outside of the sandbox. Sandboxing is controlled by the dbms.security.procedures.unrestricted setting. Only unrestrict procedures you can trust with access to database internals.
2025-12-27 17:50:13.779+0000 WARN  [o.n.k.a.p.GlobalProcedures] gds.knn.filtered.stats.estimate is unavailable because it is sandboxed and has dependencies outside of the sandbox. Sandboxing is controlled by the dbms.security.procedures.unrestricted setting. Only unrestrict procedures you can trust with access to database internals.
2025-12-27 17:50:13.782+0000 WARN  [o.n.k.a.p.GlobalProcedures] gds.allShortestPaths.delta.write is unavailable because it is sandboxed and has dependencies outside of the sandbox. Sandboxing is controlled by the dbms.security.procedures.unrestricted setting. Only unrestrict procedures you can trust with access to database internals.
2025-12-27 17:50:13.782+0000 WARN  [o.n.k.a.p.GlobalProcedures] gds.allShortestPaths.delta.write.estimate is unavailable because it is sandboxed and has dependencies outside of the sandbox. Sandboxing is controlled by the dbms.security.procedures.unrestricted setting. Only unrestrict procedures you can trust with access to database internals.
2025-12-27 17:50:13.783+0000 WARN  [o.n.k.a.p.GlobalProcedures] gds.ml.kge.predict.write is unavailable because it is sandboxed and has dependencies outside of the sandbox. Sandboxing is controlled by the dbms.security.procedures.unrestricted setting. Only unrestrict procedures you can trust with access to database internals.
2025-12-27 17:50:13.848+0000 WARN  [o.n.k.a.p.GlobalProcedures] gds.beta.pipeline.linkPrediction.create is unavailable because it is sandboxed and has dependencies outside of the sandbox. Sandboxing is controlled by the dbms.security.procedures.unrestricted setting. Only unrestrict procedures you can trust with access to database internals.
2025-12-27 17:50:13.864+0000 WARN  [o.n.k.a.p.GlobalProcedures] gds.beta.pipeline.nodeClassification.selectFeatures is unavailable because it is sandboxed and has dependencies outside of the sandbox. Sandboxing is controlled by the dbms.security.procedures.unrestricted setting. Only unrestrict procedures you can trust with access to database internals.
2025-12-27 17:50:13.864+0000 WARN  [o.n.k.a.p.GlobalProcedures] gds.beta.pipeline.nodeClassification.addNodeProperty is unavailable because it is sandboxed and has dependencies outside of the sandbox. Sandboxing is controlled by the dbms.security.procedures.unrestricted setting. Only unrestrict procedures you can trust with access to database internals.
2025-12-27 17:50:13.924+0000 WARN  [o.n.k.a.p.GlobalProcedures] gds.alpha.nodeSimilarity.filtered.stats.estimate is unavailable because it is sandboxed and has dependencies outside of the sandbox. Sandboxing is controlled by the dbms.security.procedures.unrestricted setting. Only unrestrict procedures you can trust with access to database internals.
2025-12-27 17:50:13.925+0000 WARN  [o.n.k.a.p.GlobalProcedures] gds.alpha.nodeSimilarity.filtered.stats is unavailable because it is sandboxed and has dependencies outside of the sandbox. Sandboxing is controlled by the dbms.security.procedures.unrestricted setting. Only unrestrict procedures you can trust with access to database internals.
2025-12-27 17:50:13.926+0000 WARN  [o.n.k.a.p.GlobalProcedures] gds.nodeSimilarity.filtered.stats is unavailable because it is sandboxed and has dependencies outside of the sandbox. Sandboxing is controlled by the dbms.security.procedures.unrestricted setting. Only unrestrict procedures you can trust with access to database internals.
2025-12-27 17:50:13.926+0000 WARN  [o.n.k.a.p.GlobalProcedures] gds.nodeSimilarity.filtered.stats.estimate is unavailable because it is sandboxed and has dependencies outside of the sandbox. Sandboxing is controlled by the dbms.security.procedures.unrestricted setting. Only unrestrict procedures you can trust with access to database internals.
2025-12-27 17:50:13.938+0000 WARN  [o.n.k.a.p.GlobalProcedures] gds.alpha.pipeline.nodeRegression.predict.mutate is unavailable because it is sandboxed and has dependencies outside of the sandbox. Sandboxing is controlled by the dbms.security.procedures.unrestricted setting. Only unrestrict procedures you can trust with access to database internals.
2025-12-27 17:50:13.964+0000 WARN  [o.n.k.a.p.GlobalProcedures] gds.beta.graph.relationships.toUndirected is unavailable because it is sandboxed and has dependencies outside of the sandbox. Sandboxing is controlled by the dbms.security.procedures.unrestricted setting. Only unrestrict procedures you can trust with access to database internals.
2025-12-27 17:50:13.965+0000 WARN  [o.n.k.a.p.GlobalProcedures] gds.beta.graph.relationships.toUndirected.estimate is unavailable because it is sandboxed and has dependencies outside of the sandbox. Sandboxing is controlled by the dbms.security.procedures.unrestricted setting. Only unrestrict procedures you can trust with access to database internals.
2025-12-27 17:50:13.965+0000 WARN  [o.n.k.a.p.GlobalProcedures] gds.graph.relationships.toUndirected.estimate is unavailable because it is sandboxed and has dependencies outside of the sandbox. Sandboxing is controlled by the dbms.security.procedures.unrestricted setting. Only unrestrict procedures you can trust with access to database internals.
2025-12-27 17:50:13.966+0000 WARN  [o.n.k.a.p.GlobalProcedures] gds.graph.relationships.toUndirected is unavailable because it is sandboxed and has dependencies outside of the sandbox. Sandboxing is controlled by the dbms.security.procedures.unrestricted setting. Only unrestrict procedures you can trust with access to database internals.
2025-12-27 17:50:13.976+0000 WARN  [o.n.k.a.p.GlobalProcedures] gds.alpha.pipeline.nodeRegression.train is unavailable because it is sandboxed and has dependencies outside of the sandbox. Sandboxing is controlled by the dbms.security.procedures.unrestricted setting. Only unrestrict procedures you can trust with access to database internals.
2025-12-27 17:50:13.986+0000 WARN  [o.n.k.a.p.GlobalProcedures] gds.bellmanFord.write is unavailable because it is sandboxed and has dependencies outside of the sandbox. Sandboxing is controlled by the dbms.security.procedures.unrestricted setting. Only unrestrict procedures you can trust with access to database internals.
2025-12-27 17:50:13.986+0000 WARN  [o.n.k.a.p.GlobalProcedures] gds.bellmanFord.write.estimate is unavailable because it is sandboxed and has dependencies outside of the sandbox. Sandboxing is controlled by the dbms.security.procedures.unrestricted setting. Only unrestrict procedures you can trust with access to database internals.
2025-12-27 17:50:13.990+0000 WARN  [o.n.k.a.p.GlobalProcedures] gds.dag.longestPath.stream is unavailable because it is sandboxed and has dependencies outside of the sandbox. Sandboxing is controlled by the dbms.security.procedures.unrestricted setting. Only unrestrict procedures you can trust with access to database internals.
2025-12-27 17:50:13.991+0000 WARN  [o.n.k.a.p.GlobalProcedures] gds.sllpa.stats is unavailable because it is sandboxed and has dependencies outside of the sandbox. Sandboxing is controlled by the dbms.security.procedures.unrestricted setting. Only unrestrict procedures you can trust with access to database internals.
2025-12-27 17:50:13.992+0000 WARN  [o.n.k.a.p.GlobalProcedures] gds.sllpa.stats.estimate is unavailable because it is sandboxed and has dependencies outside of the sandbox. Sandboxing is controlled by the dbms.security.procedures.unrestricted setting. Only unrestrict procedures you can trust with access to database internals.
2025-12-27 17:50:13.994+0000 WARN  [o.n.k.a.p.GlobalProcedures] gds.graph.relationships.indexInverse.estimate is unavailable because it is sandboxed and has dependencies outside of the sandbox. Sandboxing is controlled by the dbms.security.procedures.unrestricted setting. Only unrestrict procedures you can trust with access to database internals.
2025-12-27 17:50:13.995+0000 WARN  [o.n.k.a.p.GlobalProcedures] gds.graph.relationships.indexInverse is unavailable because it is sandboxed and has dependencies outside of the sandbox. Sandboxing is controlled by the dbms.security.procedures.unrestricted setting. Only unrestrict procedures you can trust with access to database internals.
2025-12-27 17:50:14.010+0000 WARN  [o.n.k.a.p.GlobalProcedures] gds.wcc.write is unavailable because it is sandboxed and has dependencies outside of the sandbox. Sandboxing is controlled by the dbms.security.procedures.unrestricted setting. Only unrestrict procedures you can trust with access to database internals.
2025-12-27 17:50:14.010+0000 WARN  [o.n.k.a.p.GlobalProcedures] gds.wcc.write.estimate is unavailable because it is sandboxed and has dependencies outside of the sandbox. Sandboxing is controlled by the dbms.security.procedures.unrestricted setting. Only unrestrict procedures you can trust with access to database internals.
2025-12-27 17:50:14.024+0000 WARN  [o.n.k.a.p.GlobalProcedures] gds.scaleProperties.stats is unavailable because it is sandboxed and has dependencies outside of the sandbox. Sandboxing is controlled by the dbms.security.procedures.unrestricted setting. Only unrestrict procedures you can trust with access to database internals.
2025-12-27 17:50:14.025+0000 WARN  [o.n.k.a.p.GlobalProcedures] gds.scaleProperties.stats.estimate is unavailable because it is sandboxed and has dependencies outside of the sandbox. Sandboxing is controlled by the dbms.security.procedures.unrestricted setting. Only unrestrict procedures you can trust with access to database internals.
2025-12-27 17:50:14.027+0000 WARN  [o.n.k.a.p.GlobalProcedures] gds.beta.pipeline.linkPrediction.train.estimate is unavailable because it is sandboxed and has dependencies outside of the sandbox. Sandboxing is controlled by the dbms.security.procedures.unrestricted setting. Only unrestrict procedures you can trust with access to database internals.
2025-12-27 17:50:14.028+0000 WARN  [o.n.k.a.p.GlobalProcedures] gds.beta.pipeline.linkPrediction.train is unavailable because it is sandboxed and has dependencies outside of the sandbox. Sandboxing is controlled by the dbms.security.procedures.unrestricted setting. Only unrestrict procedures you can trust with access to database internals.
2025-12-27 17:50:14.062+0000 WARN  [o.n.k.a.p.GlobalProcedures] gds.config.defaults.list is unavailable because it is sandboxed and has dependencies outside of the sandbox. Sandboxing is controlled by the dbms.security.procedures.unrestricted setting. Only unrestrict procedures you can trust with access to database internals.
2025-12-27 17:50:14.063+0000 WARN  [o.n.k.a.p.GlobalProcedures] gds.alpha.config.defaults.list is unavailable because it is sandboxed and has dependencies outside of the sandbox. Sandboxing is controlled by the dbms.security.procedures.unrestricted setting. Only unrestrict procedures you can trust with access to database internals.
2025-12-27 17:50:14.063+0000 WARN  [o.n.k.a.p.GlobalProcedures] gds.alpha.config.defaults.set is unavailable because it is sandboxed and has dependencies outside of the sandbox. Sandboxing is controlled by the dbms.security.procedures.unrestricted setting. Only unrestrict procedures you can trust with access to database internals.
2025-12-27 17:50:14.063+0000 WARN  [o.n.k.a.p.GlobalProcedures] gds.config.defaults.set is unavailable because it is sandboxed and has dependencies outside of the sandbox. Sandboxing is controlled by the dbms.security.procedures.unrestricted setting. Only unrestrict procedures you can trust with access to database internals.
2025-12-27 17:50:14.112+0000 WARN  [o.n.k.a.p.GlobalProcedures] gds.beta.pipeline.nodeClassification.addRandomForest is unavailable because it is sandboxed and has dependencies outside of the sandbox. Sandboxing is controlled by the dbms.security.procedures.unrestricted setting. Only unrestrict procedures you can trust with access to database internals.
2025-12-27 17:50:14.114+0000 WARN  [o.n.k.a.p.GlobalProcedures] gds.beta.pipeline.nodeClassification.addLogisticRegression is unavailable because it is sandboxed and has dependencies outside of the sandbox. Sandboxing is controlled by the dbms.security.procedures.unrestricted setting. Only unrestrict procedures you can trust with access to database internals.
2025-12-27 17:50:14.114+0000 WARN  [o.n.k.a.p.GlobalProcedures] gds.alpha.pipeline.nodeClassification.addRandomForest is unavailable because it is sandboxed and has dependencies outside of the sandbox. Sandboxing is controlled by the dbms.security.procedures.unrestricted setting. Only unrestrict procedures you can trust with access to database internals.
2025-12-27 17:50:14.115+0000 WARN  [o.n.k.a.p.GlobalProcedures] gds.alpha.pipeline.nodeClassification.addMLP is unavailable because it is sandboxed and has dependencies outside of the sandbox. Sandboxing is controlled by the dbms.security.procedures.unrestricted setting. Only unrestrict procedures you can trust with access to database internals.
2025-12-27 17:50:14.127+0000 WARN  [o.n.k.a.p.GlobalProcedures] gds.alpha.model.delete is unavailable because it is sandboxed and has dependencies outside of the sandbox. Sandboxing is controlled by the dbms.security.procedures.unrestricted setting. Only unrestrict procedures you can trust with access to database internals.
2025-12-27 17:50:14.127+0000 WARN  [o.n.k.a.p.GlobalProcedures] gds.model.delete is unavailable because it is sandboxed and has dependencies outside of the sandbox. Sandboxing is controlled by the dbms.security.procedures.unrestricted setting. Only unrestrict procedures you can trust with access to database internals.
2025-12-27 17:50:14.130+0000 WARN  [o.n.k.a.p.GlobalProcedures] gds.alpha.nodeSimilarity.filtered.stream is unavailable because it is sandboxed and has dependencies outside of the sandbox. Sandboxing is controlled by the dbms.security.procedures.unrestricted setting. Only unrestrict procedures you can trust with access to database internals.
2025-12-27 17:50:14.130+0000 WARN  [o.n.k.a.p.GlobalProcedures] gds.alpha.nodeSimilarity.filtered.stream.estimate is unavailable because it is sandboxed and has dependencies outside of the sandbox. Sandboxing is controlled by the dbms.security.procedures.unrestricted setting. Only unrestrict procedures you can trust with access to database internals.
2025-12-27 17:50:14.131+0000 WARN  [o.n.k.a.p.GlobalProcedures] gds.nodeSimilarity.filtered.stream is unavailable because it is sandboxed and has dependencies outside of the sandbox. Sandboxing is controlled by the dbms.security.procedures.unrestricted setting. Only unrestrict procedures you can trust with access to database internals.
2025-12-27 17:50:14.132+0000 WARN  [o.n.k.a.p.GlobalProcedures] gds.nodeSimilarity.filtered.stream.estimate is unavailable because it is sandboxed and has dependencies outside of the sandbox. Sandboxing is controlled by the dbms.security.procedures.unrestricted setting. Only unrestrict procedures you can trust with access to database internals.
2025-12-27 17:50:14.166+0000 WARN  [o.n.k.a.p.GlobalProcedures] gds.beta.graph.export.csv is unavailable because it is sandboxed and has dependencies outside of the sandbox. Sandboxing is controlled by the dbms.security.procedures.unrestricted setting. Only unrestrict procedures you can trust with access to database internals.
2025-12-27 17:50:14.167+0000 WARN  [o.n.k.a.p.GlobalProcedures] gds.beta.graph.export.csv.estimate is unavailable because it is sandboxed and has dependencies outside of the sandbox. Sandboxing is controlled by the dbms.security.procedures.unrestricted setting. Only unrestrict procedures you can trust with access to database internals.
2025-12-27 17:50:14.168+0000 WARN  [o.n.k.a.p.GlobalProcedures] gds.graph.export.csv.estimate is unavailable because it is sandboxed and has dependencies outside of the sandbox. Sandboxing is controlled by the dbms.security.procedures.unrestricted setting. Only unrestrict procedures you can trust with access to database internals.
2025-12-27 17:50:14.168+0000 WARN  [o.n.k.a.p.GlobalProcedures] gds.graph.export is unavailable because it is sandboxed and has dependencies outside of the sandbox. Sandboxing is controlled by the dbms.security.procedures.unrestricted setting. Only unrestrict procedures you can trust with access to database internals.
2025-12-27 17:50:14.169+0000 WARN  [o.n.k.a.p.GlobalProcedures] gds.graph.export.csv is unavailable because it is sandboxed and has dependencies outside of the sandbox. Sandboxing is controlled by the dbms.security.procedures.unrestricted setting. Only unrestrict procedures you can trust with access to database internals.
2025-12-27 17:50:14.196+0000 WARN  [o.n.k.a.p.GlobalProcedures] gds.alpha.create.cypherdb is unavailable because it is sandboxed and has dependencies outside of the sandbox. Sandboxing is controlled by the dbms.security.procedures.unrestricted setting. Only unrestrict procedures you can trust with access to database internals.
2025-12-27 17:50:14.197+0000 WARN  [o.n.k.a.p.GlobalProcedures] gds.ephemeral.database.create is unavailable because it is sandboxed and has dependencies outside of the sandbox. Sandboxing is controlled by the dbms.security.procedures.unrestricted setting. Only unrestrict procedures you can trust with access to database internals.
2025-12-27 17:50:14.223+0000 WARN  [o.n.k.a.p.GlobalProcedures] gds.steinerTree.write is unavailable because it is sandboxed and has dependencies outside of the sandbox. Sandboxing is controlled by the dbms.security.procedures.unrestricted setting. Only unrestrict procedures you can trust with access to database internals.
2025-12-27 17:50:14.224+0000 WARN  [o.n.k.a.p.GlobalProcedures] gds.steinerTree.write.estimate is unavailable because it is sandboxed and has dependencies outside of the sandbox. Sandboxing is controlled by the dbms.security.procedures.unrestricted setting. Only unrestrict procedures you can trust with access to database internals.
2025-12-27 17:50:14.225+0000 WARN  [o.n.k.a.p.GlobalProcedures] gds.beta.steinerTree.write is unavailable because it is sandboxed and has dependencies outside of the sandbox. Sandboxing is controlled by the dbms.security.procedures.unrestricted setting. Only unrestrict procedures you can trust with access to database internals.
2025-12-27 17:50:14.227+0000 WARN  [o.n.k.a.p.GlobalProcedures] gds.alpha.closeness.harmonic.write is unavailable because it is sandboxed and has dependencies outside of the sandbox. Sandboxing is controlled by the dbms.security.procedures.unrestricted setting. Only unrestrict procedures you can trust with access to database internals.
2025-12-27 17:50:14.227+0000 WARN  [o.n.k.a.p.GlobalProcedures] gds.closeness.harmonic.write is unavailable because it is sandboxed and has dependencies outside of the sandbox. Sandboxing is controlled by the dbms.security.procedures.unrestricted setting. Only unrestrict procedures you can trust with access to database internals.
2025-12-27 17:50:14.229+0000 WARN  [o.n.k.a.p.GlobalProcedures] gds.louvain.write is unavailable because it is sandboxed and has dependencies outside of the sandbox. Sandboxing is controlled by the dbms.security.procedures.unrestricted setting. Only unrestrict procedures you can trust with access to database internals.
2025-12-27 17:50:14.229+0000 WARN  [o.n.k.a.p.GlobalProcedures] gds.louvain.write.estimate is unavailable because it is sandboxed and has dependencies outside of the sandbox. Sandboxing is controlled by the dbms.security.procedures.unrestricted setting. Only unrestrict procedures you can trust with access to database internals.
2025-12-27 17:50:14.244+0000 WARN  [o.n.k.a.p.GlobalProcedures] gds.bfs.stats is unavailable because it is sandboxed and has dependencies outside of the sandbox. Sandboxing is controlled by the dbms.security.procedures.unrestricted setting. Only unrestrict procedures you can trust with access to database internals.
2025-12-27 17:50:14.244+0000 WARN  [o.n.k.a.p.GlobalProcedures] gds.bfs.stats.estimate is unavailable because it is sandboxed and has dependencies outside of the sandbox. Sandboxing is controlled by the dbms.security.procedures.unrestricted setting. Only unrestrict procedures you can trust with access to database internals.
2025-12-27 17:50:14.265+0000 WARN  [o.n.k.a.p.GlobalProcedures] gds.beta.pipeline.nodeClassification.create is unavailable because it is sandboxed and has dependencies outside of the sandbox. Sandboxing is controlled by the dbms.security.procedures.unrestricted setting. Only unrestrict procedures you can trust with access to database internals.
2025-12-27 17:50:14.279+0000 WARN  [o.n.k.a.p.GlobalProcedures] gds.beta.pipeline.list is unavailable because it is sandboxed and has dependencies outside of the sandbox. Sandboxing is controlled by the dbms.security.procedures.unrestricted setting. Only unrestrict procedures you can trust with access to database internals.
2025-12-27 17:50:14.280+0000 WARN  [o.n.k.a.p.GlobalProcedures] gds.pipeline.list is unavailable because it is sandboxed and has dependencies outside of the sandbox. Sandboxing is controlled by the dbms.security.procedures.unrestricted setting. Only unrestrict procedures you can trust with access to database internals.
2025-12-27 17:50:14.287+0000 WARN  [o.n.k.a.p.GlobalProcedures] gds.beta.pipeline.linkPrediction.addFeature is unavailable because it is sandboxed and has dependencies outside of the sandbox. Sandboxing is controlled by the dbms.security.procedures.unrestricted setting. Only unrestrict procedures you can trust with access to database internals.
2025-12-27 17:50:14.288+0000 WARN  [o.n.k.a.p.GlobalProcedures] gds.beta.pipeline.linkPrediction.addNodeProperty is unavailable because it is sandboxed and has dependencies outside of the sandbox. Sandboxing is controlled by the dbms.security.procedures.unrestricted setting. Only unrestrict procedures you can trust with access to database internals.
2025-12-27 17:50:14.292+0000 WARN  [o.n.k.a.p.GlobalProcedures] gds.beta.pipeline.linkPrediction.predict.stream is unavailable because it is sandboxed and has dependencies outside of the sandbox. Sandboxing is controlled by the dbms.security.procedures.unrestricted setting. Only unrestrict procedures you can trust with access to database internals.
2025-12-27 17:50:14.292+0000 WARN  [o.n.k.a.p.GlobalProcedures] gds.beta.pipeline.linkPrediction.predict.stream.estimate is unavailable because it is sandboxed and has dependencies outside of the sandbox. Sandboxing is controlled by the dbms.security.procedures.unrestricted setting. Only unrestrict procedures you can trust with access to database internals.
2025-12-27 17:50:14.372+0000 WARN  [o.n.k.a.p.GlobalProcedures] gds.beta.spanningTree.stream is unavailable because it is sandboxed and has dependencies outside of the sandbox. Sandboxing is controlled by the dbms.security.procedures.unrestricted setting. Only unrestrict procedures you can trust with access to database internals.
2025-12-27 17:50:14.372+0000 WARN  [o.n.k.a.p.GlobalProcedures] gds.spanningTree.stream.estimate is unavailable because it is sandboxed and has dependencies outside of the sandbox. Sandboxing is controlled by the dbms.security.procedures.unrestricted setting. Only unrestrict procedures you can trust with access to database internals.
2025-12-27 17:50:14.373+0000 WARN  [o.n.k.a.p.GlobalProcedures] gds.beta.spanningTree.stream.estimate is unavailable because it is sandboxed and has dependencies outside of the sandbox. Sandboxing is controlled by the dbms.security.procedures.unrestricted setting. Only unrestrict procedures you can trust with access to database internals.
2025-12-27 17:50:14.374+0000 WARN  [o.n.k.a.p.GlobalProcedures] gds.spanningTree.stream is unavailable because it is sandboxed and has dependencies outside of the sandbox. Sandboxing is controlled by the dbms.security.procedures.unrestricted setting. Only unrestrict procedures you can trust with access to database internals.
2025-12-27 17:50:14.378+0000 WARN  [o.n.k.a.p.GlobalProcedures] gds.beta.leiden.stats is unavailable because it is sandboxed and has dependencies outside of the sandbox. Sandboxing is controlled by the dbms.security.procedures.unrestricted setting. Only unrestrict procedures you can trust with access to database internals.
2025-12-27 17:50:14.379+0000 WARN  [o.n.k.a.p.GlobalProcedures] gds.leiden.stats is unavailable because it is sandboxed and has dependencies outside of the sandbox. Sandboxing is controlled by the dbms.security.procedures.unrestricted setting. Only unrestrict procedures you can trust with access to database internals.
2025-12-27 17:50:14.379+0000 WARN  [o.n.k.a.p.GlobalProcedures] gds.leiden.stats.estimate is unavailable because it is sandboxed and has dependencies outside of the sandbox. Sandboxing is controlled by the dbms.security.procedures.unrestricted setting. Only unrestrict procedures you can trust with access to database internals.
2025-12-27 17:50:14.380+0000 WARN  [o.n.k.a.p.GlobalProcedures] gds.beta.leiden.stats.estimate is unavailable because it is sandboxed and has dependencies outside of the sandbox. Sandboxing is controlled by the dbms.security.procedures.unrestricted setting. Only unrestrict procedures you can trust with access to database internals.
2025-12-27 17:50:14.411+0000 WARN  [o.n.k.a.p.GlobalProcedures] gds.ml.kge.predict.mutate is unavailable because it is sandboxed and has dependencies outside of the sandbox. Sandboxing is controlled by the dbms.security.procedures.unrestricted setting. Only unrestrict procedures you can trust with access to database internals.
2025-12-27 17:50:14.419+0000 WARN  [o.n.k.a.p.GlobalProcedures] gds.hits.write is unavailable because it is sandboxed and has dependencies outside of the sandbox. Sandboxing is controlled by the dbms.security.procedures.unrestricted setting. Only unrestrict procedures you can trust with access to database internals.
2025-12-27 17:50:14.419+0000 WARN  [o.n.k.a.p.GlobalProcedures] gds.hits.write.estimate is unavailable because it is sandboxed and has dependencies outside of the sandbox. Sandboxing is controlled by the dbms.security.procedures.unrestricted setting. Only unrestrict procedures you can trust with access to database internals.
2025-12-27 17:50:14.425+0000 WARN  [o.n.k.a.p.GlobalProcedures] gds.wcc.mutate.estimate is unavailable because it is sandboxed and has dependencies outside of the sandbox. Sandboxing is controlled by the dbms.security.procedures.unrestricted setting. Only unrestrict procedures you can trust with access to database internals.
2025-12-27 17:50:14.426+0000 WARN  [o.n.k.a.p.GlobalProcedures] gds.wcc.mutate is unavailable because it is sandboxed and has dependencies outside of the sandbox. Sandboxing is controlled by the dbms.security.procedures.unrestricted setting. Only unrestrict procedures you can trust with access to database internals.
2025-12-27 17:50:14.428+0000 WARN  [o.n.k.a.p.GlobalProcedures] gds.beta.steinerTree.stats is unavailable because it is sandboxed and has dependencies outside of the sandbox. Sandboxing is controlled by the dbms.security.procedures.unrestricted setting. Only unrestrict procedures you can trust with access to database internals.
2025-12-27 17:50:14.429+0000 WARN  [o.n.k.a.p.GlobalProcedures] gds.steinerTree.stats is unavailable because it is sandboxed and has dependencies outside of the sandbox. Sandboxing is controlled by the dbms.security.procedures.unrestricted setting. Only unrestrict procedures you can trust with access to database internals.
2025-12-27 17:50:14.429+0000 WARN  [o.n.k.a.p.GlobalProcedures] gds.steinerTree.stats.estimate is unavailable because it is sandboxed and has dependencies outside of the sandbox. Sandboxing is controlled by the dbms.security.procedures.unrestricted setting. Only unrestrict procedures you can trust with access to database internals.
2025-12-27 17:50:14.430+0000 WARN  [o.n.k.a.p.GlobalProcedures] gds.k1coloring.stream is unavailable because it is sandboxed and has dependencies outside of the sandbox. Sandboxing is controlled by the dbms.security.procedures.unrestricted setting. Only unrestrict procedures you can trust with access to database internals.
2025-12-27 17:50:14.431+0000 WARN  [o.n.k.a.p.GlobalProcedures] gds.k1coloring.stream.estimate is unavailable because it is sandboxed and has dependencies outside of the sandbox. Sandboxing is controlled by the dbms.security.procedures.unrestricted setting. Only unrestrict procedures you can trust with access to database internals.
2025-12-27 17:50:14.431+0000 WARN  [o.n.k.a.p.GlobalProcedures] gds.beta.k1coloring.stream.estimate is unavailable because it is sandboxed and has dependencies outside of the sandbox. Sandboxing is controlled by the dbms.security.procedures.unrestricted setting. Only unrestrict procedures you can trust with access to database internals.
2025-12-27 17:50:14.432+0000 WARN  [o.n.k.a.p.GlobalProcedures] gds.beta.k1coloring.stream is unavailable because it is sandboxed and has dependencies outside of the sandbox. Sandboxing is controlled by the dbms.security.procedures.unrestricted setting. Only unrestrict procedures you can trust with access to database internals.
2025-12-27 17:50:14.460+0000 WARN  [o.n.k.a.p.GlobalProcedures] gds.sllpa.write is unavailable because it is sandboxed and has dependencies outside of the sandbox. Sandboxing is controlled by the dbms.security.procedures.unrestricted setting. Only unrestrict procedures you can trust with access to database internals.
2025-12-27 17:50:14.461+0000 WARN  [o.n.k.a.p.GlobalProcedures] gds.sllpa.write.estimate is unavailable because it is sandboxed and has dependencies outside of the sandbox. Sandboxing is controlled by the dbms.security.procedures.unrestricted setting. Only unrestrict procedures you can trust with access to database internals.
2025-12-27 17:50:14.490+0000 WARN  [o.n.k.a.p.GlobalProcedures] gds.alpha.pipeline.linkPrediction.configureAutoTuning is unavailable because it is sandboxed and has dependencies outside of the sandbox. Sandboxing is controlled by the dbms.security.procedures.unrestricted setting. Only unrestrict procedures you can trust with access to database internals.
2025-12-27 17:50:14.492+0000 WARN  [o.n.k.a.p.GlobalProcedures] gds.scaleProperties.write is unavailable because it is sandboxed and has dependencies outside of the sandbox. Sandboxing is controlled by the dbms.security.procedures.unrestricted setting. Only unrestrict procedures you can trust with access to database internals.
2025-12-27 17:50:14.492+0000 WARN  [o.n.k.a.p.GlobalProcedures] gds.scaleProperties.write.estimate is unavailable because it is sandboxed and has dependencies outside of the sandbox. Sandboxing is controlled by the dbms.security.procedures.unrestricted setting. Only unrestrict procedures you can trust with access to database internals.
2025-12-27 17:50:14.557+0000 WARN  [o.n.k.a.p.GlobalProcedures] gds.bfs.mutate.estimate is unavailable because it is sandboxed and has dependencies outside of the sandbox. Sandboxing is controlled by the dbms.security.procedures.unrestricted setting. Only unrestrict procedures you can trust with access to database internals.
2025-12-27 17:50:14.558+0000 WARN  [o.n.k.a.p.GlobalProcedures] gds.bfs.mutate is unavailable because it is sandboxed and has dependencies outside of the sandbox. Sandboxing is controlled by the dbms.security.procedures.unrestricted setting. Only unrestrict procedures you can trust with access to database internals.
2025-12-27 17:50:14.571+0000 WARN  [o.n.k.a.p.GlobalProcedures] gds.alpha.pipeline.nodeRegression.configureAutoTuning is unavailable because it is sandboxed and has dependencies outside of the sandbox. Sandboxing is controlled by the dbms.security.procedures.unrestricted setting. Only unrestrict procedures you can trust with access to database internals.
2025-12-27 17:50:14.604+0000 WARN  [o.n.k.a.p.GlobalProcedures] gds.alpha.hits.stream is unavailable because it is sandboxed and has dependencies outside of the sandbox. Sandboxing is controlled by the dbms.security.procedures.unrestricted setting. Only unrestrict procedures you can trust with access to database internals.
2025-12-27 17:50:14.605+0000 WARN  [o.n.k.a.p.GlobalProcedures] gds.alpha.hits.stream.estimate is unavailable because it is sandboxed and has dependencies outside of the sandbox. Sandboxing is controlled by the dbms.security.procedures.unrestricted setting. Only unrestrict procedures you can trust with access to database internals.
2025-12-27 17:50:14.608+0000 WARN  [o.n.k.a.p.GlobalProcedures] gds.kcore.write.estimate is unavailable because it is sandboxed and has dependencies outside of the sandbox. Sandboxing is controlled by the dbms.security.procedures.unrestricted setting. Only unrestrict procedures you can trust with access to database internals.
2025-12-27 17:50:14.610+0000 WARN  [o.n.k.a.p.GlobalProcedures] gds.kcore.write is unavailable because it is sandboxed and has dependencies outside of the sandbox. Sandboxing is controlled by the dbms.security.procedures.unrestricted setting. Only unrestrict procedures you can trust with access to database internals.
2025-12-27 17:50:14.612+0000 WARN  [o.n.k.a.p.GlobalProcedures] gds.alpha.systemMonitor is unavailable because it is sandboxed and has dependencies outside of the sandbox. Sandboxing is controlled by the dbms.security.procedures.unrestricted setting. Only unrestrict procedures you can trust with access to database internals.
2025-12-27 17:50:14.612+0000 WARN  [o.n.k.a.p.GlobalProcedures] gds.systemMonitor is unavailable because it is sandboxed and has dependencies outside of the sandbox. Sandboxing is controlled by the dbms.security.procedures.unrestricted setting. Only unrestrict procedures you can trust with access to database internals.
2025-12-27 17:50:14.622+0000 WARN  [o.n.k.a.p.GlobalProcedures] gds.alpha.sllpa.stream is unavailable because it is sandboxed and has dependencies outside of the sandbox. Sandboxing is controlled by the dbms.security.procedures.unrestricted setting. Only unrestrict procedures you can trust with access to database internals.
2025-12-27 17:50:14.623+0000 WARN  [o.n.k.a.p.GlobalProcedures] gds.alpha.sllpa.stream.estimate is unavailable because it is sandboxed and has dependencies outside of the sandbox. Sandboxing is controlled by the dbms.security.procedures.unrestricted setting. Only unrestrict procedures you can trust with access to database internals.
2025-12-27 17:50:14.627+0000 WARN  [o.n.k.a.p.GlobalProcedures] gds.list is unavailable because it is sandboxed and has dependencies outside of the sandbox. Sandboxing is controlled by the dbms.security.procedures.unrestricted setting. Only unrestrict procedures you can trust with access to database internals.
2025-12-27 17:50:14.647+0000 WARN  [o.n.k.a.p.GlobalProcedures] gds.bellmanFord.stats is unavailable because it is sandboxed and has dependencies outside of the sandbox. Sandboxing is controlled by the dbms.security.procedures.unrestricted setting. Only unrestrict procedures you can trust with access to database internals.
2025-12-27 17:50:14.647+0000 WARN  [o.n.k.a.p.GlobalProcedures] gds.bellmanFord.stats.estimate is unavailable because it is sandboxed and has dependencies outside of the sandbox. Sandboxing is controlled by the dbms.security.procedures.unrestricted setting. Only unrestrict procedures you can trust with access to database internals.
2025-12-27 17:50:14.649+0000 WARN  [o.n.k.a.p.GlobalProcedures] gds.alpha.knn.filtered.stream is unavailable because it is sandboxed and has dependencies outside of the sandbox. Sandboxing is controlled by the dbms.security.procedures.unrestricted setting. Only unrestrict procedures you can trust with access to database internals.
2025-12-27 17:50:14.650+0000 WARN  [o.n.k.a.p.GlobalProcedures] gds.knn.filtered.stream is unavailable because it is sandboxed and has dependencies outside of the sandbox. Sandboxing is controlled by the dbms.security.procedures.unrestricted setting. Only unrestrict procedures you can trust with access to database internals.
2025-12-27 17:50:14.651+0000 WARN  [o.n.k.a.p.GlobalProcedures] gds.knn.filtered.stream.estimate is unavailable because it is sandboxed and has dependencies outside of the sandbox. Sandboxing is controlled by the dbms.security.procedures.unrestricted setting. Only unrestrict procedures you can trust with access to database internals.
2025-12-27 17:50:14.652+0000 WARN  [o.n.k.a.p.GlobalProcedures] gds.beta.pipeline.linkPrediction.predict.mutate.estimate is unavailable because it is sandboxed and has dependencies outside of the sandbox. Sandboxing is controlled by the dbms.security.procedures.unrestricted setting. Only unrestrict procedures you can trust with access to database internals.
2025-12-27 17:50:14.653+0000 WARN  [o.n.k.a.p.GlobalProcedures] gds.beta.pipeline.linkPrediction.predict.mutate is unavailable because it is sandboxed and has dependencies outside of the sandbox. Sandboxing is controlled by the dbms.security.procedures.unrestricted setting. Only unrestrict procedures you can trust with access to database internals.
2025-12-27 17:50:14.669+0000 WARN  [o.n.k.a.p.GlobalProcedures] gds.beta.steinerTree.mutate is unavailable because it is sandboxed and has dependencies outside of the sandbox. Sandboxing is controlled by the dbms.security.procedures.unrestricted setting. Only unrestrict procedures you can trust with access to database internals.
2025-12-27 17:50:14.670+0000 WARN  [o.n.k.a.p.GlobalProcedures] gds.steinerTree.mutate.estimate is unavailable because it is sandboxed and has dependencies outside of the sandbox. Sandboxing is controlled by the dbms.security.procedures.unrestricted setting. Only unrestrict procedures you can trust with access to database internals.
2025-12-27 17:50:14.671+0000 WARN  [o.n.k.a.p.GlobalProcedures] gds.steinerTree.mutate is unavailable because it is sandboxed and has dependencies outside of the sandbox. Sandboxing is controlled by the dbms.security.procedures.unrestricted setting. Only unrestrict procedures you can trust with access to database internals.
2025-12-27 17:50:14.673+0000 WARN  [o.n.k.a.p.GlobalProcedures] gds.alpha.triangles is unavailable because it is sandboxed and has dependencies outside of the sandbox. Sandboxing is controlled by the dbms.security.procedures.unrestricted setting. Only unrestrict procedures you can trust with access to database internals.
2025-12-27 17:50:14.674+0000 WARN  [o.n.k.a.p.GlobalProcedures] gds.triangles is unavailable because it is sandboxed and has dependencies outside of the sandbox. Sandboxing is controlled by the dbms.security.procedures.unrestricted setting. Only unrestrict procedures you can trust with access to database internals.
2025-12-27 17:50:14.690+0000 WARN  [o.n.k.a.p.GlobalProcedures] gds.randomWalk.stream is unavailable because it is sandboxed and has dependencies outside of the sandbox. Sandboxing is controlled by the dbms.security.procedures.unrestricted setting. Only unrestrict procedures you can trust with access to database internals.
2025-12-27 17:50:14.691+0000 WARN  [o.n.k.a.p.GlobalProcedures] gds.randomWalk.stream.estimate is unavailable because it is sandboxed and has dependencies outside of the sandbox. Sandboxing is controlled by the dbms.security.procedures.unrestricted setting. Only unrestrict procedures you can trust with access to database internals.
2025-12-27 17:50:14.693+0000 WARN  [o.n.k.a.p.GlobalProcedures] gds.hits.stats is unavailable because it is sandboxed and has dependencies outside of the sandbox. Sandboxing is controlled by the dbms.security.procedures.unrestricted setting. Only unrestrict procedures you can trust with access to database internals.
2025-12-27 17:50:14.693+0000 WARN  [o.n.k.a.p.GlobalProcedures] gds.hits.stats.estimate is unavailable because it is sandboxed and has dependencies outside of the sandbox. Sandboxing is controlled by the dbms.security.procedures.unrestricted setting. Only unrestrict procedures you can trust with access to database internals.
2025-12-27 17:50:14.694+0000 WARN  [o.n.k.a.p.GlobalProcedures] gds.allShortestPaths.delta.stream is unavailable because it is sandboxed and has dependencies outside of the sandbox. Sandboxing is controlled by the dbms.security.procedures.unrestricted setting. Only unrestrict procedures you can trust with access to database internals.
2025-12-27 17:50:14.695+0000 WARN  [o.n.k.a.p.GlobalProcedures] gds.allShortestPaths.delta.stream.estimate is unavailable because it is sandboxed and has dependencies outside of the sandbox. Sandboxing is controlled by the dbms.security.procedures.unrestricted setting. Only unrestrict procedures you can trust with access to database internals.
2025-12-27 17:50:14.710+0000 WARN  [o.n.k.a.p.GlobalProcedures] gds.alpha.sllpa.write is unavailable because it is sandboxed and has dependencies outside of the sandbox. Sandboxing is controlled by the dbms.security.procedures.unrestricted setting. Only unrestrict procedures you can trust with access to database internals.
2025-12-27 17:50:14.711+0000 WARN  [o.n.k.a.p.GlobalProcedures] gds.alpha.sllpa.write.estimate is unavailable because it is sandboxed and has dependencies outside of the sandbox. Sandboxing is controlled by the dbms.security.procedures.unrestricted setting. Only unrestrict procedures you can trust with access to database internals.
2025-12-27 17:50:14.714+0000 WARN  [o.n.k.a.p.GlobalProcedures] gds.hits.stream is unavailable because it is sandboxed and has dependencies outside of the sandbox. Sandboxing is controlled by the dbms.security.procedures.unrestricted setting. Only unrestrict procedures you can trust with access to database internals.
2025-12-27 17:50:14.714+0000 WARN  [o.n.k.a.p.GlobalProcedures] gds.hits.stream.estimate is unavailable because it is sandboxed and has dependencies outside of the sandbox. Sandboxing is controlled by the dbms.security.procedures.unrestricted setting. Only unrestrict procedures you can trust with access to database internals.
2025-12-27 17:50:14.730+0000 WARN  [o.n.k.a.p.GlobalProcedures] gds.beta.model.exists is unavailable because it is sandboxed and has dependencies outside of the sandbox. Sandboxing is controlled by the dbms.security.procedures.unrestricted setting. Only unrestrict procedures you can trust with access to database internals.
2025-12-27 17:50:14.731+0000 WARN  [o.n.k.a.p.GlobalProcedures] gds.model.exists is unavailable because it is sandboxed and has dependencies outside of the sandbox. Sandboxing is controlled by the dbms.security.procedures.unrestricted setting. Only unrestrict procedures you can trust with access to database internals.
2025-12-27 17:50:14.738+0000 WARN  [o.n.k.a.p.GlobalProcedures] gds.alpha.ml.splitRelationships.mutate is unavailable because it is sandboxed and has dependencies outside of the sandbox. Sandboxing is controlled by the dbms.security.procedures.unrestricted setting. Only unrestrict procedures you can trust with access to database internals.
2025-12-27 17:50:14.738+0000 WARN  [o.n.k.a.p.GlobalProcedures] gds.beta.pipeline.nodeClassification.configureSplit is unavailable because it is sandboxed and has dependencies outside of the sandbox. Sandboxing is controlled by the dbms.security.procedures.unrestricted setting. Only unrestrict procedures you can trust with access to database internals.
2025-12-27 17:50:14.748+0000 WARN  [o.n.k.a.p.GlobalProcedures] gds.model.drop is unavailable because it is sandboxed and has dependencies outside of the sandbox. Sandboxing is controlled by the dbms.security.procedures.unrestricted setting. Only unrestrict procedures you can trust with access to database internals.
2025-12-27 17:50:14.749+0000 WARN  [o.n.k.a.p.GlobalProcedures] gds.beta.model.drop is unavailable because it is sandboxed and has dependencies outside of the sandbox. Sandboxing is controlled by the dbms.security.procedures.unrestricted setting. Only unrestrict procedures you can trust with access to database internals.
2025-12-27 17:50:14.750+0000 WARN  [o.n.k.a.p.GlobalProcedures] gds.bellmanFord.stream is unavailable because it is sandboxed and has dependencies outside of the sandbox. Sandboxing is controlled by the dbms.security.procedures.unrestricted setting. Only unrestrict procedures you can trust with access to database internals.
2025-12-27 17:50:14.750+0000 WARN  [o.n.k.a.p.GlobalProcedures] gds.bellmanFord.stream.estimate is unavailable because it is sandboxed and has dependencies outside of the sandbox. Sandboxing is controlled by the dbms.security.procedures.unrestricted setting. Only unrestrict procedures you can trust with access to database internals.
2025-12-27 17:50:14.756+0000 WARN  [o.n.k.a.p.GlobalProcedures] gds.kmeans.mutate.estimate is unavailable because it is sandboxed and has dependencies outside of the sandbox. Sandboxing is controlled by the dbms.security.procedures.unrestricted setting. Only unrestrict procedures you can trust with access to database internals.
2025-12-27 17:50:14.757+0000 WARN  [o.n.k.a.p.GlobalProcedures] gds.kmeans.mutate is unavailable because it is sandboxed and has dependencies outside of the sandbox. Sandboxing is controlled by the dbms.security.procedures.unrestricted setting. Only unrestrict procedures you can trust with access to database internals.
2025-12-27 17:50:14.758+0000 WARN  [o.n.k.a.p.GlobalProcedures] gds.beta.kmeans.mutate.estimate is unavailable because it is sandboxed and has dependencies outside of the sandbox. Sandboxing is controlled by the dbms.security.procedures.unrestricted setting. Only unrestrict procedures you can trust with access to database internals.
2025-12-27 17:50:14.758+0000 WARN  [o.n.k.a.p.GlobalProcedures] gds.beta.kmeans.mutate is unavailable because it is sandboxed and has dependencies outside of the sandbox. Sandboxing is controlled by the dbms.security.procedures.unrestricted setting. Only unrestrict procedures you can trust with access to database internals.
2025-12-27 17:50:14.760+0000 WARN  [o.n.k.a.p.GlobalProcedures] gds.degree.mutate.estimate is unavailable because it is sandboxed and has dependencies outside of the sandbox. Sandboxing is controlled by the dbms.security.procedures.unrestricted setting. Only unrestrict procedures you can trust with access to database internals.
2025-12-27 17:50:14.761+0000 WARN  [o.n.k.a.p.GlobalProcedures] gds.degree.mutate is unavailable because it is sandboxed and has dependencies outside of the sandbox. Sandboxing is controlled by the dbms.security.procedures.unrestricted setting. Only unrestrict procedures you can trust with access to database internals.
2025-12-27 17:50:14.776+0000 WARN  [o.n.k.a.p.GlobalProcedures] gds.beta.spanningTree.write is unavailable because it is sandboxed and has dependencies outside of the sandbox. Sandboxing is controlled by the dbms.security.procedures.unrestricted setting. Only unrestrict procedures you can trust with access to database internals.
2025-12-27 17:50:14.776+0000 WARN  [o.n.k.a.p.GlobalProcedures] gds.spanningTree.write.estimate is unavailable because it is sandboxed and has dependencies outside of the sandbox. Sandboxing is controlled by the dbms.security.procedures.unrestricted setting. Only unrestrict procedures you can trust with access to database internals.
2025-12-27 17:50:14.777+0000 WARN  [o.n.k.a.p.GlobalProcedures] gds.beta.spanningTree.write.estimate is unavailable because it is sandboxed and has dependencies outside of the sandbox. Sandboxing is controlled by the dbms.security.procedures.unrestricted setting. Only unrestrict procedures you can trust with access to database internals.
2025-12-27 17:50:14.777+0000 WARN  [o.n.k.a.p.GlobalProcedures] gds.spanningTree.write is unavailable because it is sandboxed and has dependencies outside of the sandbox. Sandboxing is controlled by the dbms.security.procedures.unrestricted setting. Only unrestrict procedures you can trust with access to database internals.
2025-12-27 17:50:14.796+0000 WARN  [o.n.k.a.p.GlobalProcedures] gds.beta.listProgress is unavailable because it is sandboxed and has dependencies outside of the sandbox. Sandboxing is controlled by the dbms.security.procedures.unrestricted setting. Only unrestrict procedures you can trust with access to database internals.
2025-12-27 17:50:14.796+0000 WARN  [o.n.k.a.p.GlobalProcedures] gds.listProgress is unavailable because it is sandboxed and has dependencies outside of the sandbox. Sandboxing is controlled by the dbms.security.procedures.unrestricted setting. Only unrestrict procedures you can trust with access to database internals.
2025-12-27 17:50:14.805+0000 WARN  [o.n.k.a.p.GlobalProcedures] gds.alpha.hits.write is unavailable because it is sandboxed and has dependencies outside of the sandbox. Sandboxing is controlled by the dbms.security.procedures.unrestricted setting. Only unrestrict procedures you can trust with access to database internals.
2025-12-27 17:50:14.806+0000 WARN  [o.n.k.a.p.GlobalProcedures] gds.alpha.hits.write.estimate is unavailable because it is sandboxed and has dependencies outside of the sandbox. Sandboxing is controlled by the dbms.security.procedures.unrestricted setting. Only unrestrict procedures you can trust with access to database internals.
2025-12-27 17:50:14.808+0000 WARN  [o.n.k.a.p.GlobalProcedures] gds.sllpa.mutate.estimate is unavailable because it is sandboxed and has dependencies outside of the sandbox. Sandboxing is controlled by the dbms.security.procedures.unrestricted setting. Only unrestrict procedures you can trust with access to database internals.
2025-12-27 17:50:14.808+0000 WARN  [o.n.k.a.p.GlobalProcedures] gds.sllpa.mutate is unavailable because it is sandboxed and has dependencies outside of the sandbox. Sandboxing is controlled by the dbms.security.procedures.unrestricted setting. Only unrestrict procedures you can trust with access to database internals.
2025-12-27 17:50:14.810+0000 WARN  [o.n.k.a.p.GlobalProcedures] gds.alpha.scc.write is unavailable because it is sandboxed and has dependencies outside of the sandbox. Sandboxing is controlled by the dbms.security.procedures.unrestricted setting. Only unrestrict procedures you can trust with access to database internals.
2025-12-27 17:50:14.810+0000 WARN  [o.n.k.a.p.GlobalProcedures] gds.scc.write is unavailable because it is sandboxed and has dependencies outside of the sandbox. Sandboxing is controlled by the dbms.security.procedures.unrestricted setting. Only unrestrict procedures you can trust with access to database internals.
2025-12-27 17:50:14.811+0000 WARN  [o.n.k.a.p.GlobalProcedures] gds.scc.write.estimate is unavailable because it is sandboxed and has dependencies outside of the sandbox. Sandboxing is controlled by the dbms.security.procedures.unrestricted setting. Only unrestrict procedures you can trust with access to database internals.
2025-12-27 17:50:14.817+0000 WARN  [o.n.k.a.p.GlobalProcedures] gds.config.limits.list is unavailable because it is sandboxed and has dependencies outside of the sandbox. Sandboxing is controlled by the dbms.security.procedures.unrestricted setting. Only unrestrict procedures you can trust with access to database internals.
2025-12-27 17:50:14.818+0000 WARN  [o.n.k.a.p.GlobalProcedures] gds.alpha.config.limits.set is unavailable because it is sandboxed and has dependencies outside of the sandbox. Sandboxing is controlled by the dbms.security.procedures.unrestricted setting. Only unrestrict procedures you can trust with access to database internals.
2025-12-27 17:50:14.818+0000 WARN  [o.n.k.a.p.GlobalProcedures] gds.alpha.config.limits.list is unavailable because it is sandboxed and has dependencies outside of the sandbox. Sandboxing is controlled by the dbms.security.procedures.unrestricted setting. Only unrestrict procedures you can trust with access to database internals.
2025-12-27 17:50:14.819+0000 WARN  [o.n.k.a.p.GlobalProcedures] gds.config.limits.set is unavailable because it is sandboxed and has dependencies outside of the sandbox. Sandboxing is controlled by the dbms.security.procedures.unrestricted setting. Only unrestrict procedures you can trust with access to database internals.
2025-12-27 17:50:14.827+0000 WARN  [o.n.k.a.p.GlobalProcedures] gds.beta.spanningTree.stats is unavailable because it is sandboxed and has dependencies outside of the sandbox. Sandboxing is controlled by the dbms.security.procedures.unrestricted setting. Only unrestrict procedures you can trust with access to database internals.
2025-12-27 17:50:14.828+0000 WARN  [o.n.k.a.p.GlobalProcedures] gds.spanningTree.stats.estimate is unavailable because it is sandboxed and has dependencies outside of the sandbox. Sandboxing is controlled by the dbms.security.procedures.unrestricted setting. Only unrestrict procedures you can trust with access to database internals.
2025-12-27 17:50:14.828+0000 WARN  [o.n.k.a.p.GlobalProcedures] gds.beta.spanningTree.stats.estimate is unavailable because it is sandboxed and has dependencies outside of the sandbox. Sandboxing is controlled by the dbms.security.procedures.unrestricted setting. Only unrestrict procedures you can trust with access to database internals.
2025-12-27 17:50:14.829+0000 WARN  [o.n.k.a.p.GlobalProcedures] gds.spanningTree.stats is unavailable because it is sandboxed and has dependencies outside of the sandbox. Sandboxing is controlled by the dbms.security.procedures.unrestricted setting. Only unrestrict procedures you can trust with access to database internals.
2025-12-27 17:50:14.893+0000 WARN  [o.n.k.a.p.GlobalProcedures] gds.beta.modularityOptimization.mutate is unavailable because it is sandboxed and has dependencies outside of the sandbox. Sandboxing is controlled by the dbms.security.procedures.unrestricted setting. Only unrestrict procedures you can trust with access to database internals.
2025-12-27 17:50:14.893+0000 WARN  [o.n.k.a.p.GlobalProcedures] gds.modularityOptimization.mutate.estimate is unavailable because it is sandboxed and has dependencies outside of the sandbox. Sandboxing is controlled by the dbms.security.procedures.unrestricted setting. Only unrestrict procedures you can trust with access to database internals.
2025-12-27 17:50:14.894+0000 WARN  [o.n.k.a.p.GlobalProcedures] gds.modularityOptimization.mutate is unavailable because it is sandboxed and has dependencies outside of the sandbox. Sandboxing is controlled by the dbms.security.procedures.unrestricted setting. Only unrestrict procedures you can trust with access to database internals.
2025-12-27 17:50:14.894+0000 WARN  [o.n.k.a.p.GlobalProcedures] gds.beta.modularityOptimization.mutate.estimate is unavailable because it is sandboxed and has dependencies outside of the sandbox. Sandboxing is controlled by the dbms.security.procedures.unrestricted setting. Only unrestrict procedures you can trust with access to database internals.
2025-12-27 17:50:14.898+0000 WARN  [o.n.k.a.p.GlobalProcedures] gds.alpha.pipeline.nodeRegression.predict.stream is unavailable because it is sandboxed and has dependencies outside of the sandbox. Sandboxing is controlled by the dbms.security.procedures.unrestricted setting. Only unrestrict procedures you can trust with access to database internals.
2025-12-27 17:50:14.950+0000 WARN  [o.n.k.a.p.GlobalProcedures] gds.alpha.pipeline.nodeRegression.selectFeatures is unavailable because it is sandboxed and has dependencies outside of the sandbox. Sandboxing is controlled by the dbms.security.procedures.unrestricted setting. Only unrestrict procedures you can trust with access to database internals.
2025-12-27 17:50:14.950+0000 WARN  [o.n.k.a.p.GlobalProcedures] gds.alpha.pipeline.nodeRegression.addNodeProperty is unavailable because it is sandboxed and has dependencies outside of the sandbox. Sandboxing is controlled by the dbms.security.procedures.unrestricted setting. Only unrestrict procedures you can trust with access to database internals.
2025-12-27 17:50:14.981+0000 WARN  [o.n.k.a.p.GlobalProcedures] gds.alpha.modularity.stats is unavailable because it is sandboxed and has dependencies outside of the sandbox. Sandboxing is controlled by the dbms.security.procedures.unrestricted setting. Only unrestrict procedures you can trust with access to database internals.
2025-12-27 17:50:14.982+0000 WARN  [o.n.k.a.p.GlobalProcedures] gds.modularity.stats is unavailable because it is sandboxed and has dependencies outside of the sandbox. Sandboxing is controlled by the dbms.security.procedures.unrestricted setting. Only unrestrict procedures you can trust with access to database internals.
2025-12-27 17:50:14.982+0000 WARN  [o.n.k.a.p.GlobalProcedures] gds.modularity.stats.estimate is unavailable because it is sandboxed and has dependencies outside of the sandbox. Sandboxing is controlled by the dbms.security.procedures.unrestricted setting. Only unrestrict procedures you can trust with access to database internals.
2025-12-27 17:50:14.984+0000 WARN  [o.n.k.a.p.GlobalProcedures] gds.alpha.kSpanningTree.write is unavailable because it is sandboxed and has dependencies outside of the sandbox. Sandboxing is controlled by the dbms.security.procedures.unrestricted setting. Only unrestrict procedures you can trust with access to database internals.
2025-12-27 17:50:14.984+0000 WARN  [o.n.k.a.p.GlobalProcedures] gds.kSpanningTree.write is unavailable because it is sandboxed and has dependencies outside of the sandbox. Sandboxing is controlled by the dbms.security.procedures.unrestricted setting. Only unrestrict procedures you can trust with access to database internals.
2025-12-27 17:50:15.222+0000 INFO  [o.n.k.i.a.i.IndexPopulationJob] [system/00000000] Index population started: [Index( id=3, name='constraint_798238d6', type='RANGE', schema=(:DatabaseName {name, namespace}), indexProvider='range-1.0' )]
2025-12-27 17:50:15.283+0000 INFO  [o.n.k.i.a.i.IndexPopulationJob] [system/00000000] Index creation finished for index [Index( id=3, name='constraint_798238d6', type='RANGE', schema=(:DatabaseName {name, namespace}), indexProvider='range-1.0' )].
2025-12-27 17:50:15.315+0000 INFO  [o.n.k.i.a.i.IndexPopulationJob] [system/00000000] Index population started: [Index( id=4, name='constraint_8014b60a', type='RANGE', schema=(:Database {name}), indexProvider='range-1.0' )]
2025-12-27 17:50:15.338+0000 INFO  [o.n.k.i.a.i.IndexPopulationJob] [system/00000000] Index creation finished for index [Index( id=4, name='constraint_8014b60a', type='RANGE', schema=(:Database {name}), indexProvider='range-1.0' )].
2025-12-27 17:50:15.414+0000 INFO  [o.n.k.i.a.i.IndexingService] [system/00000000] Constraint Index( id=3, name='constraint_798238d6', type='RANGE', schema=(:Label[1] {PropertyKey[11], PropertyKey[12]}), indexProvider='range-1.0' ) is ONLINE.
2025-12-27 17:50:15.415+0000 INFO  [o.n.k.i.a.i.IndexingService] [system/00000000] Constraint Index( id=4, name='constraint_8014b60a', type='RANGE', schema=(:Label[2] {PropertyKey[11]}), indexProvider='range-1.0' ) is ONLINE.
2025-12-27 17:50:15.761+0000 INFO  [o.n.k.i.a.i.IndexPopulationJob] [system/00000000] Index population started: [Index( id=7, name='constraint_5789ae3', type='RANGE', schema=(:User {name}), indexProvider='range-1.0' )]
2025-12-27 17:50:15.779+0000 INFO  [o.n.k.i.a.i.IndexPopulationJob] [system/00000000] Index creation finished for index [Index( id=7, name='constraint_5789ae3', type='RANGE', schema=(:User {name}), indexProvider='range-1.0' )].
2025-12-27 17:50:15.808+0000 INFO  [o.n.k.i.a.i.IndexPopulationJob] [system/00000000] Index population started: [Index( id=8, name='constraint_74fad970', type='RANGE', schema=(:User {id}), indexProvider='range-1.0' )]
2025-12-27 17:50:15.824+0000 INFO  [o.n.k.i.a.i.IndexPopulationJob] [system/00000000] Index creation finished for index [Index( id=8, name='constraint_74fad970', type='RANGE', schema=(:User {id}), indexProvider='range-1.0' )].
2025-12-27 17:50:15.843+0000 INFO  [o.n.k.i.a.i.IndexingService] [system/00000000] Constraint Index( id=7, name='constraint_5789ae3', type='RANGE', schema=(:Label[3] {PropertyKey[11]}), indexProvider='range-1.0' ) is ONLINE.
2025-12-27 17:50:15.843+0000 INFO  [o.n.k.i.a.i.IndexingService] [system/00000000] Constraint Index( id=8, name='constraint_74fad970', type='RANGE', schema=(:Label[3] {PropertyKey[26]}), indexProvider='range-1.0' ) is ONLINE.
2025-12-27 17:50:15.847+0000 INFO  [o.n.s.s.s.UserSecurityGraphComponent] Initializing system graph model for component 'security-users' with version -1 and status UNINITIALIZED
2025-12-27 17:50:15.863+0000 INFO  [o.n.s.s.s.UserSecurityGraphComponent] Setting up initial user from `auth.ini` file: neo4j
2025-12-27 17:50:15.865+0000 INFO  [o.n.s.s.a.CommunitySecurityModule] CREATE USER neo4j PASSWORD ****** CHANGE NOT REQUIRED
2025-12-27 17:50:15.884+0000 INFO  [o.n.s.s.s.UserSecurityGraphComponent] Setting version for 'security-users' to 4
2025-12-27 17:50:15.889+0000 INFO  [o.n.s.s.s.UserSecurityGraphComponent] After initialization of system graph model component 'security-users' have version 4 and status CURRENT
2025-12-27 17:50:15.898+0000 INFO  [o.n.s.s.s.UserSecurityGraphComponent] Performing postInitialization step for component 'security-users' with version 4 and status CURRENT
2025-12-27 17:50:15.909+0000 INFO  [o.n.d.d.DatabaseLifecycles] Creating 'DatabaseId{79ffee62[neo4j]}'.
2025-12-27 17:50:15.913+0000 INFO  [o.n.d.d.DatabaseLifecycles] Starting 'DatabaseId{79ffee62[neo4j]}'.
2025-12-27 17:50:15.931+0000 INFO  [o.n.k.i.s.f.RecordFormatSelector] [neo4j/79ffee62] Selected configured format for store /var/lib/neo4j/data/databases/neo4j: RecordFormat:PageAlignedV5_0[aligned-1.1]
2025-12-27 17:50:15.997+0000 INFO  [o.n.i.d.DiagnosticsManager] [neo4j/79ffee62] 
                                                                [neo4j/79ffee62] ********************************************************************************
                                                                [neo4j/79ffee62]                               [ Database: neo4j ]                               
                                                                [neo4j/79ffee62] ********************************************************************************
                                                                [neo4j/79ffee62] --------------------------------------------------------------------------------
                                                                [neo4j/79ffee62]                                   [ Version ]                                   
                                                                [neo4j/79ffee62] --------------------------------------------------------------------------------
                                                                [neo4j/79ffee62] DBMS: community record-aligned-1.1
                                                                [neo4j/79ffee62] Kernel version: 5.15.0
                                                                [neo4j/79ffee62] 
                                                                [neo4j/79ffee62] --------------------------------------------------------------------------------
                                                                [neo4j/79ffee62]                                 [ Store files ]                                 
                                                                [neo4j/79ffee62] --------------------------------------------------------------------------------
                                                                [neo4j/79ffee62] Disk space on partition (Total / Free / Free %): 509943480320 / 372797259776 / 73
                                                                [neo4j/79ffee62] Storage files stored on file store: btrfs
                                                                [neo4j/79ffee62] Storage files: (filename : modification date - size)
                                                                [neo4j/79ffee62]   neostore: 2025-12-27 17:50:15.972+0000 - 8.000KiB
                                                                [neo4j/79ffee62]   neostore.counts.db: 2025-12-27 17:50:15.976+0000 - 0B
                                                                [neo4j/79ffee62]   neostore.indexstats.db: 2025-12-27 17:50:15.978+0000 - 0B
                                                                [neo4j/79ffee62]   neostore.labeltokenstore.db: 2025-12-27 17:50:15.963+0000 - 0B
                                                                [neo4j/79ffee62]   neostore.labeltokenstore.db.id: 2025-12-27 17:50:15.962+0000 - 0B
                                                                [neo4j/79ffee62]   neostore.labeltokenstore.db.names: 2025-12-27 17:50:15.960+0000 - 8.000KiB
                                                                [neo4j/79ffee62]   neostore.labeltokenstore.db.names.id: 2025-12-27 17:50:15.959+0000 - 0B
                                                                [neo4j/79ffee62]   neostore.nodestore.db: 2025-12-27 17:50:15.938+0000 - 0B
                                                                [neo4j/79ffee62]   neostore.nodestore.db.id: 2025-12-27 17:50:15.937+0000 - 0B
                                                                [neo4j/79ffee62]   neostore.nodestore.db.labels: 2025-12-27 17:50:15.932+0000 - 8.000KiB
                                                                [neo4j/79ffee62]   neostore.nodestore.db.labels.id: 2025-12-27 17:50:15.931+0000 - 0B
                                                                [neo4j/79ffee62]   neostore.propertystore.db: 2025-12-27 17:50:15.950+0000 - 0B
                                                                [neo4j/79ffee62]   neostore.propertystore.db.arrays: 2025-12-27 17:50:15.948+0000 - 8.000KiB
                                                                [neo4j/79ffee62]   neostore.propertystore.db.arrays.id: 2025-12-27 17:50:15.946+0000 - 0B
                                                                [neo4j/79ffee62]   neostore.propertystore.db.id: 2025-12-27 17:50:15.950+0000 - 0B
                                                                [neo4j/79ffee62]   neostore.propertystore.db.index: 2025-12-27 17:50:15.943+0000 - 0B
                                                                [neo4j/79ffee62]   neostore.propertystore.db.index.id: 2025-12-27 17:50:15.942+0000 - 0B
                                                                [neo4j/79ffee62]   neostore.propertystore.db.index.keys: 2025-12-27 17:50:15.940+0000 - 8.000KiB
                                                                [neo4j/79ffee62]   neostore.propertystore.db.index.keys.id: 2025-12-27 17:50:15.938+0000 - 0B
                                                                [neo4j/79ffee62]   neostore.propertystore.db.strings: 2025-12-27 17:50:15.944+0000 - 8.000KiB
                                                                [neo4j/79ffee62]   neostore.propertystore.db.strings.id: 2025-12-27 17:50:15.943+0000 - 0B
                                                                [neo4j/79ffee62]   neostore.relationshipgroupstore.db: 2025-12-27 17:50:15.969+0000 - 8.000KiB
                                                                [neo4j/79ffee62]   neostore.relationshipgroupstore.db.id: 2025-12-27 17:50:15.968+0000 - 0B
                                                                [neo4j/79ffee62]   neostore.relationshipgroupstore.degrees.db: 2025-12-27 17:50:15.977+0000 - 0B
                                                                [neo4j/79ffee62]   neostore.relationshipstore.db: 2025-12-27 17:50:15.952+0000 - 0B
                                                                [neo4j/79ffee62]   neostore.relationshipstore.db.id: 2025-12-27 17:50:15.951+0000 - 0B
                                                                [neo4j/79ffee62]   neostore.relationshiptypestore.db: 2025-12-27 17:50:15.958+0000 - 0B
                                                                [neo4j/79ffee62]   neostore.relationshiptypestore.db.id: 2025-12-27 17:50:15.957+0000 - 0B
                                                                [neo4j/79ffee62]   neostore.relationshiptypestore.db.names: 2025-12-27 17:50:15.953+0000 - 8.000KiB
                                                                [neo4j/79ffee62]   neostore.relationshiptypestore.db.names.id: 2025-12-27 17:50:15.952+0000 - 0B
                                                                [neo4j/79ffee62]   neostore.schemastore.db: 2025-12-27 17:50:15.965+0000 - 8.000KiB
                                                                [neo4j/79ffee62]   neostore.schemastore.db.id: 2025-12-27 17:50:15.963+0000 - 0B
                                                                [neo4j/79ffee62] Storage summary: 
                                                                [neo4j/79ffee62]   Total size of store: 72.00KiB
                                                                [neo4j/79ffee62]   Total size of mapped files: 72.00KiB
                                                                [neo4j/79ffee62] 
                                                                [neo4j/79ffee62] --------------------------------------------------------------------------------
                                                                [neo4j/79ffee62]                               [ Transaction log ]                               
                                                                [neo4j/79ffee62] --------------------------------------------------------------------------------
                                                                [neo4j/79ffee62] Transaction log files stored on file store: btrfs
                                                                [neo4j/79ffee62] Transaction log metadata:
                                                                [neo4j/79ffee62]  - current kernel version used in transactions: V5_15
                                                                [neo4j/79ffee62]  - last committed transaction id: 1
                                                                [neo4j/79ffee62] Transaction log files:
                                                                [neo4j/79ffee62]  - existing transaction log versions: -1--1
                                                                [neo4j/79ffee62]  - no transactions found
                                                                [neo4j/79ffee62] Checkpoint log files:
                                                                [neo4j/79ffee62]  - existing checkpoint log versions: -1--1
                                                                [neo4j/79ffee62]  - no checkpoints found
                                                                [neo4j/79ffee62] 
                                                                [neo4j/79ffee62] --------------------------------------------------------------------------------
                                                                [neo4j/79ffee62]                                   [ Id usage ]                                  
                                                                [neo4j/79ffee62] --------------------------------------------------------------------------------
                                                                [neo4j/79ffee62] ArrayPropertyStore[neostore.nodestore.db.labels]: used=1 high=0
                                                                [neo4j/79ffee62] NodeStore[neostore.nodestore.db]: used=0 high=-1
                                                                [neo4j/79ffee62] StringPropertyStore[neostore.propertystore.db.index.keys]: used=1 high=0
                                                                [neo4j/79ffee62] PropertyIndexStore[neostore.propertystore.db.index]: used=0 high=-1
                                                                [neo4j/79ffee62] StringPropertyStore[neostore.propertystore.db.strings]: used=1 high=0
                                                                [neo4j/79ffee62] ArrayPropertyStore[neostore.propertystore.db.arrays]: used=1 high=0
                                                                [neo4j/79ffee62] PropertyStore[neostore.propertystore.db]: used=0 high=-1
                                                                [neo4j/79ffee62] RelationshipStore[neostore.relationshipstore.db]: used=0 high=-1
                                                                [neo4j/79ffee62] StringPropertyStore[neostore.relationshiptypestore.db.names]: used=1 high=0
                                                                [neo4j/79ffee62] RelationshipTypeStore[neostore.relationshiptypestore.db]: used=0 high=-1
                                                                [neo4j/79ffee62] StringPropertyStore[neostore.labeltokenstore.db.names]: used=1 high=0
                                                                [neo4j/79ffee62] LabelTokenStore[neostore.labeltokenstore.db]: used=0 high=-1
                                                                [neo4j/79ffee62] SchemaStore[neostore.schemastore.db]: used=1 high=0
                                                                [neo4j/79ffee62] RelationshipGroupStore[neostore.relationshipgroupstore.db]: used=1 high=0
                                                                [neo4j/79ffee62] NeoStore[neostore]: used=-1 high=-1
                                                                [neo4j/79ffee62] 
                                                                [neo4j/79ffee62] --------------------------------------------------------------------------------
                                                                [neo4j/79ffee62]                                   [ Metadata ]                                  
                                                                [neo4j/79ffee62] --------------------------------------------------------------------------------
                                                                [neo4j/79ffee62] EXTERNAL_STORE_UUID (Database identifier exposed as external store identity. Generated on creation and never updated): 4a443ded-aa74-4005-a3cc-173aef816bcb
                                                                [neo4j/79ffee62] DATABASE_ID (The last used DatabaseId for this database): null
                                                                [neo4j/79ffee62] LEGACY_STORE_VERSION (Legacy store format version. This field is used from 5.0 onwards only to distinguish non-migrated pre 5.0 metadata stores.): -3523014627327384477
                                                                [neo4j/79ffee62] STORE_ID (Store ID): StoreId{creationTime=1766857815972, random=-6844825695398062498, storageEngineName='record', formatName='aligned', majorVersion=1, minorVersion=1}
                                                                [neo4j/79ffee62] 
2025-12-27 17:50:16.000+0000 INFO  [o.n.k.a.DatabaseAvailabilityGuard] [neo4j/79ffee62] Requirement `Database unavailable` makes database neo4j unavailable.
2025-12-27 17:50:16.000+0000 INFO  [o.n.k.a.DatabaseAvailabilityGuard] [neo4j/79ffee62] DatabaseId{79ffee62[neo4j]} is unavailable.
2025-12-27 17:50:16.009+0000 WARN  [o.n.k.i.s.MetaDataStore] [neo4j/79ffee62] Missing counts store, rebuilding it.
2025-12-27 17:50:16.009+0000 WARN  [o.n.k.i.s.MetaDataStore] [neo4j/79ffee62] Counts store rebuild completed.
2025-12-27 17:50:16.012+0000 INFO  [o.n.k.d.Database] [neo4j/79ffee62] Starting transaction log [/var/lib/neo4j/data/transactions/neo4j/neostore.transaction.db.0] at version=0
2025-12-27 17:50:16.016+0000 INFO  [o.n.k.d.Database] [neo4j/79ffee62] Starting transaction log [/var/lib/neo4j/data/transactions/neo4j/checkpoint.0] at version=0
2025-12-27 17:50:16.018+0000 INFO  [o.n.k.i.t.l.f.c.CheckpointLogFile] [neo4j/79ffee62] Scanning log file with version 0 for checkpoint entries
2025-12-27 17:50:16.031+0000 INFO  [o.n.k.a.DatabaseAvailabilityGuard] [neo4j/79ffee62] Fulfilling of requirement 'Database unavailable' makes database neo4j available.
2025-12-27 17:50:16.031+0000 INFO  [o.n.k.a.DatabaseAvailabilityGuard] [neo4j/79ffee62] DatabaseId{79ffee62[neo4j]} is ready.
2025-12-27 17:50:16.044+0000 INFO  [o.n.k.i.a.i.IndexPopulationJob] [neo4j/79ffee62] Index population started: [Index( id=2, name='index_f7700477', type='LOOKUP', schema=()-[:<any-types>]-(), indexProvider='token-lookup-1.0' )]
2025-12-27 17:50:16.058+0000 INFO  [o.n.k.i.a.i.IndexPopulationJob] [neo4j/79ffee62] Index creation finished for index [Index( id=2, name='index_f7700477', type='LOOKUP', schema=()-[:<any-types>]-(), indexProvider='token-lookup-1.0' )].
2025-12-27 17:50:16.063+0000 INFO  [o.n.k.i.a.i.IndexPopulationJob] [neo4j/79ffee62] Index population started: [Index( id=1, name='index_343aff4e', type='LOOKUP', schema=(:<any-labels>), indexProvider='token-lookup-1.0' )]
2025-12-27 17:50:16.076+0000 INFO  [o.n.k.i.a.i.IndexPopulationJob] [neo4j/79ffee62] Index creation finished for index [Index( id=1, name='index_343aff4e', type='LOOKUP', schema=(:<any-labels>), indexProvider='token-lookup-1.0' )].
2025-12-27 17:50:16.082+0000 INFO  [o.n.k.i.t.l.c.CheckPointerImpl] [neo4j/79ffee62] Checkpoint triggered by "Database init completed." @ txId: 3 checkpoint started...
2025-12-27 17:50:16.213+0000 INFO  [o.n.k.i.t.l.c.CheckPointerImpl] [neo4j/79ffee62] Checkpoint triggered by "Database init completed." @ txId: 3 checkpoint completed in 130ms. Checkpoint flushed 74 pages (0% of total available pages), in 58 IOs. Checkpoint performed with IO limit: unlimited, paused in total 0 times( 0 millis).
2025-12-27 17:50:16.213+0000 INFO  [o.n.k.i.t.l.p.LogPruningImpl] [neo4j/79ffee62] No log version pruned. The strategy used was '2 days 2147483648 size'. 
2025-12-27 17:50:16.295+0000 INFO  [o.n.b.p.c.c.n.SocketNettyConnector] Bolt enabled on 0.0.0.0:7687.
2025-12-27 17:50:16.295+0000 INFO  [o.n.b.BoltServer] Bolt server started
2025-12-27 17:50:16.296+0000 INFO  [o.n.s.A.ServerComponentsLifecycleAdapter] Starting web server
2025-12-27 17:50:17.639+0000 INFO  [o.n.s.CommunityNeoWebServer] HTTP enabled on 0.0.0.0:7474.
2025-12-27 17:50:17.641+0000 INFO  [o.n.s.CommunityNeoWebServer] Remote interface available at http://localhost:7474/
2025-12-27 17:50:17.641+0000 INFO  [o.n.s.A.ServerComponentsLifecycleAdapter] Web server started.
2025-12-27 17:50:17.645+0000 INFO  [o.n.g.f.DatabaseManagementServiceFactory] id: 5D6456F626F15D900312D21A6DDDEA3EAF4CACF43259F3390E2DE84AA6450867
2025-12-27 17:50:17.645+0000 INFO  [o.n.g.f.DatabaseManagementServiceFactory] name: system
2025-12-27 17:50:17.646+0000 INFO  [o.n.g.f.DatabaseManagementServiceFactory] creationDate: 2025-12-27T17:49:47.892Z
2025-12-27 17:52:46.623+0000 INFO  [o.n.k.i.a.i.IndexPopulationJob] [neo4j/79ffee62] Index population started: [Index( id=3, name='card_name_unique', type='RANGE', schema=(:Card {name}), indexProvider='range-1.0' )]
2025-12-27 17:52:46.647+0000 INFO  [o.n.k.i.a.i.IndexPopulationJob] [neo4j/79ffee62] Index creation finished for index [Index( id=3, name='card_name_unique', type='RANGE', schema=(:Card {name}), indexProvider='range-1.0' )].
2025-12-27 17:52:46.679+0000 INFO  [o.n.k.i.a.i.IndexingService] [neo4j/79ffee62] Constraint Index( id=3, name='card_name_unique', type='RANGE', schema=(:Label[0] {PropertyKey[10]}), indexProvider='range-1.0' ) is ONLINE.
2025-12-27 17:52:59.932+0000 INFO  [o.n.k.i.a.i.IndexPopulationJob] [neo4j/79ffee62] Index population started: [Index( id=5, name='pilot_name_index', type='RANGE', schema=(:Pilot {name}), indexProvider='range-1.0' )]
2025-12-27 17:52:59.950+0000 INFO  [o.n.k.i.a.i.IndexPopulationJob] [neo4j/79ffee62] Index creation finished for index [Index( id=5, name='pilot_name_index', type='RANGE', schema=(:Pilot {name}), indexProvider='range-1.0' )].
2025-12-27 17:53:08.409+0000 INFO  [o.n.k.i.a.i.IndexPopulationJob] [neo4j/79ffee62] Index population started: [Index( id=6, name='archetype_name_index', type='RANGE', schema=(:Archetype {name}), indexProvider='range-1.0' )]
2025-12-27 17:53:08.426+0000 INFO  [o.n.k.i.a.i.IndexPopulationJob] [neo4j/79ffee62] Index creation finished for index [Index( id=6, name='archetype_name_index', type='RANGE', schema=(:Archetype {name}), indexProvider='range-1.0' )].
2025-12-27 17:53:16.458+0000 INFO  [o.n.k.i.a.i.IndexPopulationJob] [neo4j/79ffee62] Index population started: [Index( id=7, name='event_name_index', type='RANGE', schema=(:Event {name}), indexProvider='range-1.0' )]
2025-12-27 17:53:16.477+0000 INFO  [o.n.k.i.a.i.IndexPopulationJob] [neo4j/79ffee62] Index creation finished for index [Index( id=7, name='event_name_index', type='RANGE', schema=(:Event {name}), indexProvider='range-1.0' )].
2025-12-27 17:58:15.604+0000 INFO  [o.n.g.f.DatabaseManagementServiceFactory] Shutdown started
2025-12-27 17:58:15.626+0000 INFO  [o.n.b.BoltServer] Requested Bolt server shutdown
2025-12-27 17:58:15.627+0000 INFO  [o.n.b.p.c.c.ConnectionRegistry] Stopping remaining idle connections for connector bolt
2025-12-27 17:58:15.629+0000 INFO  [o.n.b.p.c.c.ConnectionRegistry] Stopped 10 idling connections for connector bolt
2025-12-27 17:58:15.633+0000 INFO  [o.n.d.d.DatabaseLifecycles] Stopping 'DatabaseId{79ffee62[neo4j]}'.
2025-12-27 17:58:15.642+0000 INFO  [o.n.k.a.DatabaseAvailabilityGuard] [neo4j/79ffee62] Requirement `Database unavailable` makes database neo4j unavailable.
2025-12-27 17:58:15.642+0000 INFO  [o.n.k.a.DatabaseAvailabilityGuard] [neo4j/79ffee62] DatabaseId{79ffee62[neo4j]} is unavailable.
2025-12-27 17:58:15.646+0000 INFO  [o.n.k.d.Database] [neo4j/79ffee62] Waiting for closing transactions.
2025-12-27 17:58:15.648+0000 INFO  [o.n.k.d.Database] [neo4j/79ffee62] All transactions are closed.
2025-12-27 17:58:15.648+0000 INFO  [o.n.k.i.t.l.c.CheckPointerImpl] [neo4j/79ffee62] Checkpoint triggered by "Database shutdown" @ txId: 15 checkpoint started...
2025-12-27 17:58:15.752+0000 INFO  [o.n.k.i.t.l.c.CheckPointerImpl] [neo4j/79ffee62] Checkpoint triggered by "Database shutdown" @ txId: 15 checkpoint completed in 103ms. Checkpoint flushed 38 pages (0% of total available pages), in 38 IOs. Checkpoint performed with IO limit: unlimited, paused in total 0 times( 0 millis).
2025-12-27 17:58:15.752+0000 INFO  [o.n.k.i.t.l.p.LogPruningImpl] [neo4j/79ffee62] No log version pruned. The strategy used was '2 days 2147483648 size'. 
2025-12-27 17:58:15.882+0000 INFO  [o.n.d.d.DatabaseLifecycles] Stopped 'DatabaseId{79ffee62[neo4j]}' successfully.
2025-12-27 17:58:15.883+0000 INFO  [o.n.d.d.DatabaseLifecycles] Stopping 'DatabaseId{00000000[system]}'.
2025-12-27 17:58:15.884+0000 INFO  [o.n.k.a.DatabaseAvailabilityGuard] [system/00000000] Requirement `Database unavailable` makes database system unavailable.
2025-12-27 17:58:15.884+0000 INFO  [o.n.k.a.DatabaseAvailabilityGuard] [system/00000000] DatabaseId{00000000[system]} is unavailable.
2025-12-27 17:58:15.885+0000 INFO  [o.n.k.d.Database] [system/00000000] Waiting for closing transactions.
2025-12-27 17:58:15.885+0000 INFO  [o.n.k.d.Database] [system/00000000] All transactions are closed.
2025-12-27 17:58:15.885+0000 INFO  [o.n.k.i.t.l.c.CheckPointerImpl] [system/00000000] Checkpoint triggered by "Database shutdown" @ txId: 37 checkpoint started...
2025-12-27 17:58:16.050+0000 INFO  [o.n.k.i.t.l.c.CheckPointerImpl] [system/00000000] Checkpoint triggered by "Database shutdown" @ txId: 37 checkpoint completed in 164ms. Checkpoint flushed 69 pages (0% of total available pages), in 69 IOs. Checkpoint performed with IO limit: unlimited, paused in total 0 times( 0 millis).
2025-12-27 17:58:16.051+0000 INFO  [o.n.k.i.t.l.p.LogPruningImpl] [system/00000000] No log version pruned. The strategy used was '2 days 2147483648 size'. 
2025-12-27 17:58:16.157+0000 INFO  [o.n.d.d.DatabaseLifecycles] Stopped 'DatabaseId{00000000[system]}' successfully.
2025-12-27 17:58:16.160+0000 INFO  [o.n.b.BoltServer] Shutting down Bolt server
2025-12-27 17:58:16.160+0000 INFO  [o.n.b.p.c.c.ConnectionRegistry] Stopping 0 connections for connector bolt
2025-12-27 17:58:16.160+0000 INFO  [o.n.b.p.c.c.ConnectionRegistry] Stopped all remaining connections for connector bolt
2025-12-27 17:58:21.183+0000 INFO  [o.n.b.BoltServer] Bolt server has been shut down
2025-12-27 17:58:41.293+0000 INFO  [o.n.g.f.m.GlobalModule] Logging config in use: File '/var/lib/neo4j/conf/server-logs.xml'
2025-12-27 17:58:41.921+0000 INFO  [o.n.i.d.DiagnosticsManager] 
                                                                ********************************************************************************
                                                                                             [ System diagnostics ]                             
                                                                ********************************************************************************
                                                                --------------------------------------------------------------------------------
                                                                                         [ System memory information ]                          
                                                                --------------------------------------------------------------------------------
                                                                Total Physical memory: 15.34GiB
                                                                Free Physical memory: 914.7MiB
                                                                Committed virtual memory: 5.808GiB
                                                                Total swap space: 4.000GiB
                                                                Free swap space: 3.999GiB
                                                                
                                                                --------------------------------------------------------------------------------
                                                                                           [ JVM memory information ]                           
                                                                --------------------------------------------------------------------------------
                                                                Free  memory: 989.5MiB
                                                                Total memory: 1.000GiB
                                                                Max   memory: 2.000GiB
                                                                Garbage Collector: G1 Young Generation: [G1 Eden Space, G1 Survivor Space, G1 Old Gen]
                                                                Garbage Collector: G1 Old Generation: [G1 Eden Space, G1 Survivor Space, G1 Old Gen]
                                                                Memory Pool: CodeHeap 'non-nmethods' (Non-heap memory): committed=2.438MiB, used=1.232MiB, max=5.570MiB, threshold=0B
                                                                Memory Pool: Metaspace (Non-heap memory): committed=22.13MiB, used=21.82MiB, max=-1B, threshold=0B
                                                                Memory Pool: CodeHeap 'profiled nmethods' (Non-heap memory): committed=5.375MiB, used=5.360MiB, max=117.2MiB, threshold=0B
                                                                Memory Pool: Compressed Class Space (Non-heap memory): committed=2.563MiB, used=2.388MiB, max=1.000GiB, threshold=0B
                                                                Memory Pool: G1 Eden Space (Heap memory): committed=643.0MiB, used=5.000MiB, max=-1B, threshold=?
                                                                Memory Pool: G1 Old Gen (Heap memory): committed=379.0MiB, used=27.62MiB, max=2.000GiB, threshold=0B
                                                                Memory Pool: G1 Survivor Space (Heap memory): committed=2.000MiB, used=1.903MiB, max=-1B, threshold=?
                                                                Memory Pool: CodeHeap 'non-profiled nmethods' (Non-heap memory): committed=2.438MiB, used=1.586MiB, max=117.2MiB, threshold=0B
                                                                
                                                                --------------------------------------------------------------------------------
                                                                                        [ Operating system information ]                        
                                                                --------------------------------------------------------------------------------
                                                                Operating System: Linux; version: 6.17.9-arch1-1; arch: amd64; cpus: 8
                                                                Max number of file descriptors: 524288
                                                                Number of open file descriptors: 191
                                                                Process id: 7
                                                                Byte order: LITTLE_ENDIAN
                                                                Local timezone: Etc/UTC
                                                                Memory page size: 4096
                                                                Unaligned memory access allowed: true
                                                                
                                                                --------------------------------------------------------------------------------
                                                                                              [ JVM information ]                               
                                                                --------------------------------------------------------------------------------
                                                                VM Name: OpenJDK 64-Bit Server VM
                                                                VM Vendor: Eclipse Adoptium
                                                                VM Version: 17.0.9+9
                                                                JIT compiler: HotSpot 64-Bit Tiered Compilers
                                                                VM Arguments: [-XX:+UseG1GC, -XX:-OmitStackTraceInFastThrow, -XX:+AlwaysPreTouch, -XX:+UnlockExperimentalVMOptions, -XX:+TrustFinalNonStaticFields, -XX:+DisableExplicitGC, -Djdk.nio.maxCachedBufferSize=1024, -Dio.netty.tryReflectionSetAccessible=true, -Djdk.tls.ephemeralDHKeySize=2048, -Djdk.tls.rejectClientInitiatedRenegotiation=true, -XX:FlightRecorderOptions=stackdepth=256, -XX:+UnlockDiagnosticVMOptions, -XX:+DebugNonSafepoints, --add-opens=java.base/java.nio=ALL-UNNAMED, --add-opens=java.base/java.io=ALL-UNNAMED, --add-opens=java.base/sun.nio.ch=ALL-UNNAMED, -Dlog4j2.disable.jmx=true, -Dfile.encoding=UTF-8, -Xms1048576k, -Xmx2097152k]
                                                                
                                                                --------------------------------------------------------------------------------
                                                                                               [ Java classpath ]                               
                                                                --------------------------------------------------------------------------------
                                                                 [classpath] /var/lib/neo4j/lib/commons-lang3-3.13.0.jar
                                                                 [classpath] /plugins/graph-data-science.jar
                                                                 [classpath] /var/lib/neo4j/lib/shiro-cache-1.13.0.jar
                                                                 [classpath] /var/lib/neo4j/lib/neo4j-import-tool-5.15.0.jar
                                                                 [classpath] /var/lib/neo4j/lib/netty-common-4.1.100.Final.jar
                                                                 [classpath] /var/lib/neo4j/lib/jetty-security-10.0.17.jar
                                                                 [classpath] /var/lib/neo4j/lib/jPowerShell-3.0.jar
                                                                 [classpath] /var/lib/neo4j/lib/netty-tcnative-classes-2.0.61.Final.jar
                                                                 [classpath] /var/lib/neo4j/lib/netty-transport-4.1.100.Final.jar
                                                                 [classpath] /var/lib/neo4j/lib/mercator_2.13-0.2.1.jar
                                                                 [classpath] /var/lib/neo4j/lib/neo4j-push-to-cloud-5.15.0.jar
                                                                 [classpath] /var/lib/neo4j/lib/neo4j-5.15.0.jar
                                                                 [classpath] /var/lib/neo4j/lib/reactive-streams-1.0.4.jar
                                                                 [classpath] /var/lib/neo4j/lib/neo4j-cypher-ast-factory-5.15.0.jar
                                                                 [classpath] /var/lib/neo4j/lib/jaxb-runtime-2.3.2.jar
                                                                 [classpath] /var/lib/neo4j/lib/server-api-5.15.0.jar
                                                                 [classpath] /var/lib/neo4j/lib/neo4j-procedure-5.15.0.jar
                                                                 [classpath] /var/lib/neo4j/lib/neo4j-security-5.15.0.jar
                                                                 [classpath] /var/lib/neo4j/lib/javassist-3.25.0-GA.jar
                                                                 [classpath] /var/lib/neo4j/lib/commons-io-2.15.0.jar
                                                                 [classpath] /var/lib/neo4j/lib/neo4j-codegen-5.15.0.jar
                                                                 [classpath] /var/lib/neo4j/lib/jersey-container-servlet-2.34.jar
                                                                 [classpath] /var/lib/neo4j/lib/caffeine-3.1.8.jar
                                                                 [classpath] /var/lib/neo4j/lib/neo4j-kernel-api-5.15.0.jar
                                                                 [classpath] /var/lib/neo4j/lib/commons-configuration2-2.9.0.jar
                                                                 [classpath] /var/lib/neo4j/lib/shiro-core-1.13.0.jar
                                                                 [classpath] /var/lib/neo4j/lib/scala-library-2.13.11.jar
                                                                 [classpath] /var/lib/neo4j/lib/jetty-io-10.0.17.jar
                                                                 [classpath] /var/lib/neo4j/lib/neo4j-native-5.15.0.jar
                                                                 [classpath] /var/lib/neo4j/lib/jetty-xml-10.0.17.jar
                                                                 [classpath] /var/lib/neo4j/lib/picocli-4.7.5.jar
                                                                 [classpath] /var/lib/neo4j/lib/neo4j-bolt-5.15.0.jar
                                                                 [classpath] /var/lib/neo4j/lib/jetty-servlet-10.0.17.jar
                                                                 [classpath] /var/lib/neo4j/lib/neo4j-record-storage-engine-5.15.0.jar
                                                                 [classpath] /var/lib/neo4j/lib/neo4j-lock-5.15.0.jar
                                                                 [classpath] /var/lib/neo4j/lib/neo4j-cypher-5.15.0.jar
                                                                 [classpath] /var/lib/neo4j/conf/*
                                                                 [classpath] /var/lib/neo4j/lib/neo4j-values-5.15.0.jar
                                                                 [classpath] /var/lib/neo4j/lib/neo4j-cypher-planner-5.15.0.jar
                                                                 [classpath] /var/lib/neo4j/lib/WMI4Java-1.6.3.jar
                                                                 [classpath] /var/lib/neo4j/lib/neo4j-cypher-planner-spi-5.15.0.jar
                                                                 [classpath] /var/lib/neo4j/lib/neo4j-util-5.15.0.jar
                                                                 [classpath] /var/lib/neo4j/lib/neo4j-collections-5.15.0.jar
                                                                 [classpath] /var/lib/neo4j/lib/jakarta.xml.bind-api-2.3.2.jar
                                                                 [classpath] /var/lib/neo4j/lib/jProcesses-1.6.5.jar
                                                                 [classpath] /var/lib/neo4j/lib/neo4j-csv-5.15.0.jar
                                                                 [classpath] /var/lib/neo4j/lib/neo4j-consistency-check-5.15.0.jar
                                                                 [classpath] /var/lib/neo4j/lib/neo4j-procedure-api-5.15.0.jar
                                                                 [classpath] /var/lib/neo4j/lib/neo4j-lucene-index-5.15.0.jar
                                                                 [classpath] /var/lib/neo4j/lib/hk2-locator-2.6.1.jar
                                                                 [classpath] /var/lib/neo4j/lib/neo4j-expressions-5.15.0.jar
                                                                 [classpath] /var/lib/neo4j/lib/neo4j-configuration-5.15.0.jar
                                                                 [classpath] /var/lib/neo4j/lib/jersey-common-2.34.jar
                                                                 [classpath] /var/lib/neo4j/lib/neo4j-schema-5.15.0.jar
                                                                 [classpath] /var/lib/neo4j/lib/neo4j-logging-5.15.0.jar
                                                                 [classpath] /var/lib/neo4j/lib/neo4j-common-5.15.0.jar
                                                                 [classpath] /var/lib/neo4j/lib/jackson-annotations-2.15.2.jar
                                                                 [classpath] /var/lib/neo4j/lib/eclipse-collections-api-11.1.0.jar
                                                                 [classpath] /var/lib/neo4j/lib/jersey-container-servlet-core-2.34.jar
                                                                 [classpath] /var/lib/neo4j/lib/neo4j-id-generator-5.15.0.jar
                                                                 [classpath] /var/lib/neo4j/lib/jansi-2.4.0.jar
                                                                 [classpath] /var/lib/neo4j/lib/jetty-webapp-10.0.17.jar
                                                                 [classpath] /var/lib/neo4j/lib/neo4j-dbms-5.15.0.jar
                                                                 [classpath] /var/lib/neo4j/lib/jetty-http-10.0.17.jar
                                                                 [classpath] /var/lib/neo4j/lib/neo4j-spatial-index-5.15.0.jar
                                                                 [classpath] /var/lib/neo4j/lib/shiro-config-core-1.13.0.jar
                                                                 [classpath] /var/lib/neo4j/lib/ipaddress-5.4.0.jar
                                                                 [classpath] /var/lib/neo4j/lib/neo4j-server-5.15.0.jar
                                                                 [classpath] /var/lib/neo4j/lib/jline-terminal-3.21.0.jar
                                                                 [classpath] /var/lib/neo4j/lib/netty-transport-classes-kqueue-4.1.100.Final.jar
                                                                 [classpath] /var/lib/neo4j/lib/neo4j-cypher-logical-plans-5.15.0.jar
                                                                 [classpath] /var/lib/neo4j/lib/neo4j-io-5.15.0.jar
                                                                 [classpath] /var/lib/neo4j/lib/netty-transport-native-kqueue-4.1.100.Final-osx-aarch_64.jar
                                                                 [classpath] /var/lib/neo4j/lib/neo4j-cypher-physical-planning-5.15.0.jar
                                                                 [classpath] /var/lib/neo4j/lib/neo4j-resource-5.15.0.jar
                                                                 [classpath] /var/lib/neo4j/lib/lucene-analysis-common-9.8.0.jar
                                                                 [classpath] /var/lib/neo4j/lib/commons-text-1.11.0.jar
                                                                 [classpath] /var/lib/neo4j/lib/neo4j-cypher-config-5.15.0.jar
                                                                 [classpath] /var/lib/neo4j/lib/kiama_2.13-2.5.1.jar
                                                                 [classpath] /var/lib/neo4j/lib/jakarta.ws.rs-api-2.1.6.jar
                                                                 [classpath] /var/lib/neo4j/lib/zstd-proxy-5.15.0.jar
                                                                 [classpath] /var/lib/neo4j/lib/jline-terminal-jansi-3.21.0.jar
                                                                 [classpath] /var/lib/neo4j/lib/hk2-api-2.6.1.jar
                                                                 [classpath] /var/lib/neo4j/lib/reactor-core-3.5.11.jar
                                                                 [classpath] /var/lib/neo4j/lib/netty-transport-native-epoll-4.1.100.Final-linux-x86_64.jar
                                                                 [classpath] /var/lib/neo4j/lib/shiro-lang-1.13.0.jar
                                                                 [classpath] /var/lib/neo4j/lib/istack-commons-runtime-3.0.8.jar
                                                                 [classpath] /var/lib/neo4j/lib/jackson-jaxrs-json-provider-2.15.2.jar
                                                                 [classpath] /var/lib/neo4j/lib/jetty-servlet-api-4.0.6.jar
                                                                 [classpath] /var/lib/neo4j/lib/shiro-crypto-cipher-1.13.0.jar
                                                                 [classpath] /var/lib/neo4j/lib/neo4j-exceptions-5.15.0.jar
                                                                 [classpath] /var/lib/neo4j/lib/eclipse-collections-11.1.0.jar
                                                                 [classpath] /var/lib/neo4j/lib/neo4j-fulltext-index-5.15.0.jar
                                                                 [classpath] /var/lib/neo4j/lib/netty-transport-native-kqueue-4.1.100.Final-osx-x86_64.jar
                                                                 [classpath] /var/lib/neo4j/lib/neo4j-capabilities-5.15.0.jar
                                                                 [classpath] /var/lib/neo4j/lib/neo4j-cypher-macros-5.15.0.jar
                                                                 [classpath] /var/lib/neo4j/lib/neo4j-ssl-5.15.0.jar
                                                                 [classpath] /var/lib/neo4j/lib/neo4j-fabric-5.15.0.jar
                                                                 [classpath] /var/lib/neo4j/lib/jetty-util-10.0.17.jar
                                                                 [classpath] /var/lib/neo4j/lib/neo4j-browser-5.12.0.jar
                                                                 [classpath] /var/lib/neo4j/lib/jetty-server-10.0.17.jar
                                                                 [classpath] /var/lib/neo4j/lib/neo4j-cypher-dsl-2023.8.0.jar
                                                                 [classpath] /var/lib/neo4j/lib/jackson-jaxrs-base-2.15.2.jar
                                                                 [classpath] /var/lib/neo4j/lib/neo4j-graph-algo-5.15.0.jar
                                                                 [classpath] /var/lib/neo4j/lib/jakarta.activation-api-1.2.2.jar
                                                                 [classpath] /var/lib/neo4j/lib/neo4j-cypher-javacc-parser-5.15.0.jar
                                                                 [classpath] /var/lib/neo4j/lib/jakarta.validation-api-2.0.2.jar
                                                                 [classpath] /var/lib/neo4j/lib/magnolia_2.13-0.17.0.jar
                                                                 [classpath] /var/lib/neo4j/lib/jctools-core-4.0.1.jar
                                                                 [classpath] /var/lib/neo4j/lib/neo4j-slf4j-provider-5.15.0.jar
                                                                 [classpath] /var/lib/neo4j/lib/jettison-1.5.4.jar
                                                                 [classpath] /var/lib/neo4j/lib/netty-transport-native-epoll-4.1.100.Final-linux-aarch_64.jar
                                                                 [classpath] /var/lib/neo4j/lib/jakarta.inject-2.6.1.jar
                                                                 [classpath] /var/lib/neo4j/lib/neo4j-index-5.15.0.jar
                                                                 [classpath] /var/lib/neo4j/lib/hk2-utils-2.6.1.jar
                                                                 [classpath] /var/lib/neo4j/lib/stax-ex-1.8.1.jar
                                                                 [classpath] /var/lib/neo4j/lib/neo4j-ast-5.15.0.jar
                                                                 [classpath] /var/lib/neo4j/lib/annotations-5.15.0.jar
                                                                 [classpath] /var/lib/neo4j/lib/txw2-2.3.2.jar
                                                                 [classpath] /var/lib/neo4j/lib/slf4j-api-2.0.9.jar
                                                                 [classpath] /var/lib/neo4j/lib/netty-codec-4.1.100.Final.jar
                                                                 [classpath] /var/lib/neo4j/lib/netty-buffer-4.1.100.Final.jar
                                                                 [classpath] /var/lib/neo4j/lib/commons-compress-1.24.0.jar
                                                                 [classpath] /var/lib/neo4j/lib/lucene-core-9.8.0.jar
                                                                 [classpath] /var/lib/neo4j/lib/log4j-api-2.20.0.jar
                                                                 [classpath] /var/lib/neo4j/lib/neo4j-cypher-ir-5.15.0.jar
                                                                 [classpath] /var/lib/neo4j/lib/lucene-queryparser-9.8.0.jar
                                                                 [classpath] /var/lib/neo4j/lib/jline-reader-3.21.0.jar
                                                                 [classpath] /var/lib/neo4j/lib/cypher-shell-5.15.0.jar
                                                                 [classpath] /var/lib/neo4j/lib/FastInfoset-1.2.16.jar
                                                                 [classpath] /var/lib/neo4j/lib/argparse4j-0.9.0.jar
                                                                 [classpath] /var/lib/neo4j/lib/neo4j-concurrent-5.15.0.jar
                                                                 [classpath] /var/lib/neo4j/lib/log4j-core-2.20.0.jar
                                                                 [classpath] /var/lib/neo4j/lib/shiro-event-1.13.0.jar
                                                                 [classpath] /var/lib/neo4j/lib/neo4j-token-api-5.15.0.jar
                                                                 [classpath] /var/lib/neo4j/lib/commons-logging-1.2.jar
                                                                 [classpath] /var/lib/neo4j/lib/jna-5.13.0.jar
                                                                 [classpath] /var/lib/neo4j/lib/jackson-core-2.15.2.jar
                                                                 [classpath] /var/lib/neo4j/lib/neo4j-data-collector-5.15.0.jar
                                                                 [classpath] /var/lib/neo4j/lib/neo4j-storage-engine-util-5.15.0.jar
                                                                 [classpath] /var/lib/neo4j/lib/neo4j-rewriting-5.15.0.jar
                                                                 [classpath] /var/lib/neo4j/lib/netty-resolver-4.1.100.Final.jar
                                                                 [classpath] /var/lib/neo4j/lib/neo4j-cypher-expression-evaluator-5.15.0.jar
                                                                 [classpath] /var/lib/neo4j/lib/neo4j-import-util-5.15.0.jar
                                                                 [classpath] /var/lib/neo4j/lib/zstd-jni-1.5.5-10.jar
                                                                 [classpath] /var/lib/neo4j/lib/neo4j-query-router-5.15.0.jar
                                                                 [classpath] /var/lib/neo4j/lib/neo4j-bootcheck-5.15.0.jar
                                                                 [classpath] /var/lib/neo4j/lib/jackson-databind-2.15.2.jar
                                                                 [classpath] /var/lib/neo4j/lib/neo4j-wal-5.15.0.jar
                                                                 [classpath] /var/lib/neo4j/lib/neo4j-cypher-slotted-runtime-5.15.0.jar
                                                                 [classpath] /var/lib/neo4j/lib/netty-handler-4.1.100.Final.jar
                                                                 [classpath] /var/lib/neo4j/lib/neo4j-java-driver-5.15.0.jar
                                                                 [classpath] /var/lib/neo4j/lib/scala-reflect-2.13.11.jar
                                                                 [classpath] /var/lib/neo4j/lib/jakarta.annotation-api-1.3.5.jar
                                                                 [classpath] /var/lib/neo4j/lib/cypher-literal-interpreter-5.15.0.jar
                                                                 [classpath] /var/lib/neo4j/lib/neo4j-cypher-interpreted-runtime-5.15.0.jar
                                                                 [classpath] /var/lib/neo4j/lib/shiro-crypto-core-1.13.0.jar
                                                                 [classpath] /var/lib/neo4j/lib/jackson-module-jaxb-annotations-2.15.2.jar
                                                                 [classpath] /var/lib/neo4j/lib/neo4j-unsafe-5.15.0.jar
                                                                 [classpath] /var/lib/neo4j/lib/neo4j-diagnostics-5.15.0.jar
                                                                 [classpath] /var/lib/neo4j/lib/netty-transport-classes-epoll-4.1.100.Final.jar
                                                                 [classpath] /var/lib/neo4j/lib/neo4j-command-line-5.15.0.jar
                                                                 [classpath] /var/lib/neo4j/lib/netty-transport-native-unix-common-4.1.100.Final.jar
                                                                 [classpath] /var/lib/neo4j/lib/netty-codec-http-4.1.100.Final.jar
                                                                 [classpath] /var/lib/neo4j/lib/neo4j-layout-5.15.0.jar
                                                                 [classpath] /var/lib/neo4j/lib/neo4j-cypher-cache-5.15.0.jar
                                                                 [classpath] /var/lib/neo4j/lib/neo4j-cypher-runtime-util-5.15.0.jar
                                                                 [classpath] /var/lib/neo4j/lib/lucene-backward-codecs-9.8.0.jar
                                                                 [classpath] /var/lib/neo4j/lib/log4j-layout-template-json-2.20.0.jar
                                                                 [classpath] /var/lib/neo4j/lib/shiro-crypto-hash-1.13.0.jar
                                                                 [classpath] /var/lib/neo4j/lib/jersey-server-2.34.jar
                                                                 [classpath] /var/lib/neo4j/lib/scala-collection-contrib_2.13-0.3.0.jar
                                                                 [classpath] /var/lib/neo4j/lib/neo4j-kernel-5.15.0.jar
                                                                 [classpath] /plugins/apoc.jar
                                                                 [classpath] /var/lib/neo4j/lib/neo4j-monitoring-5.15.0.jar
                                                                 [classpath] /var/lib/neo4j/lib/cypher-ast-factory-5.15.0.jar
                                                                 [classpath] /var/lib/neo4j/lib/jersey-client-2.34.jar
                                                                 [classpath] /var/lib/neo4j/lib/neo4j-graphdb-api-5.15.0.jar
                                                                 [classpath] /var/lib/neo4j/lib/neo4j-front-end-5.15.0.jar
                                                                 [classpath] /var/lib/neo4j/lib/jersey-hk2-2.34.jar
                                                                
                                                                --------------------------------------------------------------------------------
                                                                                                [ Library path ]                                
                                                                --------------------------------------------------------------------------------
                                                                /usr/java/packages/lib
                                                                /usr/lib64
                                                                /lib64
                                                                /lib
                                                                /usr/lib
                                                                
                                                                --------------------------------------------------------------------------------
                                                                                             [ System properties ]                              
                                                                --------------------------------------------------------------------------------
                                                                jdk.tls.rejectClientInitiatedRenegotiation = true
                                                                sun.jnu.encoding = ANSI_X3.4-1968
                                                                sun.arch.data.model = 64
                                                                user.timezone = Etc/UTC
                                                                sun.java.launcher = SUN_STANDARD
                                                                user.country = US
                                                                sun.boot.library.path = /opt/java/openjdk/lib
                                                                sun.java.command = org.neo4j.server.CommunityEntryPoint --home-dir=/var/lib/neo4j --config-dir=/var/lib/neo4j/conf --console-mode
                                                                jdk.debug = release
                                                                io.netty.tryReflectionSetAccessible = true
                                                                sun.cpu.endian = little
                                                                user.home = /var/lib/neo4j
                                                                user.language = en
                                                                file.separator = /
                                                                jdk.tls.ephemeralDHKeySize = 2048
                                                                sun.management.compiler = HotSpot 64-Bit Tiered Compilers
                                                                user.name = neo4j
                                                                jdk.nio.maxCachedBufferSize = 1024
                                                                path.separator = :
                                                                file.encoding = UTF-8
                                                                jnidispatch.path = /var/lib/neo4j/.cache/JNA/temp/jna4979839690076333056.tmp
                                                                jna.loaded = true
                                                                user.dir = /var/lib/neo4j
                                                                native.encoding = ANSI_X3.4-1968
                                                                sun.io.unicode.encoding = UnicodeLittle
                                                                log4j2.disable.jmx = true
                                                                
                                                                --------------------------------------------------------------------------------
                                                                                      [ (IANA) TimeZone database version ]                      
                                                                --------------------------------------------------------------------------------
                                                                  TimeZone version: 2023c (available for 603 zone identifiers)
                                                                
                                                                --------------------------------------------------------------------------------
                                                                                            [ Network information ]                             
                                                                --------------------------------------------------------------------------------
                                                                Interface eth0:
                                                                    address: 172.21.0.2
                                                                Interface lo:
                                                                    address: 0:0:0:0:0:0:0:1%lo
                                                                    address: 127.0.0.1
                                                                
                                                                --------------------------------------------------------------------------------
                                                                                         [ Native access information ]                          
                                                                --------------------------------------------------------------------------------
                                                                Native access details: Linux native access is available.
                                                                
                                                                --------------------------------------------------------------------------------
                                                                                                [ DBMS config ]                                 
                                                                --------------------------------------------------------------------------------
                                                                DBMS provided settings:
                                                                db.tx_log.rotation.retention_policy=2 days 2G
                                                                dbms.security.procedures.unrestricted=apoc.*
                                                                server.bolt.enabled=true
                                                                server.default_listen_address=0.0.0.0
                                                                server.directories.import=/var/lib/neo4j/import
                                                                server.directories.logs=/logs
                                                                server.directories.neo4j_home=/var/lib/neo4j
                                                                server.directories.plugins=/plugins
                                                                server.http.enabled=true
                                                                server.https.enabled=false
                                                                server.jvm.additional=-XX:+UseG1GC
-XX:-OmitStackTraceInFastThrow
-XX:+AlwaysPreTouch
-XX:+UnlockExperimentalVMOptions
-XX:+TrustFinalNonStaticFields
-XX:+DisableExplicitGC
-Djdk.nio.maxCachedBufferSize=1024
-Dio.netty.tryReflectionSetAccessible=true
-Djdk.tls.ephemeralDHKeySize=2048
-Djdk.tls.rejectClientInitiatedRenegotiation=true
-XX:FlightRecorderOptions=stackdepth=256
-XX:+UnlockDiagnosticVMOptions
-XX:+DebugNonSafepoints
--add-opens=java.base/java.nio=ALL-UNNAMED
--add-opens=java.base/java.io=ALL-UNNAMED
--add-opens=java.base/sun.nio.ch=ALL-UNNAMED
-Dlog4j2.disable.jmx=true
                                                                server.memory.heap.initial_size=1.00GiB
                                                                server.memory.heap.max_size=2.00GiB
                                                                server.memory.pagecache.size=512.00MiB
                                                                server.windows_service_name=neo4j
                                                                Directories in use:
                                                                server.directories.data=/var/lib/neo4j/data
                                                                server.directories.dumps.root=/var/lib/neo4j/data/dumps
                                                                server.directories.import=/var/lib/neo4j/import
                                                                server.directories.lib=/var/lib/neo4j/lib
                                                                server.directories.licenses=/var/lib/neo4j/licenses
                                                                server.directories.logs=/logs
                                                                server.directories.neo4j_home=/var/lib/neo4j
                                                                server.directories.plugins=/plugins
                                                                server.directories.run=/var/lib/neo4j/run
                                                                server.directories.script.root=/var/lib/neo4j/data/scripts
                                                                server.directories.transaction.logs.root=/var/lib/neo4j/data/transactions
                                                                
                                                                --------------------------------------------------------------------------------
                                                                                                 [ Packaging ]                                  
                                                                --------------------------------------------------------------------------------
                                                                Edition: Community
                                                                Package Type: tar
                                                                
2025-12-27 17:58:41.974+0000 INFO  [o.n.d.i.DefaultIdentityModule] Found ServerId on disk: ServerId{10e849f6} (10e849f6-88c6-4229-9105-45e81ca75cf9)
2025-12-27 17:58:41.976+0000 INFO  [o.n.d.i.DefaultIdentityModule] This instance is ServerId{10e849f6} (10e849f6-88c6-4229-9105-45e81ca75cf9)
2025-12-27 17:58:43.291+0000 INFO  [o.n.s.CommunityNeoWebServer] ======== Neo4j 5.15.0 ========
2025-12-27 17:58:43.313+0000 INFO  [o.n.d.d.DatabaseLifecycles] Creating 'DatabaseId{00000000[system]}'.
2025-12-27 17:58:43.412+0000 INFO  [a.ApocConfig] successfully registered ApocConfig for @Context
2025-12-27 17:58:43.445+0000 INFO  [c.n.g.e.GraphDataScienceExtension] Progress tracking: enabled
2025-12-27 17:58:43.447+0000 INFO  [c.n.g.e.GraphDataScienceExtension] Memory usage guard: minimum estimate
2025-12-27 17:58:43.453+0000 INFO  [c.n.g.e.GraphDataScienceExtension] GDS license file: null
2025-12-27 17:58:43.454+0000 INFO  [c.n.g.e.GraphDataScienceExtension] GDS license state: unlicensed
2025-12-27 17:58:43.466+0000 INFO  [c.n.g.e.GraphDataScienceExtension] Register GraphDataScience...
2025-12-27 17:58:43.496+0000 INFO  [c.n.g.e.GraphDataScienceExtension] GraphDataScience registered.
2025-12-27 17:58:43.497+0000 INFO  [c.n.g.e.GraphDataScienceExtension] Register GraphDataScienceExtras...
2025-12-27 17:58:43.498+0000 INFO  [c.n.g.e.GraphDataScienceExtension] GraphDataScienceExtras registered.
2025-12-27 17:58:43.498+0000 INFO  [c.n.g.e.GraphDataScienceExtension] Register MetricsFacade...
2025-12-27 17:58:43.500+0000 INFO  [c.n.g.e.GraphDataScienceExtension] MetricsFacade registered.
2025-12-27 17:58:43.502+0000 INFO  [c.n.g.e.GraphDataScienceExtension] Register legacy Task Store/ Registry...
2025-12-27 17:58:43.503+0000 INFO  [c.n.g.e.GraphDataScienceExtension] Task Store/ Registry registered.
2025-12-27 17:58:43.504+0000 INFO  [c.n.g.e.GraphDataScienceExtension] Register legacy User Log Registry...
2025-12-27 17:58:43.505+0000 INFO  [c.n.g.e.GraphDataScienceExtension] User Log Registry registered.
2025-12-27 17:58:43.520+0000 INFO  [a.Pools] successfully registered Pools for @Context
2025-12-27 17:58:43.540+0000 INFO  [a.ApocConfig] from system properties: NEO4J_CONF=/var/lib/neo4j/conf
2025-12-27 17:58:43.540+0000 INFO  [a.ApocConfig] system property NEO4J_CONF set to /var/lib/neo4j/conf
2025-12-27 17:58:43.541+0000 INFO  [a.ApocConfig] loading apoc meta config from jar:file:/plugins/apoc.jar!/apoc-config.xml
2025-12-27 17:58:43.868+0000 INFO  [a.ApocConfig] setting APOC config to default value: apoc.trigger.enabled=false
2025-12-27 17:58:43.893+0000 INFO  [o.n.g.c.GdsProxyExtension] GDS compatibility: for Neo4j Settings 5.x -- available, for Neo4j Settings 4.4 -- not available, selected: Neo4j Settings 5.x
2025-12-27 17:58:43.893+0000 INFO  [o.n.g.c.GdsProxyExtension] GDS compatibility: for Neo4j 4.4 -- not available, for Neo4j 5.11 -- not available, for Neo4j 5.12 -- not available, for Neo4j 5.13 -- not available, for Neo4j 5.14 -- not available, for Neo4j 5.15 -- available, for Neo4j 5.16 -- not available, for Neo4j 5.17 -- not available, for Neo4j 5.18 -- not available, for Neo4j 5.19 -- not available, for Neo4j 5.20 -- not available, selected: Neo4j 5.15
2025-12-27 17:58:43.974+0000 INFO  [o.n.b.BoltServer] Using connector transport epoll
2025-12-27 17:58:44.074+0000 INFO  [o.n.b.BoltServer] Configured external Bolt connector with listener address /0.0.0.0:7687
2025-12-27 17:58:44.075+0000 INFO  [o.n.b.BoltServer] Bolt server loaded
2025-12-27 17:58:44.115+0000 INFO  [o.n.d.d.DatabaseLifecycles] Starting 'DatabaseId{00000000[system]}'.
2025-12-27 17:58:44.538+0000 INFO  [o.n.k.i.t.l.f.c.CheckpointLogFile] [system/00000000] Scanning log file with version 0 for checkpoint entries
2025-12-27 17:58:44.615+0000 INFO  [o.n.k.i.s.f.RecordFormatSelector] [system/00000000] Selected RecordFormat:PageAlignedV5_0[aligned-1.1] record format from store /data/databases/system
2025-12-27 17:58:44.616+0000 INFO  [o.n.k.i.s.f.RecordFormatSelector] [system/00000000] Selected format from the store files: RecordFormat:PageAlignedV5_0[aligned-1.1]
2025-12-27 17:58:45.299+0000 INFO  [o.n.i.d.DiagnosticsManager] [system/00000000] 
                                                                [system/00000000] ********************************************************************************
                                                                [system/00000000]                               [ Database: system ]                              
                                                                [system/00000000] ********************************************************************************
                                                                [system/00000000] --------------------------------------------------------------------------------
                                                                [system/00000000]                                   [ Version ]                                   
                                                                [system/00000000] --------------------------------------------------------------------------------
                                                                [system/00000000] DBMS: community record-aligned-1.1
                                                                [system/00000000] Kernel version: 5.15.0
                                                                [system/00000000] 
                                                                [system/00000000] --------------------------------------------------------------------------------
                                                                [system/00000000]                                 [ Store files ]                                 
                                                                [system/00000000] --------------------------------------------------------------------------------
                                                                [system/00000000] Disk space on partition (Total / Free / Free %): 509943480320 / 372452311040 / 73
                                                                [system/00000000] Storage files stored on file store: btrfs
                                                                [system/00000000] Storage files: (filename : modification date - size)
                                                                [system/00000000]   database_lock: 2025-12-27 17:49:48.143+0000 - 0B
                                                                [system/00000000]   neostore: 2025-12-27 17:49:47.894+0000 - 8.000KiB
                                                                [system/00000000]   neostore.counts.db: 2025-12-27 17:58:45.054+0000 - 48.00KiB
                                                                [system/00000000]   neostore.indexstats.db: 2025-12-27 17:58:45.091+0000 - 48.00KiB
                                                                [system/00000000]   neostore.labeltokenstore.db: 2025-12-27 17:58:16.035+0000 - 8.000KiB
                                                                [system/00000000]   neostore.labeltokenstore.db.id: 2025-12-27 17:58:44.988+0000 - 40.00KiB
                                                                [system/00000000]   neostore.labeltokenstore.db.names: 2025-12-27 17:58:16.044+0000 - 8.000KiB
                                                                [system/00000000]   neostore.labeltokenstore.db.names.id: 2025-12-27 17:58:44.982+0000 - 40.00KiB
                                                                [system/00000000]   neostore.nodestore.db: 2025-12-27 17:58:16.037+0000 - 8.000KiB
                                                                [system/00000000]   neostore.nodestore.db.id: 2025-12-27 17:58:44.906+0000 - 40.00KiB
                                                                [system/00000000]   neostore.nodestore.db.labels: 2025-12-27 17:49:47.811+0000 - 8.000KiB
                                                                [system/00000000]   neostore.nodestore.db.labels.id: 2025-12-27 17:58:44.890+0000 - 40.00KiB
                                                                [system/00000000]   neostore.propertystore.db: 2025-12-27 17:58:16.041+0000 - 8.000KiB
                                                                [system/00000000]   neostore.propertystore.db.arrays: 2025-12-27 17:49:47.836+0000 - 8.000KiB
                                                                [system/00000000]   neostore.propertystore.db.arrays.id: 2025-12-27 17:58:44.935+0000 - 40.00KiB
                                                                [system/00000000]   neostore.propertystore.db.id: 2025-12-27 17:58:44.955+0000 - 40.00KiB
                                                                [system/00000000]   neostore.propertystore.db.index: 2025-12-27 17:58:16.021+0000 - 8.000KiB
                                                                [system/00000000]   neostore.propertystore.db.index.id: 2025-12-27 17:58:44.921+0000 - 40.00KiB
                                                                [system/00000000]   neostore.propertystore.db.index.keys: 2025-12-27 17:58:16.039+0000 - 8.000KiB
                                                                [system/00000000]   neostore.propertystore.db.index.keys.id: 2025-12-27 17:58:44.912+0000 - 40.00KiB
                                                                [system/00000000]   neostore.propertystore.db.strings: 2025-12-27 17:58:16.024+0000 - 8.000KiB
                                                                [system/00000000]   neostore.propertystore.db.strings.id: 2025-12-27 17:58:44.927+0000 - 40.00KiB
                                                                [system/00000000]   neostore.relationshipgroupstore.db: 2025-12-27 17:49:47.883+0000 - 8.000KiB
                                                                [system/00000000]   neostore.relationshipgroupstore.db.id: 2025-12-27 17:58:45.002+0000 - 40.00KiB
                                                                [system/00000000]   neostore.relationshipgroupstore.degrees.db: 2025-12-27 17:58:45.078+0000 - 40.00KiB
                                                                [system/00000000]   neostore.relationshipstore.db: 2025-12-27 17:58:16.019+0000 - 8.000KiB
                                                                [system/00000000]   neostore.relationshipstore.db.id: 2025-12-27 17:58:44.963+0000 - 40.00KiB
                                                                [system/00000000]   neostore.relationshiptypestore.db: 2025-12-27 17:58:16.030+0000 - 8.000KiB
                                                                [system/00000000]   neostore.relationshiptypestore.db.id: 2025-12-27 17:58:44.976+0000 - 40.00KiB
                                                                [system/00000000]   neostore.relationshiptypestore.db.names: 2025-12-27 17:58:16.027+0000 - 8.000KiB
                                                                [system/00000000]   neostore.relationshiptypestore.db.names.id: 2025-12-27 17:58:44.968+0000 - 40.00KiB
                                                                [system/00000000]   neostore.schemastore.db: 2025-12-27 17:58:16.032+0000 - 8.000KiB
                                                                [system/00000000]   neostore.schemastore.db.id: 2025-12-27 17:58:44.996+0000 - 40.00KiB
                                                                [system/00000000]   schema:
                                                                [system/00000000]     index:
                                                                [system/00000000]       range-1.0:
                                                                [system/00000000]         3:
                                                                [system/00000000]           index-3: 2025-12-27 17:58:16.060+0000 - 48.00KiB
                                                                [system/00000000]         - Total: 2025-12-27 17:50:15.223+0000 - 48.00KiB
                                                                [system/00000000]         4:
                                                                [system/00000000]           index-4: 2025-12-27 17:58:16.064+0000 - 48.00KiB
                                                                [system/00000000]         - Total: 2025-12-27 17:50:15.315+0000 - 48.00KiB
                                                                [system/00000000]         7:
                                                                [system/00000000]           index-7: 2025-12-27 17:58:16.069+0000 - 48.00KiB
                                                                [system/00000000]         - Total: 2025-12-27 17:50:15.761+0000 - 48.00KiB
                                                                [system/00000000]         8:
                                                                [system/00000000]           index-8: 2025-12-27 17:58:16.074+0000 - 48.00KiB
                                                                [system/00000000]         - Total: 2025-12-27 17:50:15.808+0000 - 48.00KiB
                                                                [system/00000000]       - Total: 2025-12-27 17:50:15.808+0000 - 192.0KiB
                                                                [system/00000000]       token-lookup-1.0:
                                                                [system/00000000]         1:
                                                                [system/00000000]           index-1: 2025-12-27 17:58:16.052+0000 - 48.00KiB
                                                                [system/00000000]         - Total: 2025-12-27 17:49:48.868+0000 - 48.00KiB
                                                                [system/00000000]         2:
                                                                [system/00000000]           index-2: 2025-12-27 17:58:16.055+0000 - 48.00KiB
                                                                [system/00000000]         - Total: 2025-12-27 17:49:48.796+0000 - 48.00KiB
                                                                [system/00000000]       - Total: 2025-12-27 17:49:48.868+0000 - 96.00KiB
                                                                [system/00000000]     - Total: 2025-12-27 17:50:15.222+0000 - 288.0KiB
                                                                [system/00000000]   - Total: 2025-12-27 17:49:48.793+0000 - 288.0KiB
                                                                [system/00000000] Storage summary: 
                                                                [system/00000000]   Total size of store: 1.078MiB
                                                                [system/00000000]   Total size of mapped files: 408.0KiB
                                                                [system/00000000] 
                                                                [system/00000000] --------------------------------------------------------------------------------
                                                                [system/00000000]                               [ Transaction log ]                               
                                                                [system/00000000] --------------------------------------------------------------------------------
                                                                [system/00000000] Transaction log files stored on file store: btrfs
                                                                [system/00000000] Transaction log metadata:
                                                                [system/00000000]  - current kernel version used in transactions: V5_15
                                                                [system/00000000]  - last committed transaction id: 37
                                                                [system/00000000] Transaction log files:
                                                                [system/00000000]  - existing transaction log versions: 0-0
                                                                [system/00000000]  - oldest transaction 2 found in log with version 0
                                                                [system/00000000]  - files: (filename : creation date - size)
                                                                [system/00000000]      neostore.transaction.db.0: 2025-12-27 17:50:15.890+0000 - 256.0MiB
                                                                [system/00000000]  - total size of files: 256.0MiB
                                                                [system/00000000] Checkpoint log files:
                                                                [system/00000000]  - existing checkpoint log versions: 0-0
                                                                [system/00000000]  - last checkpoint: CheckpointInfo[transactionLogPosition=LogPosition{logVersion=0, byteOffset=19725}, storeId=StoreId{creationTime=1766857787892, random=3888544277544742308, storageEngineName='record', formatName='aligned', majorVersion=1, minorVersion=1}, checkpointEntryPosition=LogPosition{logVersion=0, byteOffset=360}, channelPositionAfterCheckpoint=LogPosition{logVersion=0, byteOffset=592}, checkpointFilePostReadPosition=LogPosition{logVersion=0, byteOffset=592}, kernelVersion=KernelVersion{V5_15,version=14}, kernelVersionByte=14, transactionId=TransactionId[transactionId=37, checksum=1245402325, commitTimestamp=1766857815889, consensusIndex=-1], reason=Checkpoint triggered by "Database shutdown" @ txId: 37]
                                                                [system/00000000] 
                                                                [system/00000000] --------------------------------------------------------------------------------
                                                                [system/00000000]                                   [ Id usage ]                                  
                                                                [system/00000000] --------------------------------------------------------------------------------
                                                                [system/00000000] ArrayPropertyStore[neostore.nodestore.db.labels]: used=1 high=0
                                                                [system/00000000] NodeStore[neostore.nodestore.db]: used=6 high=5
                                                                [system/00000000] StringPropertyStore[neostore.propertystore.db.index.keys]: used=44 high=43
                                                                [system/00000000] PropertyIndexStore[neostore.propertystore.db.index]: used=31 high=30
                                                                [system/00000000] StringPropertyStore[neostore.propertystore.db.strings]: used=3 high=2
                                                                [system/00000000] ArrayPropertyStore[neostore.propertystore.db.arrays]: used=1 high=0
                                                                [system/00000000] PropertyStore[neostore.propertystore.db]: used=59 high=58
                                                                [system/00000000] RelationshipStore[neostore.relationshipstore.db]: used=2 high=1
                                                                [system/00000000] StringPropertyStore[neostore.relationshiptypestore.db.names]: used=2 high=1
                                                                [system/00000000] RelationshipTypeStore[neostore.relationshiptypestore.db]: used=1 high=0
                                                                [system/00000000] StringPropertyStore[neostore.labeltokenstore.db.names]: used=5 high=4
                                                                [system/00000000] LabelTokenStore[neostore.labeltokenstore.db]: used=4 high=3
                                                                [system/00000000] SchemaStore[neostore.schemastore.db]: used=11 high=10
                                                                [system/00000000] RelationshipGroupStore[neostore.relationshipgroupstore.db]: used=1 high=0
                                                                [system/00000000] NeoStore[neostore]: used=-1 high=-1
                                                                [system/00000000] 
                                                                [system/00000000] --------------------------------------------------------------------------------
                                                                [system/00000000]                                   [ Metadata ]                                  
                                                                [system/00000000] --------------------------------------------------------------------------------
                                                                [system/00000000] EXTERNAL_STORE_UUID (Database identifier exposed as external store identity. Generated on creation and never updated): 64a36ccf-64be-46fe-9ee3-1d4f88e92f0e
                                                                [system/00000000] DATABASE_ID (The last used DatabaseId for this database): null
                                                                [system/00000000] LEGACY_STORE_VERSION (Legacy store format version. This field is used from 5.0 onwards only to distinguish non-migrated pre 5.0 metadata stores.): -3523014627327384477
                                                                [system/00000000] STORE_ID (Store ID): StoreId{creationTime=1766857787892, random=3888544277544742308, storageEngineName='record', formatName='aligned', majorVersion=1, minorVersion=1}
                                                                [system/00000000] 
2025-12-27 17:58:45.685+0000 INFO  [o.n.k.i.a.i.IndexingService] [system/00000000] IndexingService.init: indexes not specifically mentioned above are ONLINE. Total 6 indexes. Processed in 94ms
2025-12-27 17:58:45.691+0000 INFO  [o.n.k.a.DatabaseAvailabilityGuard] [system/00000000] Requirement `Database unavailable` makes database system unavailable.
2025-12-27 17:58:45.692+0000 INFO  [o.n.k.a.DatabaseAvailabilityGuard] [system/00000000] DatabaseId{00000000[system]} is unavailable.
2025-12-27 17:58:45.812+0000 INFO  [o.n.k.d.Database] [system/00000000] Starting transaction log [/data/transactions/system/neostore.transaction.db.0] at version=0
2025-12-27 17:58:45.818+0000 INFO  [o.n.k.d.Database] [system/00000000] Starting transaction log [/data/transactions/system/checkpoint.0] at version=0
2025-12-27 17:58:45.820+0000 INFO  [o.n.k.i.t.l.f.c.CheckpointLogFile] [system/00000000] Scanning log file with version 0 for checkpoint entries
2025-12-27 17:58:45.835+0000 INFO  [o.n.k.i.a.i.IndexingService] [system/00000000] IndexingService.start: indexes not specifically mentioned above are ONLINE. Total 6 indexes. Processed in 1ms
2025-12-27 17:58:45.848+0000 INFO  [o.n.k.a.DatabaseAvailabilityGuard] [system/00000000] Fulfilling of requirement 'Database unavailable' makes database system available.
2025-12-27 17:58:45.849+0000 INFO  [o.n.k.a.DatabaseAvailabilityGuard] [system/00000000] DatabaseId{00000000[system]} is ready.
2025-12-27 17:58:46.046+0000 WARN  [o.n.k.a.p.GlobalProcedures] Failed to load `org.neo4j.gds.compat._44.BoltTransactionRunnerImpl` from plugin jar `/plugins/graph-data-science.jar`: java.lang.NoClassDefFoundError: org/neo4j/bolt/runtime/statemachine/impl/BoltAdapterSubscriber
2025-12-27 17:58:46.670+0000 WARN  [o.n.k.a.p.GlobalProcedures] Failed to load `com.neo4j.gds.core.write.CypherNodePropertyExporterBuilder` from plugin jar `/plugins/graph-data-science.jar`: java.lang.NoClassDefFoundError: com/neo4j/kernel/enterprise/api/security/EnterpriseLoginContext
2025-12-27 17:58:47.042+0000 WARN  [o.n.k.a.p.GlobalProcedures] Failed to load `com.neo4j.gds.shaded.io.netty.handler.codec.spdy.SpdyHeaderBlockJZlibEncoder` from plugin jar `/plugins/graph-data-science.jar`: java.lang.NoClassDefFoundError: com/neo4j/gds/shaded/com/jcraft/jzlib/Deflater
2025-12-27 17:58:47.051+0000 WARN  [o.n.k.a.p.GlobalProcedures] Failed to load `apoc.util.hdfs.HDFSUtils$1` from plugin jar `/plugins/apoc.jar`: java.lang.NoClassDefFoundError: org/apache/hadoop/fs/FSDataInputStream
2025-12-27 17:58:47.290+0000 WARN  [o.n.k.a.p.GlobalProcedures] Failed to load `com.neo4j.gds.shaded.io.netty.handler.codec.compression.LzfDecoder` from plugin jar `/plugins/graph-data-science.jar`: java.lang.NoClassDefFoundError: com/neo4j/gds/shaded/com/ning/compress/lzf/ChunkDecoder
2025-12-27 17:58:47.698+0000 WARN  [o.n.k.a.p.GlobalProcedures] Failed to load `com.neo4j.gds.shaded.io.netty.handler.codec.marshalling.DefaultUnmarshallerProvider` from plugin jar `/plugins/graph-data-science.jar`: java.lang.NoClassDefFoundError: com/neo4j/gds/shaded/org/jboss/marshalling/Unmarshaller
2025-12-27 17:58:48.106+0000 WARN  [o.n.k.a.p.GlobalProcedures] Failed to load `org.neo4j.gds.compat._44.BoltTransactionRunnerImpl$1` from plugin jar `/plugins/graph-data-science.jar`: java.lang.NoClassDefFoundError: org/neo4j/bolt/runtime/statemachine/impl/BoltAdapterSubscriber
2025-12-27 17:58:48.277+0000 WARN  [o.n.k.a.p.GlobalProcedures] Failed to load `com.neo4j.gds.shaded.org.ejml.ops.MatrixIO$MflAccess$IO` from plugin jar `/plugins/graph-data-science.jar`: java.lang.NoClassDefFoundError: us/hebi/matlab/mat/types/MatFile
2025-12-27 17:58:48.384+0000 WARN  [o.n.k.a.p.GlobalProcedures] Failed to load `com.neo4j.gds.shaded.io.netty.handler.codec.protobuf.ProtobufEncoderNano` from plugin jar `/plugins/graph-data-science.jar`: java.lang.NoClassDefFoundError: com/neo4j/gds/shaded/com/google/protobuf/nano/MessageNano
2025-12-27 17:58:48.536+0000 WARN  [o.n.k.a.p.GlobalProcedures] Failed to load `com.jayway.jsonpath.spi.json.JakartaJsonProvider$JsonArrayProxy$1` from plugin jar `/plugins/apoc.jar`: java.lang.NoClassDefFoundError: jakarta/json/JsonValue
2025-12-27 17:58:48.537+0000 WARN  [o.n.k.a.p.GlobalProcedures] Failed to load `com.jayway.jsonpath.spi.json.JakartaJsonProvider$JsonArrayProxy$2` from plugin jar `/plugins/apoc.jar`: java.lang.NoClassDefFoundError: jakarta/json/JsonValue
2025-12-27 17:58:49.048+0000 WARN  [o.n.k.a.p.GlobalProcedures] Failed to load `org.neo4j.internal.recordstorage.InMemoryStorageReader44` from plugin jar `/plugins/graph-data-science.jar`: java.lang.NoClassDefFoundError: org/neo4j/counts/CountsAccessor
2025-12-27 17:58:49.117+0000 WARN  [o.n.k.a.p.GlobalProcedures] Failed to load `com.neo4j.gds.ClusterExporterBuilderCatalog$ExporterBuilderCreator` from plugin jar `/plugins/graph-data-science.jar`: java.lang.NoClassDefFoundError: com/neo4j/kernel/enterprise/api/security/EnterpriseLoginContext
2025-12-27 17:58:49.318+0000 WARN  [o.n.k.a.p.GlobalProcedures] Failed to load `com.neo4j.gds.shaded.io.netty.handler.codec.compression.JZlibEncoder` from plugin jar `/plugins/graph-data-science.jar`: java.lang.NoClassDefFoundError: com/neo4j/gds/shaded/com/jcraft/jzlib/Deflater
2025-12-27 17:58:49.771+0000 WARN  [o.n.k.a.p.GlobalProcedures] Failed to load `com.neo4j.gds.metrics.projections.PrometheusMetricsForProjectionsProvider` from plugin jar `/plugins/graph-data-science.jar`: java.lang.NoClassDefFoundError: io/prometheus/client/Counter
2025-12-27 17:58:49.788+0000 WARN  [o.n.k.a.p.GlobalProcedures] Failed to load `com.neo4j.gds.shaded.io.netty.handler.ssl.JettyNpnSslEngine$1` from plugin jar `/plugins/graph-data-science.jar`: java.lang.NoClassDefFoundError: com/neo4j/gds/shaded/org/eclipse/jetty/npn/NextProtoNego$ServerProvider
2025-12-27 17:58:49.789+0000 WARN  [o.n.k.a.p.GlobalProcedures] Failed to load `com.neo4j.gds.shaded.io.netty.handler.ssl.JettyNpnSslEngine$2` from plugin jar `/plugins/graph-data-science.jar`: java.lang.NoClassDefFoundError: com/neo4j/gds/shaded/org/eclipse/jetty/npn/NextProtoNego$ClientProvider
2025-12-27 17:58:50.068+0000 WARN  [o.n.k.a.p.GlobalProcedures] Failed to load `com.neo4j.gds.core.write.CypherNodeLabelExporterBuilder` from plugin jar `/plugins/graph-data-science.jar`: java.lang.NoClassDefFoundError: com/neo4j/kernel/enterprise/api/security/EnterpriseLoginContext
2025-12-27 17:58:50.962+0000 WARN  [o.n.k.a.p.GlobalProcedures] Failed to load `com.neo4j.gds.metrics.PrometheusExecutionMetricProvider` from plugin jar `/plugins/graph-data-science.jar`: java.lang.NoClassDefFoundError: io/prometheus/client/Counter
2025-12-27 17:58:51.567+0000 WARN  [o.n.k.a.p.GlobalProcedures] Failed to load `com.neo4j.gds.shaded.io.netty.handler.codec.compression.LzmaFrameEncoder` from plugin jar `/plugins/graph-data-science.jar`: java.lang.NoClassDefFoundError: lzma/sdk/lzma/Encoder
2025-12-27 17:58:51.964+0000 WARN  [o.n.k.a.p.GlobalProcedures] Failed to load `com.neo4j.gds.metrics.GdsMetricsExtension$GdsMetricLifecycleAdapter` from plugin jar `/plugins/graph-data-science.jar`: java.lang.NoClassDefFoundError: io/prometheus/client/Collector
2025-12-27 17:58:52.200+0000 WARN  [o.n.k.a.p.GlobalProcedures] Failed to load `org.neo4j.gds.compat._44.InMemoryCountsStore` from plugin jar `/plugins/graph-data-science.jar`: java.lang.NoClassDefFoundError: org/neo4j/counts/CountsAccessor$Updater
2025-12-27 17:58:52.615+0000 WARN  [o.n.k.a.p.GlobalProcedures] Failed to load `com.neo4j.gds.shaded.io.netty.util.internal.Hidden$NettyBlockHoundIntegration$1` from plugin jar `/plugins/graph-data-science.jar`: java.lang.NoClassDefFoundError: reactor/blockhound/integration/BlockHoundIntegration
2025-12-27 17:58:52.776+0000 WARN  [o.n.k.a.p.GlobalProcedures] Failed to load `com.neo4j.gds.shaded.io.netty.handler.codec.marshalling.MarshallingEncoder` from plugin jar `/plugins/graph-data-science.jar`: java.lang.NoClassDefFoundError: com/neo4j/gds/shaded/org/jboss/marshalling/ByteOutput
2025-12-27 17:58:52.823+0000 WARN  [o.n.k.a.p.GlobalProcedures] Failed to load `com.neo4j.gds.shaded.io.netty.handler.codec.marshalling.DefaultMarshallerProvider` from plugin jar `/plugins/graph-data-science.jar`: java.lang.NoClassDefFoundError: com/neo4j/gds/shaded/org/jboss/marshalling/Marshaller
2025-12-27 17:58:52.845+0000 WARN  [o.n.k.a.p.GlobalProcedures] Failed to load `com.neo4j.gds.shaded.io.netty.handler.ssl.ConscryptAlpnSslEngine$ServerEngine` from plugin jar `/plugins/graph-data-science.jar`: java.lang.NoClassDefFoundError: com/neo4j/gds/shaded/org/conscrypt/BufferAllocator
2025-12-27 17:58:53.052+0000 WARN  [o.n.k.a.p.GlobalProcedures] Failed to load `org.neo4j.gds.compat._44.InMemoryStorageEngineImpl` from plugin jar `/plugins/graph-data-science.jar`: java.lang.NoClassDefFoundError: org/neo4j/counts/CountsAccessor
2025-12-27 17:58:53.510+0000 WARN  [o.n.k.a.p.GlobalProcedures] Failed to load `org.neo4j.gds.compat._511.InMemoryVersionCheck` from plugin jar `/plugins/graph-data-science.jar`: java.lang.NoClassDefFoundError: org/neo4j/storageengine/api/StoreVersionCheck$MigrationCheckResult
2025-12-27 17:58:53.549+0000 WARN  [o.n.k.a.p.GlobalProcedures] Failed to load `com.neo4j.gds.metrics.CreatedGraphsMetric` from plugin jar `/plugins/graph-data-science.jar`: java.lang.NoClassDefFoundError: io/prometheus/client/SimpleCollector
2025-12-27 17:58:53.668+0000 WARN  [o.n.k.a.p.GlobalProcedures] Failed to load `org.neo4j.gds.compat._44.ScanBasedStoreScanImpl` from plugin jar `/plugins/graph-data-science.jar`: java.lang.NoClassDefFoundError: org/neo4j/internal/kernel/api/Scan
2025-12-27 17:58:53.752+0000 WARN  [o.n.k.a.p.GlobalProcedures] Failed to load `org.apache.commons.logging.impl.AvalonLogger` from plugin jar `/plugins/apoc.jar`: java.lang.NoClassDefFoundError: org/apache/avalon/framework/logger/Logger
2025-12-27 17:58:53.762+0000 WARN  [o.n.k.a.p.GlobalProcedures] Failed to load `com.neo4j.gds.metrics.ShutdownFailureMetric` from plugin jar `/plugins/graph-data-science.jar`: java.lang.NoClassDefFoundError: io/prometheus/client/SimpleCollector
2025-12-27 17:58:54.256+0000 WARN  [o.n.k.a.p.GlobalProcedures] Failed to load `com.neo4j.gds.shaded.io.netty.handler.ssl.ConscryptAlpnSslEngine` from plugin jar `/plugins/graph-data-science.jar`: java.lang.NoClassDefFoundError: com/neo4j/gds/shaded/org/conscrypt/AllocatedBuffer
2025-12-27 17:58:54.649+0000 WARN  [o.n.k.a.p.GlobalProcedures] Failed to load `com.neo4j.gds.shaded.io.netty.handler.ssl.JettyAlpnSslEngine$ClientEngine$1` from plugin jar `/plugins/graph-data-science.jar`: java.lang.NoClassDefFoundError: com/neo4j/gds/shaded/org/eclipse/jetty/alpn/ALPN$ClientProvider
2025-12-27 17:58:54.845+0000 WARN  [o.n.k.a.p.GlobalProcedures] Failed to load `com.neo4j.gds.metrics.PrometheusMetricWithTimer` from plugin jar `/plugins/graph-data-science.jar`: java.lang.NoClassDefFoundError: io/prometheus/client/Counter
2025-12-27 17:58:54.917+0000 WARN  [o.n.k.a.p.GlobalProcedures] Failed to load `com.neo4j.gds.shaded.io.netty.handler.codec.compression.Lz4FrameDecoder` from plugin jar `/plugins/graph-data-science.jar`: java.lang.NoClassDefFoundError: net/jpountz/lz4/LZ4Exception
2025-12-27 17:58:55.199+0000 WARN  [o.n.k.a.p.GlobalProcedures] Failed to load `com.neo4j.gds.core.write.CypherRelationshipStreamExporterBuilder` from plugin jar `/plugins/graph-data-science.jar`: java.lang.NoClassDefFoundError: com/neo4j/kernel/enterprise/api/security/EnterpriseLoginContext
2025-12-27 17:58:55.232+0000 WARN  [o.n.k.a.p.GlobalProcedures] Failed to load `com.neo4j.gds.metrics.RestoreFailureMetric` from plugin jar `/plugins/graph-data-science.jar`: java.lang.NoClassDefFoundError: io/prometheus/client/SimpleCollector
2025-12-27 17:58:55.321+0000 WARN  [o.n.k.a.p.GlobalProcedures] Failed to load `com.neo4j.gds.shaded.io.netty.handler.ssl.ConscryptAlpnSslEngine$ClientEngine` from plugin jar `/plugins/graph-data-science.jar`: java.lang.NoClassDefFoundError: com/neo4j/gds/shaded/org/conscrypt/BufferAllocator
2025-12-27 17:58:55.427+0000 WARN  [o.n.k.a.p.GlobalProcedures] Failed to load `apoc.util.s3.S3Aws$1` from plugin jar `/plugins/apoc.jar`: java.lang.NoClassDefFoundError: com/amazonaws/services/s3/model/S3ObjectInputStream
2025-12-27 17:58:55.566+0000 WARN  [o.n.k.a.p.GlobalProcedures] Failed to load `com.neo4j.gds.shaded.org.reflections.vfs.JbossFile` from plugin jar `/plugins/graph-data-science.jar`: java.lang.NoClassDefFoundError: com/neo4j/gds/shaded/org/jboss/vfs/VirtualFile
2025-12-27 17:58:55.574+0000 WARN  [o.n.k.a.p.GlobalProcedures] Failed to load `org.neo4j.gds.compat._44.TestLogImpl` from plugin jar `/plugins/graph-data-science.jar`: java.lang.NoClassDefFoundError: org/neo4j/logging/Logger
2025-12-27 17:58:55.748+0000 WARN  [o.n.k.a.p.GlobalProcedures] Failed to load `com.jayway.jsonpath.spi.json.JakartaJsonProvider$JsonObjectProxy$1` from plugin jar `/plugins/apoc.jar`: java.lang.NoClassDefFoundError: jakarta/json/JsonObject
2025-12-27 17:58:55.959+0000 WARN  [o.n.k.a.p.GlobalProcedures] Failed to load `com.neo4j.gds.ClusterExporterBuilderCatalog` from plugin jar `/plugins/graph-data-science.jar`: java.lang.NoClassDefFoundError: com/neo4j/kernel/enterprise/api/security/EnterpriseLoginContext
2025-12-27 17:58:56.189+0000 WARN  [o.n.k.a.p.GlobalProcedures] Failed to load `com.jayway.jsonpath.spi.json.JakartaJsonProvider$JsonArrayProxy` from plugin jar `/plugins/apoc.jar`: java.lang.NoClassDefFoundError: jakarta/json/JsonArray
2025-12-27 17:58:56.326+0000 WARN  [o.n.k.a.p.GlobalProcedures] Failed to load `com.neo4j.gds.shaded.org.reflections.vfs.JbossDir` from plugin jar `/plugins/graph-data-science.jar`: java.lang.NoClassDefFoundError: com/neo4j/gds/shaded/org/jboss/vfs/VirtualFile
2025-12-27 17:58:56.345+0000 WARN  [o.n.k.a.p.GlobalProcedures] Failed to load `apoc.util.hdfs.HDFSUtils` from plugin jar `/plugins/apoc.jar`: java.lang.NoClassDefFoundError: org/apache/hadoop/fs/FSDataOutputStream
2025-12-27 17:58:56.439+0000 WARN  [o.n.k.a.p.GlobalProcedures] Failed to load `com.neo4j.gds.shaded.io.netty.handler.codec.compression.BrotliEncoder` from plugin jar `/plugins/graph-data-science.jar`: java.lang.NoClassDefFoundError: com/neo4j/gds/shaded/com/aayushatharva/brotli4j/encoder/Encoder$Parameters
2025-12-27 17:58:56.447+0000 WARN  [o.n.k.a.p.GlobalProcedures] Failed to load `com.neo4j.gds.metrics.AuraBackupTimeMetric` from plugin jar `/plugins/graph-data-science.jar`: java.lang.NoClassDefFoundError: io/prometheus/client/SimpleCollector
2025-12-27 17:58:56.577+0000 WARN  [o.n.k.a.p.GlobalProcedures] Failed to load `com.neo4j.gds.shaded.io.netty.handler.codec.marshalling.LimitingByteInput` from plugin jar `/plugins/graph-data-science.jar`: java.lang.NoClassDefFoundError: com/neo4j/gds/shaded/org/jboss/marshalling/ByteInput
2025-12-27 17:58:56.682+0000 WARN  [o.n.k.a.p.GlobalProcedures] Failed to load `com.neo4j.gds.shaded.io.netty.handler.codec.marshalling.ThreadLocalUnmarshallerProvider` from plugin jar `/plugins/graph-data-science.jar`: java.lang.NoClassDefFoundError: com/neo4j/gds/shaded/org/jboss/marshalling/Unmarshaller
2025-12-27 17:58:56.914+0000 WARN  [o.n.k.a.p.GlobalProcedures] Failed to load `com.neo4j.gds.shaded.io.netty.util.internal.Hidden` from plugin jar `/plugins/graph-data-science.jar`: java.lang.NoClassDefFoundError: reactor/blockhound/integration/BlockHoundIntegration
2025-12-27 17:58:57.201+0000 WARN  [o.n.k.a.p.GlobalProcedures] Failed to load `com.neo4j.gds.shaded.io.netty.handler.ssl.ConscryptAlpnSslEngine$ClientEngine$1` from plugin jar `/plugins/graph-data-science.jar`: java.lang.NoClassDefFoundError: com/neo4j/gds/shaded/org/conscrypt/HandshakeListener
2025-12-27 17:58:57.331+0000 WARN  [o.n.k.a.p.GlobalProcedures] Failed to load `com.neo4j.gds.shaded.io.netty.handler.codec.marshalling.MarshallingDecoder` from plugin jar `/plugins/graph-data-science.jar`: java.lang.NoClassDefFoundError: com/neo4j/gds/shaded/org/jboss/marshalling/ByteInput
2025-12-27 17:58:57.443+0000 WARN  [o.n.k.a.p.GlobalProcedures] Failed to load `com.jayway.jsonpath.spi.json.JakartaJsonProvider` from plugin jar `/plugins/apoc.jar`: java.lang.NoClassDefFoundError: jakarta/json/JsonObject
2025-12-27 17:58:57.813+0000 WARN  [o.n.k.a.p.GlobalProcedures] Failed to load `com.neo4j.gds.shaded.io.netty.handler.codec.compression.BrotliOptions` from plugin jar `/plugins/graph-data-science.jar`: java.lang.NoClassDefFoundError: com/neo4j/gds/shaded/com/aayushatharva/brotli4j/encoder/Encoder$Parameters
2025-12-27 17:58:57.867+0000 WARN  [o.n.k.a.p.GlobalProcedures] Failed to load `com.neo4j.gds.metrics.procedures.PrometheusDeprecatedProceduresMetricRegistrar` from plugin jar `/plugins/graph-data-science.jar`: java.lang.NoClassDefFoundError: io/prometheus/client/Counter
2025-12-27 17:58:57.902+0000 WARN  [o.n.k.a.p.GlobalProcedures] Failed to load `com.neo4j.gds.shaded.javassist.util.HotSwapper` from plugin jar `/plugins/graph-data-science.jar`: java.lang.NoClassDefFoundError: com/neo4j/gds/shaded/com/sun/jdi/request/EventRequest
2025-12-27 17:58:57.979+0000 WARN  [o.n.k.a.p.GlobalProcedures] Failed to load `com.jayway.jsonpath.spi.json.JsonOrgJsonProvider` from plugin jar `/plugins/apoc.jar`: java.lang.NoClassDefFoundError: org/json/JSONException
2025-12-27 17:58:58.312+0000 WARN  [o.n.k.a.p.GlobalProcedures] Failed to load `apoc.util.s3.S3Aws` from plugin jar `/plugins/apoc.jar`: java.lang.NoClassDefFoundError: com/amazonaws/auth/AWSCredentials
2025-12-27 17:58:58.732+0000 WARN  [o.n.k.a.p.GlobalProcedures] Failed to load `com.neo4j.gds.shaded.io.netty.handler.codec.marshalling.MarshallerProvider` from plugin jar `/plugins/graph-data-science.jar`: java.lang.NoClassDefFoundError: com/neo4j/gds/shaded/org/jboss/marshalling/Marshaller
2025-12-27 17:58:58.819+0000 WARN  [o.n.k.a.p.GlobalProcedures] Failed to load `com.neo4j.gds.shaded.io.netty.handler.codec.compression.ZstdDecoder` from plugin jar `/plugins/graph-data-science.jar`: java.lang.NoClassDefFoundError: com/neo4j/gds/shaded/com/github/luben/zstd/ZstdInputStreamNoFinalizer
2025-12-27 17:58:58.841+0000 WARN  [o.n.k.a.p.GlobalProcedures] Failed to load `com.neo4j.gds.metrics.ShutdownTimeMetric` from plugin jar `/plugins/graph-data-science.jar`: java.lang.NoClassDefFoundError: io/prometheus/client/SimpleCollector
2025-12-27 17:58:58.906+0000 WARN  [o.n.k.a.p.GlobalProcedures] Failed to load `com.jayway.jsonpath.spi.mapper.JakartaMappingProvider$JsonObjectScope` from plugin jar `/plugins/apoc.jar`: java.lang.NoClassDefFoundError: jakarta/json/JsonValue
2025-12-27 17:58:59.107+0000 WARN  [o.n.k.a.p.GlobalProcedures] Failed to load `com.neo4j.gds.shaded.com.fasterxml.jackson.databind.ext.DOMDeserializer` from plugin jar `/plugins/graph-data-science.jar`: java.lang.NoClassDefFoundError: com/neo4j/gds/shaded/org/w3c/dom/Document
2025-12-27 17:58:59.243+0000 WARN  [o.n.k.a.p.GlobalProcedures] Failed to load `com.neo4j.gds.shaded.io.netty.handler.codec.marshalling.ContextBoundUnmarshallerProvider` from plugin jar `/plugins/graph-data-science.jar`: java.lang.NoClassDefFoundError: com/neo4j/gds/shaded/org/jboss/marshalling/Unmarshaller
2025-12-27 17:58:59.524+0000 WARN  [o.n.k.a.p.GlobalProcedures] Failed to load `com.neo4j.gds.shaded.io.netty.handler.codec.compression.JZlibDecoder` from plugin jar `/plugins/graph-data-science.jar`: java.lang.NoClassDefFoundError: com/neo4j/gds/shaded/com/jcraft/jzlib/Inflater
2025-12-27 17:58:59.627+0000 WARN  [o.n.k.a.p.GlobalProcedures] Failed to load `apoc.util.s3.S3OutputStream$S3UploadManager` from plugin jar `/plugins/apoc.jar`: java.lang.NoClassDefFoundError: com/amazonaws/services/s3/AmazonS3
2025-12-27 17:59:00.045+0000 WARN  [o.n.k.a.p.GlobalProcedures] Failed to load `com.jayway.jsonpath.spi.mapper.JakartaMappingProvider$JsonStructureScope` from plugin jar `/plugins/apoc.jar`: java.lang.NoClassDefFoundError: jakarta/json/JsonValue
2025-12-27 17:59:00.264+0000 WARN  [o.n.k.a.p.GlobalProcedures] Failed to load `com.neo4j.gds.shaded.com.fasterxml.jackson.databind.ext.DOMDeserializer$NodeDeserializer` from plugin jar `/plugins/graph-data-science.jar`: java.lang.NoClassDefFoundError: com/neo4j/gds/shaded/org/w3c/dom/Node
2025-12-27 17:59:00.509+0000 WARN  [o.n.k.a.p.GlobalProcedures] Failed to load `com.neo4j.gds.shaded.io.netty.handler.ssl.JettyAlpnSslEngine$ServerEngine$1` from plugin jar `/plugins/graph-data-science.jar`: java.lang.NoClassDefFoundError: com/neo4j/gds/shaded/org/eclipse/jetty/alpn/ALPN$ServerProvider
2025-12-27 17:59:00.513+0000 WARN  [o.n.k.a.p.GlobalProcedures] Failed to load `com.neo4j.gds.shaded.io.netty.handler.ssl.JettyAlpnSslEngine$ServerEngine` from plugin jar `/plugins/graph-data-science.jar`: java.lang.NoClassDefFoundError: com/neo4j/gds/shaded/org/eclipse/jetty/alpn/ALPN$Provider
2025-12-27 17:59:00.814+0000 WARN  [o.n.k.a.p.GlobalProcedures] Failed to load `com.neo4j.gds.shaded.io.netty.handler.codec.marshalling.ChannelBufferByteOutput` from plugin jar `/plugins/graph-data-science.jar`: java.lang.NoClassDefFoundError: com/neo4j/gds/shaded/org/jboss/marshalling/ByteOutput
2025-12-27 17:59:00.867+0000 WARN  [o.n.k.a.p.GlobalProcedures] Failed to load `com.neo4j.gds.shaded.io.netty.handler.codec.compression.BrotliMode` from plugin jar `/plugins/graph-data-science.jar`: java.lang.NoClassDefFoundError: com/neo4j/gds/shaded/com/aayushatharva/brotli4j/encoder/Encoder$Mode
2025-12-27 17:59:01.076+0000 WARN  [o.n.k.a.p.GlobalProcedures] Failed to load `org.neo4j.gds.compat._44.Neo4jProxyImpl` from plugin jar `/plugins/graph-data-science.jar`: java.lang.NoClassDefFoundError: org/neo4j/internal/kernel/api/Scan
2025-12-27 17:59:01.079+0000 WARN  [o.n.k.a.p.GlobalProcedures] Failed to load `com.neo4j.gds.metrics.GdsMetric` from plugin jar `/plugins/graph-data-science.jar`: java.lang.NoClassDefFoundError: io/prometheus/client/SimpleCollector
2025-12-27 17:59:01.155+0000 WARN  [o.n.k.a.p.GlobalProcedures] Failed to load `com.neo4j.gds.metrics.AuraBackupFailureMetric$Listener` from plugin jar `/plugins/graph-data-science.jar`: java.lang.NoClassDefFoundError: io/prometheus/client/Counter
2025-12-27 17:59:01.421+0000 WARN  [o.n.k.a.p.GlobalProcedures] Failed to load `com.neo4j.gds.core.write.DefaultQueryRunner` from plugin jar `/plugins/graph-data-science.jar`: java.lang.NoClassDefFoundError: com/neo4j/kernel/enterprise/api/security/EnterpriseLoginContext
2025-12-27 17:59:01.692+0000 WARN  [o.n.k.a.p.GlobalProcedures] Failed to load `com.neo4j.gds.shaded.io.netty.util.internal.Hidden$NettyBlockHoundIntegration` from plugin jar `/plugins/graph-data-science.jar`: java.lang.NoClassDefFoundError: reactor/blockhound/integration/BlockHoundIntegration
2025-12-27 17:59:01.919+0000 WARN  [o.n.k.a.p.GlobalProcedures] Failed to load `com.neo4j.gds.core.write.CypherRelationshipPropertiesExporterBuilder` from plugin jar `/plugins/graph-data-science.jar`: java.lang.NoClassDefFoundError: com/neo4j/kernel/enterprise/api/security/EnterpriseLoginContext
2025-12-27 17:59:02.089+0000 WARN  [o.n.k.a.p.GlobalProcedures] Failed to load `com.neo4j.gds.shaded.io.netty.handler.ssl.ConscryptAlpnSslEngine$ServerEngine$1` from plugin jar `/plugins/graph-data-science.jar`: java.lang.NoClassDefFoundError: com/neo4j/gds/shaded/org/conscrypt/HandshakeListener
2025-12-27 17:59:02.654+0000 WARN  [o.n.k.a.p.GlobalProcedures] Failed to load `com.neo4j.gds.metrics.AuraBackupFailureMetric` from plugin jar `/plugins/graph-data-science.jar`: java.lang.NoClassDefFoundError: io/prometheus/client/SimpleCollector
2025-12-27 17:59:02.707+0000 WARN  [o.n.k.a.p.GlobalProcedures] Failed to load `com.neo4j.gds.metrics.algorithms.PrometheusMetricsForAlgorithmsProvider` from plugin jar `/plugins/graph-data-science.jar`: java.lang.NoClassDefFoundError: io/prometheus/client/Counter
2025-12-27 17:59:03.015+0000 WARN  [o.n.k.a.p.GlobalProcedures] Failed to load `com.neo4j.gds.shaded.io.netty.handler.codec.compression.StandardCompressionOptions` from plugin jar `/plugins/graph-data-science.jar`: java.lang.NoClassDefFoundError: com/neo4j/gds/shaded/com/aayushatharva/brotli4j/encoder/Encoder$Parameters
2025-12-27 17:59:03.058+0000 WARN  [o.n.k.a.p.GlobalProcedures] Failed to load `org.apache.commons.logging.impl.LogKitLogger` from plugin jar `/plugins/apoc.jar`: java.lang.NoClassDefFoundError: org/apache/log/Logger
2025-12-27 17:59:03.284+0000 WARN  [o.n.k.a.p.GlobalProcedures] Failed to load `com.neo4j.gds.shaded.io.netty.handler.codec.marshalling.UnmarshallerProvider` from plugin jar `/plugins/graph-data-science.jar`: java.lang.NoClassDefFoundError: com/neo4j/gds/shaded/org/jboss/marshalling/Unmarshaller
2025-12-27 17:59:03.361+0000 WARN  [o.n.k.a.p.GlobalProcedures] Failed to load `com.neo4j.gds.shaded.io.netty.handler.codec.compression.Lz4FrameEncoder` from plugin jar `/plugins/graph-data-science.jar`: java.lang.NoClassDefFoundError: net/jpountz/lz4/LZ4Exception
2025-12-27 17:59:03.498+0000 WARN  [o.n.k.a.p.GlobalProcedures] Failed to load `com.neo4j.gds.shaded.io.netty.handler.ssl.ConscryptAlpnSslEngine$BufferAdapter` from plugin jar `/plugins/graph-data-science.jar`: java.lang.NoClassDefFoundError: com/neo4j/gds/shaded/org/conscrypt/AllocatedBuffer
2025-12-27 17:59:03.547+0000 WARN  [o.n.k.a.p.GlobalProcedures] Failed to load `org.neo4j.gds.compat._520.InMemoryStorageEngineFactory` from plugin jar `/plugins/graph-data-science.jar`: java.lang.NoClassDefFoundError: org/neo4j/storageengine/api/StoreFormatLimits
2025-12-27 17:59:04.014+0000 WARN  [o.n.k.a.p.GlobalProcedures] Failed to load `org.neo4j.gds.compat._44.InMemoryVersionCheck` from plugin jar `/plugins/graph-data-science.jar`: java.lang.NoClassDefFoundError: org/neo4j/storageengine/api/StoreVersionCheck$Result
2025-12-27 17:59:04.144+0000 WARN  [o.n.k.a.p.GlobalProcedures] Failed to load `apoc.util.s3.S3URLConnection` from plugin jar `/plugins/apoc.jar`: java.lang.NoClassDefFoundError: com/amazonaws/ClientConfiguration
2025-12-27 17:59:04.190+0000 WARN  [o.n.k.a.p.GlobalProcedures] Failed to load `com.jayway.jsonpath.spi.json.JakartaJsonProvider$JsonObjectProxy` from plugin jar `/plugins/apoc.jar`: java.lang.NoClassDefFoundError: jakarta/json/JsonObject
2025-12-27 17:59:04.373+0000 WARN  [o.n.k.a.p.GlobalProcedures] Failed to load `com.neo4j.gds.shaded.io.netty.handler.codec.compression.LzfEncoder` from plugin jar `/plugins/graph-data-science.jar`: java.lang.NoClassDefFoundError: com/neo4j/gds/shaded/com/ning/compress/lzf/ChunkEncoder
2025-12-27 17:59:04.400+0000 WARN  [o.n.k.a.p.GlobalProcedures] Failed to load `com.neo4j.gds.shaded.io.netty.handler.codec.compression.BrotliDecoder` from plugin jar `/plugins/graph-data-science.jar`: java.lang.NoClassDefFoundError: com/neo4j/gds/shaded/com/aayushatharva/brotli4j/decoder/DecoderJNI$Wrapper
2025-12-27 17:59:04.627+0000 WARN  [o.n.k.a.p.GlobalProcedures] Failed to load `META-INF.versions.9.module-info` from plugin jar `/plugins/apoc.jar`: java.lang.NoClassDefFoundError: META-INF/versions/9/module-info is not a class because access_flag ACC_MODULE is set
2025-12-27 17:59:04.715+0000 WARN  [o.n.k.a.p.GlobalProcedures] Failed to load `com.neo4j.gds.shaded.com.fasterxml.jackson.databind.ext.DOMSerializer` from plugin jar `/plugins/graph-data-science.jar`: java.lang.NoClassDefFoundError: com/neo4j/gds/shaded/org/w3c/dom/Node
2025-12-27 17:59:04.883+0000 WARN  [o.n.k.a.p.GlobalProcedures] Failed to load `com.neo4j.gds.shaded.io.netty.handler.ssl.BouncyCastlePemReader` from plugin jar `/plugins/graph-data-science.jar`: java.lang.NoClassDefFoundError: com/neo4j/gds/shaded/org/bouncycastle/openssl/PEMParser
2025-12-27 17:59:04.925+0000 WARN  [o.n.k.a.p.GlobalProcedures] Failed to load `com.neo4j.gds.metrics.CreatedModelsMetric` from plugin jar `/plugins/graph-data-science.jar`: java.lang.NoClassDefFoundError: io/prometheus/client/SimpleCollector
2025-12-27 17:59:05.043+0000 WARN  [o.n.k.a.p.GlobalProcedures] Failed to load `com.jayway.jsonpath.spi.mapper.GsonMappingProvider$1` from plugin jar `/plugins/apoc.jar`: java.lang.NoClassDefFoundError: com/google/gson/Gson
2025-12-27 17:59:05.045+0000 WARN  [o.n.k.a.p.GlobalProcedures] Failed to load `com.jayway.jsonpath.spi.mapper.GsonMappingProvider$2` from plugin jar `/plugins/apoc.jar`: java.lang.NoClassDefFoundError: com/google/gson/Gson
2025-12-27 17:59:05.131+0000 WARN  [o.n.k.a.p.GlobalProcedures] Failed to load `com.neo4j.gds.shaded.io.netty.handler.codec.marshalling.ThreadLocalMarshallerProvider` from plugin jar `/plugins/graph-data-science.jar`: java.lang.NoClassDefFoundError: com/neo4j/gds/shaded/org/jboss/marshalling/Marshaller
2025-12-27 17:59:05.192+0000 WARN  [o.n.k.a.p.GlobalProcedures] Failed to load `com.neo4j.gds.shaded.org.apache.arrow.flight.impl.FlightServiceGrpc$FlightServiceBlockingV2Stub` from plugin jar `/plugins/graph-data-science.jar`: java.lang.NoClassDefFoundError: com/neo4j/gds/shaded/io/grpc/stub/BlockingClientCall
2025-12-27 17:59:05.375+0000 WARN  [o.n.k.a.p.GlobalProcedures] Failed to load `com.neo4j.gds.shaded.io.netty.util.internal.logging.CommonsLogger` from plugin jar `/plugins/graph-data-science.jar`: java.lang.NoClassDefFoundError: com/neo4j/gds/shaded/org/apache/commons/logging/Log
2025-12-27 17:59:05.379+0000 WARN  [o.n.k.a.p.GlobalProcedures] Failed to load `com.neo4j.gds.shaded.io.netty.handler.ssl.ConscryptAlpnSslEngine$BufferAllocatorAdapter` from plugin jar `/plugins/graph-data-science.jar`: java.lang.NoClassDefFoundError: com/neo4j/gds/shaded/org/conscrypt/BufferAllocator
2025-12-27 17:59:05.462+0000 WARN  [o.n.k.a.p.GlobalProcedures] Failed to load `com.jayway.jsonpath.spi.mapper.JakartaMappingProvider$JsonArrayScope` from plugin jar `/plugins/apoc.jar`: java.lang.NoClassDefFoundError: jakarta/json/JsonValue
2025-12-27 17:59:05.667+0000 WARN  [o.n.k.a.p.GlobalProcedures] Failed to load `com.neo4j.gds.shaded.io.netty.handler.ssl.JettyNpnSslEngine` from plugin jar `/plugins/graph-data-science.jar`: java.lang.NoClassDefFoundError: com/neo4j/gds/shaded/org/eclipse/jetty/npn/NextProtoNego$Provider
2025-12-27 17:59:05.878+0000 WARN  [o.n.k.a.p.GlobalProcedures] Failed to load `apoc.util.google.cloud.GCStorageURLConnection` from plugin jar `/plugins/apoc.jar`: java.lang.NoClassDefFoundError: com/google/cloud/storage/Storage
2025-12-27 17:59:06.219+0000 WARN  [o.n.k.a.p.GlobalProcedures] Failed to load `com.neo4j.gds.metrics.ShutdownTimeMetric$Listener` from plugin jar `/plugins/graph-data-science.jar`: java.lang.NoClassDefFoundError: io/prometheus/client/Histogram
2025-12-27 17:59:06.221+0000 WARN  [o.n.k.a.p.GlobalProcedures] Failed to load `com.neo4j.gds.metrics.AuraBackupTimeMetric$Listener` from plugin jar `/plugins/graph-data-science.jar`: java.lang.NoClassDefFoundError: io/prometheus/client/Histogram
2025-12-27 17:59:06.229+0000 WARN  [o.n.k.a.p.GlobalProcedures] Failed to load `com.neo4j.gds.metrics.PrometheusExecutionMetricRegistrar` from plugin jar `/plugins/graph-data-science.jar`: java.lang.NoClassDefFoundError: io/prometheus/client/Counter
2025-12-27 17:59:06.319+0000 WARN  [o.n.k.a.p.GlobalProcedures] Failed to load `com.neo4j.gds.shaded.com.fasterxml.jackson.databind.ext.DOMDeserializer$DocumentDeserializer` from plugin jar `/plugins/graph-data-science.jar`: java.lang.NoClassDefFoundError: com/neo4j/gds/shaded/org/w3c/dom/Document
2025-12-27 17:59:06.324+0000 WARN  [o.n.k.a.p.GlobalProcedures] Failed to load `com.neo4j.gds.shaded.io.netty.handler.codec.compression.Lz4XXHash32` from plugin jar `/plugins/graph-data-science.jar`: java.lang.NoClassDefFoundError: net/jpountz/xxhash/XXHash32
2025-12-27 17:59:06.418+0000 WARN  [o.n.k.a.p.GlobalProcedures] Failed to load `org.neo4j.gds.compat._512.InMemoryVersionCheck` from plugin jar `/plugins/graph-data-science.jar`: java.lang.NoClassDefFoundError: org/neo4j/storageengine/api/StoreVersionCheck$MigrationCheckResult
2025-12-27 17:59:06.428+0000 WARN  [o.n.k.a.p.GlobalProcedures] Failed to load `com.neo4j.gds.shaded.io.netty.handler.codec.compression.ZlibUtil` from plugin jar `/plugins/graph-data-science.jar`: java.lang.NoClassDefFoundError: com/neo4j/gds/shaded/com/jcraft/jzlib/Inflater
2025-12-27 17:59:06.489+0000 WARN  [o.n.k.a.p.GlobalProcedures] Failed to load `org.neo4j.gds.compat._44.Neo4jProxyImpl$8` from plugin jar `/plugins/graph-data-science.jar`: java.lang.NoClassDefFoundError: org/neo4j/common/DependencyResolver$Adapter
2025-12-27 17:59:06.493+0000 WARN  [o.n.k.a.p.GlobalProcedures] Failed to load `org.neo4j.gds.compat._511.Neo4jProxyImpl$2` from plugin jar `/plugins/graph-data-science.jar`: java.lang.NoClassDefFoundError: org/neo4j/common/DependencyResolver$Adapter
2025-12-27 17:59:06.648+0000 WARN  [o.n.k.a.p.GlobalProcedures] Failed to load `com.neo4j.gds.shaded.io.netty.handler.codec.marshalling.CompatibleMarshallingEncoder` from plugin jar `/plugins/graph-data-science.jar`: java.lang.NoClassDefFoundError: com/neo4j/gds/shaded/org/jboss/marshalling/ByteOutput
2025-12-27 17:59:06.661+0000 WARN  [o.n.k.a.p.GlobalProcedures] Failed to load `com.neo4j.gds.shaded.io.netty.handler.ssl.util.BouncyCastleSelfSignedCertGenerator` from plugin jar `/plugins/graph-data-science.jar`: java.lang.NoClassDefFoundError: com/neo4j/gds/shaded/org/bouncycastle/cert/X509v3CertificateBuilder
2025-12-27 17:59:06.810+0000 WARN  [o.n.k.a.p.GlobalProcedures] Failed to load `com.neo4j.gds.shaded.io.netty.handler.codec.marshalling.ChannelBufferByteInput` from plugin jar `/plugins/graph-data-science.jar`: java.lang.NoClassDefFoundError: com/neo4j/gds/shaded/org/jboss/marshalling/ByteInput
2025-12-27 17:59:07.465+0000 WARN  [o.n.k.a.p.GlobalProcedures] Failed to load `com.jayway.jsonpath.spi.mapper.JakartaMappingProvider$JsonStructureToParserAdapter` from plugin jar `/plugins/apoc.jar`: java.lang.NoClassDefFoundError: jakarta/json/stream/JsonParser
2025-12-27 17:59:07.480+0000 WARN  [o.n.k.a.p.GlobalProcedures] Failed to load `com.neo4j.gds.shaded.io.netty.handler.codec.compression.BrotliEncoder$Writer` from plugin jar `/plugins/graph-data-science.jar`: java.lang.NoClassDefFoundError: com/neo4j/gds/shaded/com/aayushatharva/brotli4j/encoder/BrotliEncoderChannel
2025-12-27 17:59:07.647+0000 WARN  [o.n.k.a.p.GlobalProcedures] Failed to load `com.neo4j.gds.ClusterExporterBuilderCatalog$DelegatingEnterpriseLoginContext` from plugin jar `/plugins/graph-data-science.jar`: java.lang.NoClassDefFoundError: com/neo4j/kernel/enterprise/api/security/EnterpriseLoginContext
2025-12-27 17:59:07.690+0000 WARN  [o.n.k.a.p.GlobalProcedures] Failed to load `org.apache.commons.logging.impl.Log4JLogger` from plugin jar `/plugins/apoc.jar`: java.lang.NoClassDefFoundError: org/apache/log4j/Priority
2025-12-27 17:59:07.980+0000 WARN  [o.n.k.a.p.GlobalProcedures] Failed to load `com.neo4j.gds.core.write.CypherRelationshipExporterBuilder` from plugin jar `/plugins/graph-data-science.jar`: java.lang.NoClassDefFoundError: com/neo4j/kernel/enterprise/api/security/EnterpriseLoginContext
2025-12-27 17:59:08.064+0000 WARN  [o.n.k.a.p.GlobalProcedures] Failed to load `com.neo4j.gds.shaded.io.netty.util.internal.logging.Log4JLogger` from plugin jar `/plugins/graph-data-science.jar`: java.lang.NoClassDefFoundError: com/neo4j/gds/shaded/org/apache/log4j/Priority
2025-12-27 17:59:08.083+0000 WARN  [o.n.k.a.p.GlobalProcedures] Failed to load `org.neo4j.gds.compat._44.InMemoryStorageEngineFactory` from plugin jar `/plugins/graph-data-science.jar`: java.lang.NoClassDefFoundError: org/neo4j/storageengine/migration/RollingUpgradeCompatibility
2025-12-27 17:59:08.382+0000 WARN  [o.n.k.a.p.GlobalProcedures] Failed to load `com.jayway.jsonpath.spi.mapper.JakartaMappingProvider` from plugin jar `/plugins/apoc.jar`: java.lang.NoClassDefFoundError: jakarta/json/stream/JsonParser
2025-12-27 17:59:08.392+0000 WARN  [o.n.k.a.p.GlobalProcedures] Failed to load `com.jayway.jsonpath.spi.json.GsonJsonProvider` from plugin jar `/plugins/apoc.jar`: java.lang.NoClassDefFoundError: com/google/gson/JsonElement
2025-12-27 17:59:08.430+0000 WARN  [o.n.k.a.p.GlobalProcedures] Failed to load `com.neo4j.gds.shaded.io.netty.handler.ssl.JettyAlpnSslEngine$ClientEngine` from plugin jar `/plugins/graph-data-science.jar`: java.lang.NoClassDefFoundError: com/neo4j/gds/shaded/org/eclipse/jetty/alpn/ALPN$Provider
2025-12-27 17:59:08.522+0000 WARN  [o.n.k.a.p.GlobalProcedures] Failed to load `com.neo4j.gds.metrics.RestoreFailureMetric$Listener` from plugin jar `/plugins/graph-data-science.jar`: java.lang.NoClassDefFoundError: io/prometheus/client/Counter
2025-12-27 17:59:08.666+0000 WARN  [o.n.k.a.p.GlobalProcedures] Failed to load `org.neo4j.gds.compat._519.InMemoryStorageEngineFactory` from plugin jar `/plugins/graph-data-science.jar`: java.lang.NoClassDefFoundError: org/neo4j/storageengine/api/StoreFormatLimits
2025-12-27 17:59:08.899+0000 WARN  [o.n.k.a.p.GlobalProcedures] Failed to load `com.neo4j.gds.core.write.CypherRelationshipStreamExporter` from plugin jar `/plugins/graph-data-science.jar`: java.lang.NoClassDefFoundError: com/neo4j/kernel/enterprise/api/security/EnterpriseLoginContext
2025-12-27 17:59:08.922+0000 WARN  [o.n.k.a.p.GlobalProcedures] Failed to load `com.neo4j.gds.shaded.io.netty.util.internal.logging.Log4J2Logger` from plugin jar `/plugins/graph-data-science.jar`: java.lang.NoClassDefFoundError: com/neo4j/gds/shaded/org/apache/logging/log4j/spi/ExtendedLoggerWrapper
2025-12-27 17:59:09.028+0000 WARN  [o.n.k.a.p.GlobalProcedures] Failed to load `com.neo4j.gds.shaded.org.reflections.serializers.XmlSerializer` from plugin jar `/plugins/graph-data-science.jar`: java.lang.NoClassDefFoundError: com/neo4j/gds/shaded/org/dom4j/Element
2025-12-27 17:59:09.077+0000 WARN  [o.n.k.a.p.GlobalProcedures] Failed to load `com.neo4j.gds.metrics.ShutdownFailureMetric$Listener` from plugin jar `/plugins/graph-data-science.jar`: java.lang.NoClassDefFoundError: io/prometheus/client/Counter
2025-12-27 17:59:09.160+0000 WARN  [o.n.k.a.p.GlobalProcedures] Failed to load `com.neo4j.gds.shaded.io.netty.handler.codec.marshalling.CompatibleMarshallingDecoder` from plugin jar `/plugins/graph-data-science.jar`: java.lang.NoClassDefFoundError: com/neo4j/gds/shaded/org/jboss/marshalling/ByteInput
2025-12-27 17:59:09.267+0000 WARN  [o.n.k.a.p.GlobalProcedures] gds.alpha.pipeline.nodeRegression.configureSplit is unavailable because it is sandboxed and has dependencies outside of the sandbox. Sandboxing is controlled by the dbms.security.procedures.unrestricted setting. Only unrestrict procedures you can trust with access to database internals.
2025-12-27 17:59:09.278+0000 WARN  [o.n.k.a.p.GlobalProcedures] gds.k1coloring.write is unavailable because it is sandboxed and has dependencies outside of the sandbox. Sandboxing is controlled by the dbms.security.procedures.unrestricted setting. Only unrestrict procedures you can trust with access to database internals.
2025-12-27 17:59:09.279+0000 WARN  [o.n.k.a.p.GlobalProcedures] gds.k1coloring.write.estimate is unavailable because it is sandboxed and has dependencies outside of the sandbox. Sandboxing is controlled by the dbms.security.procedures.unrestricted setting. Only unrestrict procedures you can trust with access to database internals.
2025-12-27 17:59:09.281+0000 WARN  [o.n.k.a.p.GlobalProcedures] gds.beta.k1coloring.write is unavailable because it is sandboxed and has dependencies outside of the sandbox. Sandboxing is controlled by the dbms.security.procedures.unrestricted setting. Only unrestrict procedures you can trust with access to database internals.
2025-12-27 17:59:09.282+0000 WARN  [o.n.k.a.p.GlobalProcedures] gds.beta.k1coloring.write.estimate is unavailable because it is sandboxed and has dependencies outside of the sandbox. Sandboxing is controlled by the dbms.security.procedures.unrestricted setting. Only unrestrict procedures you can trust with access to database internals.
2025-12-27 17:59:09.329+0000 WARN  [o.n.k.a.p.GlobalProcedures] gds.beta.pipeline.nodeClassification.predict.mutate.estimate is unavailable because it is sandboxed and has dependencies outside of the sandbox. Sandboxing is controlled by the dbms.security.procedures.unrestricted setting. Only unrestrict procedures you can trust with access to database internals.
2025-12-27 17:59:09.331+0000 WARN  [o.n.k.a.p.GlobalProcedures] gds.beta.pipeline.nodeClassification.predict.mutate is unavailable because it is sandboxed and has dependencies outside of the sandbox. Sandboxing is controlled by the dbms.security.procedures.unrestricted setting. Only unrestrict procedures you can trust with access to database internals.
2025-12-27 17:59:09.454+0000 WARN  [o.n.k.a.p.GlobalProcedures] gds.model.store is unavailable because it is sandboxed and has dependencies outside of the sandbox. Sandboxing is controlled by the dbms.security.procedures.unrestricted setting. Only unrestrict procedures you can trust with access to database internals.
2025-12-27 17:59:09.455+0000 WARN  [o.n.k.a.p.GlobalProcedures] gds.alpha.model.store is unavailable because it is sandboxed and has dependencies outside of the sandbox. Sandboxing is controlled by the dbms.security.procedures.unrestricted setting. Only unrestrict procedures you can trust with access to database internals.
2025-12-27 17:59:09.461+0000 WARN  [o.n.k.a.p.GlobalProcedures] gds.dfs.mutate.estimate is unavailable because it is sandboxed and has dependencies outside of the sandbox. Sandboxing is controlled by the dbms.security.procedures.unrestricted setting. Only unrestrict procedures you can trust with access to database internals.
2025-12-27 17:59:09.463+0000 WARN  [o.n.k.a.p.GlobalProcedures] gds.dfs.mutate is unavailable because it is sandboxed and has dependencies outside of the sandbox. Sandboxing is controlled by the dbms.security.procedures.unrestricted setting. Only unrestrict procedures you can trust with access to database internals.
2025-12-27 17:59:09.484+0000 WARN  [o.n.k.a.p.GlobalProcedures] gds.beta.pipeline.linkPrediction.configureSplit is unavailable because it is sandboxed and has dependencies outside of the sandbox. Sandboxing is controlled by the dbms.security.procedures.unrestricted setting. Only unrestrict procedures you can trust with access to database internals.
2025-12-27 17:59:09.514+0000 WARN  [o.n.k.a.p.GlobalProcedures] gds.beta.pipeline.linkPrediction.addLogisticRegression is unavailable because it is sandboxed and has dependencies outside of the sandbox. Sandboxing is controlled by the dbms.security.procedures.unrestricted setting. Only unrestrict procedures you can trust with access to database internals.
2025-12-27 17:59:09.515+0000 WARN  [o.n.k.a.p.GlobalProcedures] gds.beta.pipeline.linkPrediction.addRandomForest is unavailable because it is sandboxed and has dependencies outside of the sandbox. Sandboxing is controlled by the dbms.security.procedures.unrestricted setting. Only unrestrict procedures you can trust with access to database internals.
2025-12-27 17:59:09.516+0000 WARN  [o.n.k.a.p.GlobalProcedures] gds.alpha.pipeline.linkPrediction.addRandomForest is unavailable because it is sandboxed and has dependencies outside of the sandbox. Sandboxing is controlled by the dbms.security.procedures.unrestricted setting. Only unrestrict procedures you can trust with access to database internals.
2025-12-27 17:59:09.517+0000 WARN  [o.n.k.a.p.GlobalProcedures] gds.alpha.pipeline.linkPrediction.addMLP is unavailable because it is sandboxed and has dependencies outside of the sandbox. Sandboxing is controlled by the dbms.security.procedures.unrestricted setting. Only unrestrict procedures you can trust with access to database internals.
2025-12-27 17:59:09.545+0000 WARN  [o.n.k.a.p.GlobalProcedures] gds.modularityOptimization.write is unavailable because it is sandboxed and has dependencies outside of the sandbox. Sandboxing is controlled by the dbms.security.procedures.unrestricted setting. Only unrestrict procedures you can trust with access to database internals.
2025-12-27 17:59:09.545+0000 WARN  [o.n.k.a.p.GlobalProcedures] gds.modularityOptimization.write.estimate is unavailable because it is sandboxed and has dependencies outside of the sandbox. Sandboxing is controlled by the dbms.security.procedures.unrestricted setting. Only unrestrict procedures you can trust with access to database internals.
2025-12-27 17:59:09.547+0000 WARN  [o.n.k.a.p.GlobalProcedures] gds.beta.modularityOptimization.write is unavailable because it is sandboxed and has dependencies outside of the sandbox. Sandboxing is controlled by the dbms.security.procedures.unrestricted setting. Only unrestrict procedures you can trust with access to database internals.
2025-12-27 17:59:09.547+0000 WARN  [o.n.k.a.p.GlobalProcedures] gds.beta.modularityOptimization.write.estimate is unavailable because it is sandboxed and has dependencies outside of the sandbox. Sandboxing is controlled by the dbms.security.procedures.unrestricted setting. Only unrestrict procedures you can trust with access to database internals.
2025-12-27 17:59:09.549+0000 WARN  [o.n.k.a.p.GlobalProcedures] gds.pipeline.drop is unavailable because it is sandboxed and has dependencies outside of the sandbox. Sandboxing is controlled by the dbms.security.procedures.unrestricted setting. Only unrestrict procedures you can trust with access to database internals.
2025-12-27 17:59:09.550+0000 WARN  [o.n.k.a.p.GlobalProcedures] gds.beta.pipeline.drop is unavailable because it is sandboxed and has dependencies outside of the sandbox. Sandboxing is controlled by the dbms.security.procedures.unrestricted setting. Only unrestrict procedures you can trust with access to database internals.
2025-12-27 17:59:09.566+0000 WARN  [o.n.k.a.p.GlobalProcedures] gds.kmeans.write is unavailable because it is sandboxed and has dependencies outside of the sandbox. Sandboxing is controlled by the dbms.security.procedures.unrestricted setting. Only unrestrict procedures you can trust with access to database internals.
2025-12-27 17:59:09.566+0000 WARN  [o.n.k.a.p.GlobalProcedures] gds.kmeans.write.estimate is unavailable because it is sandboxed and has dependencies outside of the sandbox. Sandboxing is controlled by the dbms.security.procedures.unrestricted setting. Only unrestrict procedures you can trust with access to database internals.
2025-12-27 17:59:09.568+0000 WARN  [o.n.k.a.p.GlobalProcedures] gds.beta.kmeans.write is unavailable because it is sandboxed and has dependencies outside of the sandbox. Sandboxing is controlled by the dbms.security.procedures.unrestricted setting. Only unrestrict procedures you can trust with access to database internals.
2025-12-27 17:59:09.568+0000 WARN  [o.n.k.a.p.GlobalProcedures] gds.beta.kmeans.write.estimate is unavailable because it is sandboxed and has dependencies outside of the sandbox. Sandboxing is controlled by the dbms.security.procedures.unrestricted setting. Only unrestrict procedures you can trust with access to database internals.
2025-12-27 17:59:09.571+0000 WARN  [o.n.k.a.p.GlobalProcedures] gds.alpha.hits.stats is unavailable because it is sandboxed and has dependencies outside of the sandbox. Sandboxing is controlled by the dbms.security.procedures.unrestricted setting. Only unrestrict procedures you can trust with access to database internals.
2025-12-27 17:59:09.571+0000 WARN  [o.n.k.a.p.GlobalProcedures] gds.alpha.hits.stats.estimate is unavailable because it is sandboxed and has dependencies outside of the sandbox. Sandboxing is controlled by the dbms.security.procedures.unrestricted setting. Only unrestrict procedures you can trust with access to database internals.
2025-12-27 17:59:09.645+0000 WARN  [o.n.k.a.p.GlobalProcedures] gds.steinerTree.stream.estimate is unavailable because it is sandboxed and has dependencies outside of the sandbox. Sandboxing is controlled by the dbms.security.procedures.unrestricted setting. Only unrestrict procedures you can trust with access to database internals.
2025-12-27 17:59:09.646+0000 WARN  [o.n.k.a.p.GlobalProcedures] gds.steinerTree.stream is unavailable because it is sandboxed and has dependencies outside of the sandbox. Sandboxing is controlled by the dbms.security.procedures.unrestricted setting. Only unrestrict procedures you can trust with access to database internals.
2025-12-27 17:59:09.648+0000 WARN  [o.n.k.a.p.GlobalProcedures] gds.beta.steinerTree.stream is unavailable because it is sandboxed and has dependencies outside of the sandbox. Sandboxing is controlled by the dbms.security.procedures.unrestricted setting. Only unrestrict procedures you can trust with access to database internals.
2025-12-27 17:59:09.702+0000 WARN  [o.n.k.a.p.GlobalProcedures] gds.bellmanFord.mutate.estimate is unavailable because it is sandboxed and has dependencies outside of the sandbox. Sandboxing is controlled by the dbms.security.procedures.unrestricted setting. Only unrestrict procedures you can trust with access to database internals.
2025-12-27 17:59:09.704+0000 WARN  [o.n.k.a.p.GlobalProcedures] gds.bellmanFord.mutate is unavailable because it is sandboxed and has dependencies outside of the sandbox. Sandboxing is controlled by the dbms.security.procedures.unrestricted setting. Only unrestrict procedures you can trust with access to database internals.
2025-12-27 17:59:09.707+0000 WARN  [o.n.k.a.p.GlobalProcedures] gds.model.publish is unavailable because it is sandboxed and has dependencies outside of the sandbox. Sandboxing is controlled by the dbms.security.procedures.unrestricted setting. Only unrestrict procedures you can trust with access to database internals.
2025-12-27 17:59:09.708+0000 WARN  [o.n.k.a.p.GlobalProcedures] gds.alpha.model.publish is unavailable because it is sandboxed and has dependencies outside of the sandbox. Sandboxing is controlled by the dbms.security.procedures.unrestricted setting. Only unrestrict procedures you can trust with access to database internals.
2025-12-27 17:59:09.724+0000 WARN  [o.n.k.a.p.GlobalProcedures] gds.k1coloring.mutate.estimate is unavailable because it is sandboxed and has dependencies outside of the sandbox. Sandboxing is controlled by the dbms.security.procedures.unrestricted setting. Only unrestrict procedures you can trust with access to database internals.
2025-12-27 17:59:09.726+0000 WARN  [o.n.k.a.p.GlobalProcedures] gds.beta.k1coloring.mutate is unavailable because it is sandboxed and has dependencies outside of the sandbox. Sandboxing is controlled by the dbms.security.procedures.unrestricted setting. Only unrestrict procedures you can trust with access to database internals.
2025-12-27 17:59:09.728+0000 WARN  [o.n.k.a.p.GlobalProcedures] gds.k1coloring.mutate is unavailable because it is sandboxed and has dependencies outside of the sandbox. Sandboxing is controlled by the dbms.security.procedures.unrestricted setting. Only unrestrict procedures you can trust with access to database internals.
2025-12-27 17:59:09.728+0000 WARN  [o.n.k.a.p.GlobalProcedures] gds.beta.k1coloring.mutate.estimate is unavailable because it is sandboxed and has dependencies outside of the sandbox. Sandboxing is controlled by the dbms.security.procedures.unrestricted setting. Only unrestrict procedures you can trust with access to database internals.
2025-12-27 17:59:09.737+0000 WARN  [o.n.k.a.p.GlobalProcedures] gds.degree.stats is unavailable because it is sandboxed and has dependencies outside of the sandbox. Sandboxing is controlled by the dbms.security.procedures.unrestricted setting. Only unrestrict procedures you can trust with access to database internals.
2025-12-27 17:59:09.737+0000 WARN  [o.n.k.a.p.GlobalProcedures] gds.degree.stats.estimate is unavailable because it is sandboxed and has dependencies outside of the sandbox. Sandboxing is controlled by the dbms.security.procedures.unrestricted setting. Only unrestrict procedures you can trust with access to database internals.
2025-12-27 17:59:09.745+0000 WARN  [o.n.k.a.p.GlobalProcedures] gds.util.asNode is unavailable because it is sandboxed and has dependencies outside of the sandbox. Sandboxing is controlled by the dbms.security.procedures.unrestricted setting. Only unrestrict procedures you can trust with access to database internals.
2025-12-27 17:59:09.746+0000 WARN  [o.n.k.a.p.GlobalProcedures] gds.util.asNodes is unavailable because it is sandboxed and has dependencies outside of the sandbox. Sandboxing is controlled by the dbms.security.procedures.unrestricted setting. Only unrestrict procedures you can trust with access to database internals.
2025-12-27 17:59:09.749+0000 WARN  [o.n.k.a.p.GlobalProcedures] gds.ml.kge.predict.stream is unavailable because it is sandboxed and has dependencies outside of the sandbox. Sandboxing is controlled by the dbms.security.procedures.unrestricted setting. Only unrestrict procedures you can trust with access to database internals.
2025-12-27 17:59:09.762+0000 WARN  [o.n.k.a.p.GlobalProcedures] gds.beta.pipeline.nodeClassification.predict.write is unavailable because it is sandboxed and has dependencies outside of the sandbox. Sandboxing is controlled by the dbms.security.procedures.unrestricted setting. Only unrestrict procedures you can trust with access to database internals.
2025-12-27 17:59:09.763+0000 WARN  [o.n.k.a.p.GlobalProcedures] gds.beta.pipeline.nodeClassification.predict.write.estimate is unavailable because it is sandboxed and has dependencies outside of the sandbox. Sandboxing is controlled by the dbms.security.procedures.unrestricted setting. Only unrestrict procedures you can trust with access to database internals.
2025-12-27 17:59:09.766+0000 WARN  [o.n.k.a.p.GlobalProcedures] gds.beta.spanningTree.mutate is unavailable because it is sandboxed and has dependencies outside of the sandbox. Sandboxing is controlled by the dbms.security.procedures.unrestricted setting. Only unrestrict procedures you can trust with access to database internals.
2025-12-27 17:59:09.767+0000 WARN  [o.n.k.a.p.GlobalProcedures] gds.spanningTree.mutate.estimate is unavailable because it is sandboxed and has dependencies outside of the sandbox. Sandboxing is controlled by the dbms.security.procedures.unrestricted setting. Only unrestrict procedures you can trust with access to database internals.
2025-12-27 17:59:09.767+0000 WARN  [o.n.k.a.p.GlobalProcedures] gds.beta.spanningTree.mutate.estimate is unavailable because it is sandboxed and has dependencies outside of the sandbox. Sandboxing is controlled by the dbms.security.procedures.unrestricted setting. Only unrestrict procedures you can trust with access to database internals.
2025-12-27 17:59:09.768+0000 WARN  [o.n.k.a.p.GlobalProcedures] gds.spanningTree.mutate is unavailable because it is sandboxed and has dependencies outside of the sandbox. Sandboxing is controlled by the dbms.security.procedures.unrestricted setting. Only unrestrict procedures you can trust with access to database internals.
2025-12-27 17:59:09.771+0000 WARN  [o.n.k.a.p.GlobalProcedures] gds.alpha.sllpa.mutate.estimate is unavailable because it is sandboxed and has dependencies outside of the sandbox. Sandboxing is controlled by the dbms.security.procedures.unrestricted setting. Only unrestrict procedures you can trust with access to database internals.
2025-12-27 17:59:09.772+0000 WARN  [o.n.k.a.p.GlobalProcedures] gds.alpha.sllpa.mutate is unavailable because it is sandboxed and has dependencies outside of the sandbox. Sandboxing is controlled by the dbms.security.procedures.unrestricted setting. Only unrestrict procedures you can trust with access to database internals.
2025-12-27 17:59:09.788+0000 WARN  [o.n.k.a.p.GlobalProcedures] gds.allShortestPaths.delta.mutate is unavailable because it is sandboxed and has dependencies outside of the sandbox. Sandboxing is controlled by the dbms.security.procedures.unrestricted setting. Only unrestrict procedures you can trust with access to database internals.
2025-12-27 17:59:09.789+0000 WARN  [o.n.k.a.p.GlobalProcedures] gds.allShortestPaths.delta.mutate.estimate is unavailable because it is sandboxed and has dependencies outside of the sandbox. Sandboxing is controlled by the dbms.security.procedures.unrestricted setting. Only unrestrict procedures you can trust with access to database internals.
2025-12-27 17:59:09.819+0000 WARN  [o.n.k.a.p.GlobalProcedures] gds.alpha.pipeline.nodeClassification.configureAutoTuning is unavailable because it is sandboxed and has dependencies outside of the sandbox. Sandboxing is controlled by the dbms.security.procedures.unrestricted setting. Only unrestrict procedures you can trust with access to database internals.
2025-12-27 17:59:09.850+0000 WARN  [o.n.k.a.p.GlobalProcedures] gds.alpha.sllpa.stats is unavailable because it is sandboxed and has dependencies outside of the sandbox. Sandboxing is controlled by the dbms.security.procedures.unrestricted setting. Only unrestrict procedures you can trust with access to database internals.
2025-12-27 17:59:09.851+0000 WARN  [o.n.k.a.p.GlobalProcedures] gds.alpha.sllpa.stats.estimate is unavailable because it is sandboxed and has dependencies outside of the sandbox. Sandboxing is controlled by the dbms.security.procedures.unrestricted setting. Only unrestrict procedures you can trust with access to database internals.
2025-12-27 17:59:09.892+0000 WARN  [o.n.k.a.p.GlobalProcedures] gds.leiden.stream is unavailable because it is sandboxed and has dependencies outside of the sandbox. Sandboxing is controlled by the dbms.security.procedures.unrestricted setting. Only unrestrict procedures you can trust with access to database internals.
2025-12-27 17:59:09.893+0000 WARN  [o.n.k.a.p.GlobalProcedures] gds.leiden.stream.estimate is unavailable because it is sandboxed and has dependencies outside of the sandbox. Sandboxing is controlled by the dbms.security.procedures.unrestricted setting. Only unrestrict procedures you can trust with access to database internals.
2025-12-27 17:59:09.893+0000 WARN  [o.n.k.a.p.GlobalProcedures] gds.beta.leiden.stream.estimate is unavailable because it is sandboxed and has dependencies outside of the sandbox. Sandboxing is controlled by the dbms.security.procedures.unrestricted setting. Only unrestrict procedures you can trust with access to database internals.
2025-12-27 17:59:09.895+0000 WARN  [o.n.k.a.p.GlobalProcedures] gds.beta.leiden.stream is unavailable because it is sandboxed and has dependencies outside of the sandbox. Sandboxing is controlled by the dbms.security.procedures.unrestricted setting. Only unrestrict procedures you can trust with access to database internals.
2025-12-27 17:59:09.898+0000 WARN  [o.n.k.a.p.GlobalProcedures] gds.alpha.hits.mutate.estimate is unavailable because it is sandboxed and has dependencies outside of the sandbox. Sandboxing is controlled by the dbms.security.procedures.unrestricted setting. Only unrestrict procedures you can trust with access to database internals.
2025-12-27 17:59:09.900+0000 WARN  [o.n.k.a.p.GlobalProcedures] gds.alpha.hits.mutate is unavailable because it is sandboxed and has dependencies outside of the sandbox. Sandboxing is controlled by the dbms.security.procedures.unrestricted setting. Only unrestrict procedures you can trust with access to database internals.
2025-12-27 17:59:09.909+0000 WARN  [o.n.k.a.p.GlobalProcedures] gds.restore is unavailable because it is sandboxed and has dependencies outside of the sandbox. Sandboxing is controlled by the dbms.security.procedures.unrestricted setting. Only unrestrict procedures you can trust with access to database internals.
2025-12-27 17:59:09.911+0000 WARN  [o.n.k.a.p.GlobalProcedures] gds.alpha.restore is unavailable because it is sandboxed and has dependencies outside of the sandbox. Sandboxing is controlled by the dbms.security.procedures.unrestricted setting. Only unrestrict procedures you can trust with access to database internals.
2025-12-27 17:59:09.956+0000 WARN  [o.n.k.a.p.GlobalProcedures] gds.dag.topologicalSort.stream is unavailable because it is sandboxed and has dependencies outside of the sandbox. Sandboxing is controlled by the dbms.security.procedures.unrestricted setting. Only unrestrict procedures you can trust with access to database internals.
2025-12-27 17:59:09.962+0000 WARN  [o.n.k.a.p.GlobalProcedures] gds.alpha.scaleProperties.mutate is unavailable because it is sandboxed and has dependencies outside of the sandbox. Sandboxing is controlled by the dbms.security.procedures.unrestricted setting. Only unrestrict procedures you can trust with access to database internals.
2025-12-27 17:59:09.962+0000 WARN  [o.n.k.a.p.GlobalProcedures] gds.scaleProperties.mutate.estimate is unavailable because it is sandboxed and has dependencies outside of the sandbox. Sandboxing is controlled by the dbms.security.procedures.unrestricted setting. Only unrestrict procedures you can trust with access to database internals.
2025-12-27 17:59:09.963+0000 WARN  [o.n.k.a.p.GlobalProcedures] gds.scaleProperties.mutate is unavailable because it is sandboxed and has dependencies outside of the sandbox. Sandboxing is controlled by the dbms.security.procedures.unrestricted setting. Only unrestrict procedures you can trust with access to database internals.
2025-12-27 17:59:09.965+0000 WARN  [o.n.k.a.p.GlobalProcedures] gds.beta.pipeline.nodeClassification.train.estimate is unavailable because it is sandboxed and has dependencies outside of the sandbox. Sandboxing is controlled by the dbms.security.procedures.unrestricted setting. Only unrestrict procedures you can trust with access to database internals.
2025-12-27 17:59:09.966+0000 WARN  [o.n.k.a.p.GlobalProcedures] gds.beta.pipeline.nodeClassification.train is unavailable because it is sandboxed and has dependencies outside of the sandbox. Sandboxing is controlled by the dbms.security.procedures.unrestricted setting. Only unrestrict procedures you can trust with access to database internals.
2025-12-27 17:59:09.969+0000 WARN  [o.n.k.a.p.GlobalProcedures] gds.alpha.drop.cypherdb is unavailable because it is sandboxed and has dependencies outside of the sandbox. Sandboxing is controlled by the dbms.security.procedures.unrestricted setting. Only unrestrict procedures you can trust with access to database internals.
2025-12-27 17:59:09.969+0000 WARN  [o.n.k.a.p.GlobalProcedures] gds.ephemeral.database.drop is unavailable because it is sandboxed and has dependencies outside of the sandbox. Sandboxing is controlled by the dbms.security.procedures.unrestricted setting. Only unrestrict procedures you can trust with access to database internals.
2025-12-27 17:59:09.980+0000 WARN  [o.n.k.a.p.GlobalProcedures] gds.beta.leiden.mutate is unavailable because it is sandboxed and has dependencies outside of the sandbox. Sandboxing is controlled by the dbms.security.procedures.unrestricted setting. Only unrestrict procedures you can trust with access to database internals.
2025-12-27 17:59:09.980+0000 WARN  [o.n.k.a.p.GlobalProcedures] gds.leiden.mutate.estimate is unavailable because it is sandboxed and has dependencies outside of the sandbox. Sandboxing is controlled by the dbms.security.procedures.unrestricted setting. Only unrestrict procedures you can trust with access to database internals.
2025-12-27 17:59:09.981+0000 WARN  [o.n.k.a.p.GlobalProcedures] gds.beta.leiden.mutate.estimate is unavailable because it is sandboxed and has dependencies outside of the sandbox. Sandboxing is controlled by the dbms.security.procedures.unrestricted setting. Only unrestrict procedures you can trust with access to database internals.
2025-12-27 17:59:09.982+0000 WARN  [o.n.k.a.p.GlobalProcedures] gds.leiden.mutate is unavailable because it is sandboxed and has dependencies outside of the sandbox. Sandboxing is controlled by the dbms.security.procedures.unrestricted setting. Only unrestrict procedures you can trust with access to database internals.
2025-12-27 17:59:09.985+0000 WARN  [o.n.k.a.p.GlobalProcedures] gds.degree.write is unavailable because it is sandboxed and has dependencies outside of the sandbox. Sandboxing is controlled by the dbms.security.procedures.unrestricted setting. Only unrestrict procedures you can trust with access to database internals.
2025-12-27 17:59:09.985+0000 WARN  [o.n.k.a.p.GlobalProcedures] gds.degree.write.estimate is unavailable because it is sandboxed and has dependencies outside of the sandbox. Sandboxing is controlled by the dbms.security.procedures.unrestricted setting. Only unrestrict procedures you can trust with access to database internals.
2025-12-27 17:59:10.007+0000 WARN  [o.n.k.a.p.GlobalProcedures] gds.hits.mutate.estimate is unavailable because it is sandboxed and has dependencies outside of the sandbox. Sandboxing is controlled by the dbms.security.procedures.unrestricted setting. Only unrestrict procedures you can trust with access to database internals.
2025-12-27 17:59:10.009+0000 WARN  [o.n.k.a.p.GlobalProcedures] gds.hits.mutate is unavailable because it is sandboxed and has dependencies outside of the sandbox. Sandboxing is controlled by the dbms.security.procedures.unrestricted setting. Only unrestrict procedures you can trust with access to database internals.
2025-12-27 17:59:10.021+0000 WARN  [o.n.k.a.p.GlobalProcedures] gds.alpha.model.load is unavailable because it is sandboxed and has dependencies outside of the sandbox. Sandboxing is controlled by the dbms.security.procedures.unrestricted setting. Only unrestrict procedures you can trust with access to database internals.
2025-12-27 17:59:10.022+0000 WARN  [o.n.k.a.p.GlobalProcedures] gds.model.load is unavailable because it is sandboxed and has dependencies outside of the sandbox. Sandboxing is controlled by the dbms.security.procedures.unrestricted setting. Only unrestrict procedures you can trust with access to database internals.
2025-12-27 17:59:10.036+0000 WARN  [o.n.k.a.p.GlobalProcedures] gds.alpha.scaleProperties.stream is unavailable because it is sandboxed and has dependencies outside of the sandbox. Sandboxing is controlled by the dbms.security.procedures.unrestricted setting. Only unrestrict procedures you can trust with access to database internals.
2025-12-27 17:59:10.037+0000 WARN  [o.n.k.a.p.GlobalProcedures] gds.scaleProperties.stream is unavailable because it is sandboxed and has dependencies outside of the sandbox. Sandboxing is controlled by the dbms.security.procedures.unrestricted setting. Only unrestrict procedures you can trust with access to database internals.
2025-12-27 17:59:10.038+0000 WARN  [o.n.k.a.p.GlobalProcedures] gds.scaleProperties.stream.estimate is unavailable because it is sandboxed and has dependencies outside of the sandbox. Sandboxing is controlled by the dbms.security.procedures.unrestricted setting. Only unrestrict procedures you can trust with access to database internals.
2025-12-27 17:59:10.045+0000 WARN  [o.n.k.a.p.GlobalProcedures] gds.modularityOptimization.stream is unavailable because it is sandboxed and has dependencies outside of the sandbox. Sandboxing is controlled by the dbms.security.procedures.unrestricted setting. Only unrestrict procedures you can trust with access to database internals.
2025-12-27 17:59:10.045+0000 WARN  [o.n.k.a.p.GlobalProcedures] gds.modularityOptimization.stream.estimate is unavailable because it is sandboxed and has dependencies outside of the sandbox. Sandboxing is controlled by the dbms.security.procedures.unrestricted setting. Only unrestrict procedures you can trust with access to database internals.
2025-12-27 17:59:10.046+0000 WARN  [o.n.k.a.p.GlobalProcedures] gds.beta.modularityOptimization.stream.estimate is unavailable because it is sandboxed and has dependencies outside of the sandbox. Sandboxing is controlled by the dbms.security.procedures.unrestricted setting. Only unrestrict procedures you can trust with access to database internals.
2025-12-27 17:59:10.047+0000 WARN  [o.n.k.a.p.GlobalProcedures] gds.beta.modularityOptimization.stream is unavailable because it is sandboxed and has dependencies outside of the sandbox. Sandboxing is controlled by the dbms.security.procedures.unrestricted setting. Only unrestrict procedures you can trust with access to database internals.
2025-12-27 17:59:10.049+0000 WARN  [o.n.k.a.p.GlobalProcedures] gds.alpha.maxkcut.mutate is unavailable because it is sandboxed and has dependencies outside of the sandbox. Sandboxing is controlled by the dbms.security.procedures.unrestricted setting. Only unrestrict procedures you can trust with access to database internals.
2025-12-27 17:59:10.049+0000 WARN  [o.n.k.a.p.GlobalProcedures] gds.alpha.maxkcut.mutate.estimate is unavailable because it is sandboxed and has dependencies outside of the sandbox. Sandboxing is controlled by the dbms.security.procedures.unrestricted setting. Only unrestrict procedures you can trust with access to database internals.
2025-12-27 17:59:10.050+0000 WARN  [o.n.k.a.p.GlobalProcedures] gds.maxkcut.mutate.estimate is unavailable because it is sandboxed and has dependencies outside of the sandbox. Sandboxing is controlled by the dbms.security.procedures.unrestricted setting. Only unrestrict procedures you can trust with access to database internals.
2025-12-27 17:59:10.051+0000 WARN  [o.n.k.a.p.GlobalProcedures] gds.maxkcut.mutate is unavailable because it is sandboxed and has dependencies outside of the sandbox. Sandboxing is controlled by the dbms.security.procedures.unrestricted setting. Only unrestrict procedures you can trust with access to database internals.
2025-12-27 17:59:10.052+0000 WARN  [o.n.k.a.p.GlobalProcedures] gds.beta.kmeans.stats is unavailable because it is sandboxed and has dependencies outside of the sandbox. Sandboxing is controlled by the dbms.security.procedures.unrestricted setting. Only unrestrict procedures you can trust with access to database internals.
2025-12-27 17:59:10.053+0000 WARN  [o.n.k.a.p.GlobalProcedures] gds.kmeans.stats is unavailable because it is sandboxed and has dependencies outside of the sandbox. Sandboxing is controlled by the dbms.security.procedures.unrestricted setting. Only unrestrict procedures you can trust with access to database internals.
2025-12-27 17:59:10.054+0000 WARN  [o.n.k.a.p.GlobalProcedures] gds.kmeans.stats.estimate is unavailable because it is sandboxed and has dependencies outside of the sandbox. Sandboxing is controlled by the dbms.security.procedures.unrestricted setting. Only unrestrict procedures you can trust with access to database internals.
2025-12-27 17:59:10.054+0000 WARN  [o.n.k.a.p.GlobalProcedures] gds.beta.kmeans.stats.estimate is unavailable because it is sandboxed and has dependencies outside of the sandbox. Sandboxing is controlled by the dbms.security.procedures.unrestricted setting. Only unrestrict procedures you can trust with access to database internals.
2025-12-27 17:59:10.055+0000 WARN  [o.n.k.a.p.GlobalProcedures] gds.alpha.pipeline.nodeRegression.addLinearRegression is unavailable because it is sandboxed and has dependencies outside of the sandbox. Sandboxing is controlled by the dbms.security.procedures.unrestricted setting. Only unrestrict procedures you can trust with access to database internals.
2025-12-27 17:59:10.056+0000 WARN  [o.n.k.a.p.GlobalProcedures] gds.alpha.pipeline.nodeRegression.addRandomForest is unavailable because it is sandboxed and has dependencies outside of the sandbox. Sandboxing is controlled by the dbms.security.procedures.unrestricted setting. Only unrestrict procedures you can trust with access to database internals.
2025-12-27 17:59:10.098+0000 WARN  [o.n.k.a.p.GlobalProcedures] gds.alpha.knn.filtered.mutate is unavailable because it is sandboxed and has dependencies outside of the sandbox. Sandboxing is controlled by the dbms.security.procedures.unrestricted setting. Only unrestrict procedures you can trust with access to database internals.
2025-12-27 17:59:10.098+0000 WARN  [o.n.k.a.p.GlobalProcedures] gds.knn.filtered.mutate.estimate is unavailable because it is sandboxed and has dependencies outside of the sandbox. Sandboxing is controlled by the dbms.security.procedures.unrestricted setting. Only unrestrict procedures you can trust with access to database internals.
2025-12-27 17:59:10.099+0000 WARN  [o.n.k.a.p.GlobalProcedures] gds.knn.filtered.mutate is unavailable because it is sandboxed and has dependencies outside of the sandbox. Sandboxing is controlled by the dbms.security.procedures.unrestricted setting. Only unrestrict procedures you can trust with access to database internals.
2025-12-27 17:59:10.101+0000 WARN  [o.n.k.a.p.GlobalProcedures] gds.wcc.stats is unavailable because it is sandboxed and has dependencies outside of the sandbox. Sandboxing is controlled by the dbms.security.procedures.unrestricted setting. Only unrestrict procedures you can trust with access to database internals.
2025-12-27 17:59:10.102+0000 WARN  [o.n.k.a.p.GlobalProcedures] gds.wcc.stats.estimate is unavailable because it is sandboxed and has dependencies outside of the sandbox. Sandboxing is controlled by the dbms.security.procedures.unrestricted setting. Only unrestrict procedures you can trust with access to database internals.
2025-12-27 17:59:10.113+0000 WARN  [o.n.k.a.p.GlobalProcedures] gds.beta.k1coloring.stats is unavailable because it is sandboxed and has dependencies outside of the sandbox. Sandboxing is controlled by the dbms.security.procedures.unrestricted setting. Only unrestrict procedures you can trust with access to database internals.
2025-12-27 17:59:10.114+0000 WARN  [o.n.k.a.p.GlobalProcedures] gds.k1coloring.stats is unavailable because it is sandboxed and has dependencies outside of the sandbox. Sandboxing is controlled by the dbms.security.procedures.unrestricted setting. Only unrestrict procedures you can trust with access to database internals.
2025-12-27 17:59:10.115+0000 WARN  [o.n.k.a.p.GlobalProcedures] gds.k1coloring.stats.estimate is unavailable because it is sandboxed and has dependencies outside of the sandbox. Sandboxing is controlled by the dbms.security.procedures.unrestricted setting. Only unrestrict procedures you can trust with access to database internals.
2025-12-27 17:59:10.115+0000 WARN  [o.n.k.a.p.GlobalProcedures] gds.beta.k1coloring.stats.estimate is unavailable because it is sandboxed and has dependencies outside of the sandbox. Sandboxing is controlled by the dbms.security.procedures.unrestricted setting. Only unrestrict procedures you can trust with access to database internals.
2025-12-27 17:59:10.118+0000 WARN  [o.n.k.a.p.GlobalProcedures] gds.sllpa.stream is unavailable because it is sandboxed and has dependencies outside of the sandbox. Sandboxing is controlled by the dbms.security.procedures.unrestricted setting. Only unrestrict procedures you can trust with access to database internals.
2025-12-27 17:59:10.118+0000 WARN  [o.n.k.a.p.GlobalProcedures] gds.sllpa.stream.estimate is unavailable because it is sandboxed and has dependencies outside of the sandbox. Sandboxing is controlled by the dbms.security.procedures.unrestricted setting. Only unrestrict procedures you can trust with access to database internals.
2025-12-27 17:59:10.147+0000 WARN  [o.n.k.a.p.GlobalProcedures] gds.alpha.allShortestPaths.stream is unavailable because it is sandboxed and has dependencies outside of the sandbox. Sandboxing is controlled by the dbms.security.procedures.unrestricted setting. Only unrestrict procedures you can trust with access to database internals.
2025-12-27 17:59:10.149+0000 WARN  [o.n.k.a.p.GlobalProcedures] gds.allShortestPaths.stream is unavailable because it is sandboxed and has dependencies outside of the sandbox. Sandboxing is controlled by the dbms.security.procedures.unrestricted setting. Only unrestrict procedures you can trust with access to database internals.
2025-12-27 17:59:10.150+0000 WARN  [o.n.k.a.p.GlobalProcedures] gds.randomWalk.stats is unavailable because it is sandboxed and has dependencies outside of the sandbox. Sandboxing is controlled by the dbms.security.procedures.unrestricted setting. Only unrestrict procedures you can trust with access to database internals.
2025-12-27 17:59:10.151+0000 WARN  [o.n.k.a.p.GlobalProcedures] gds.randomWalk.stats.estimate is unavailable because it is sandboxed and has dependencies outside of the sandbox. Sandboxing is controlled by the dbms.security.procedures.unrestricted setting. Only unrestrict procedures you can trust with access to database internals.
2025-12-27 17:59:10.152+0000 WARN  [o.n.k.a.p.GlobalProcedures] gds.alpha.nodeSimilarity.filtered.write.estimate is unavailable because it is sandboxed and has dependencies outside of the sandbox. Sandboxing is controlled by the dbms.security.procedures.unrestricted setting. Only unrestrict procedures you can trust with access to database internals.
2025-12-27 17:59:10.153+0000 WARN  [o.n.k.a.p.GlobalProcedures] gds.alpha.nodeSimilarity.filtered.write is unavailable because it is sandboxed and has dependencies outside of the sandbox. Sandboxing is controlled by the dbms.security.procedures.unrestricted setting. Only unrestrict procedures you can trust with access to database internals.
2025-12-27 17:59:10.154+0000 WARN  [o.n.k.a.p.GlobalProcedures] gds.nodeSimilarity.filtered.write is unavailable because it is sandboxed and has dependencies outside of the sandbox. Sandboxing is controlled by the dbms.security.procedures.unrestricted setting. Only unrestrict procedures you can trust with access to database internals.
2025-12-27 17:59:10.154+0000 WARN  [o.n.k.a.p.GlobalProcedures] gds.nodeSimilarity.filtered.write.estimate is unavailable because it is sandboxed and has dependencies outside of the sandbox. Sandboxing is controlled by the dbms.security.procedures.unrestricted setting. Only unrestrict procedures you can trust with access to database internals.
2025-12-27 17:59:10.162+0000 WARN  [o.n.k.a.p.GlobalProcedures] gds.bfs.stream.estimate is unavailable because it is sandboxed and has dependencies outside of the sandbox. Sandboxing is controlled by the dbms.security.procedures.unrestricted setting. Only unrestrict procedures you can trust with access to database internals.
2025-12-27 17:59:10.163+0000 WARN  [o.n.k.a.p.GlobalProcedures] gds.bfs.stream is unavailable because it is sandboxed and has dependencies outside of the sandbox. Sandboxing is controlled by the dbms.security.procedures.unrestricted setting. Only unrestrict procedures you can trust with access to database internals.
2025-12-27 17:59:10.167+0000 WARN  [o.n.k.a.p.GlobalProcedures] gds.beta.collapsePath.mutate is unavailable because it is sandboxed and has dependencies outside of the sandbox. Sandboxing is controlled by the dbms.security.procedures.unrestricted setting. Only unrestrict procedures you can trust with access to database internals.
2025-12-27 17:59:10.168+0000 WARN  [o.n.k.a.p.GlobalProcedures] gds.collapsePath.mutate is unavailable because it is sandboxed and has dependencies outside of the sandbox. Sandboxing is controlled by the dbms.security.procedures.unrestricted setting. Only unrestrict procedures you can trust with access to database internals.
2025-12-27 17:59:10.187+0000 WARN  [o.n.k.a.p.GlobalProcedures] gds.beta.model.list is unavailable because it is sandboxed and has dependencies outside of the sandbox. Sandboxing is controlled by the dbms.security.procedures.unrestricted setting. Only unrestrict procedures you can trust with access to database internals.
2025-12-27 17:59:10.188+0000 WARN  [o.n.k.a.p.GlobalProcedures] gds.model.list is unavailable because it is sandboxed and has dependencies outside of the sandbox. Sandboxing is controlled by the dbms.security.procedures.unrestricted setting. Only unrestrict procedures you can trust with access to database internals.
2025-12-27 17:59:10.234+0000 WARN  [o.n.k.a.p.GlobalProcedures] gds.alpha.backup is unavailable because it is sandboxed and has dependencies outside of the sandbox. Sandboxing is controlled by the dbms.security.procedures.unrestricted setting. Only unrestrict procedures you can trust with access to database internals.
2025-12-27 17:59:10.236+0000 WARN  [o.n.k.a.p.GlobalProcedures] gds.backup is unavailable because it is sandboxed and has dependencies outside of the sandbox. Sandboxing is controlled by the dbms.security.procedures.unrestricted setting. Only unrestrict procedures you can trust with access to database internals.
2025-12-27 17:59:10.265+0000 WARN  [o.n.k.a.p.GlobalProcedures] gds.leiden.write is unavailable because it is sandboxed and has dependencies outside of the sandbox. Sandboxing is controlled by the dbms.security.procedures.unrestricted setting. Only unrestrict procedures you can trust with access to database internals.
2025-12-27 17:59:10.265+0000 WARN  [o.n.k.a.p.GlobalProcedures] gds.leiden.write.estimate is unavailable because it is sandboxed and has dependencies outside of the sandbox. Sandboxing is controlled by the dbms.security.procedures.unrestricted setting. Only unrestrict procedures you can trust with access to database internals.
2025-12-27 17:59:10.267+0000 WARN  [o.n.k.a.p.GlobalProcedures] gds.beta.leiden.write is unavailable because it is sandboxed and has dependencies outside of the sandbox. Sandboxing is controlled by the dbms.security.procedures.unrestricted setting. Only unrestrict procedures you can trust with access to database internals.
2025-12-27 17:59:10.267+0000 WARN  [o.n.k.a.p.GlobalProcedures] gds.beta.leiden.write.estimate is unavailable because it is sandboxed and has dependencies outside of the sandbox. Sandboxing is controlled by the dbms.security.procedures.unrestricted setting. Only unrestrict procedures you can trust with access to database internals.
2025-12-27 17:59:10.271+0000 WARN  [o.n.k.a.p.GlobalProcedures] gds.alpha.nodeSimilarity.filtered.mutate is unavailable because it is sandboxed and has dependencies outside of the sandbox. Sandboxing is controlled by the dbms.security.procedures.unrestricted setting. Only unrestrict procedures you can trust with access to database internals.
2025-12-27 17:59:10.271+0000 WARN  [o.n.k.a.p.GlobalProcedures] gds.alpha.nodeSimilarity.filtered.mutate.estimate is unavailable because it is sandboxed and has dependencies outside of the sandbox. Sandboxing is controlled by the dbms.security.procedures.unrestricted setting. Only unrestrict procedures you can trust with access to database internals.
2025-12-27 17:59:10.272+0000 WARN  [o.n.k.a.p.GlobalProcedures] gds.nodeSimilarity.filtered.mutate.estimate is unavailable because it is sandboxed and has dependencies outside of the sandbox. Sandboxing is controlled by the dbms.security.procedures.unrestricted setting. Only unrestrict procedures you can trust with access to database internals.
2025-12-27 17:59:10.273+0000 WARN  [o.n.k.a.p.GlobalProcedures] gds.nodeSimilarity.filtered.mutate is unavailable because it is sandboxed and has dependencies outside of the sandbox. Sandboxing is controlled by the dbms.security.procedures.unrestricted setting. Only unrestrict procedures you can trust with access to database internals.
2025-12-27 17:59:10.278+0000 WARN  [o.n.k.a.p.GlobalProcedures] gds.degree.stream is unavailable because it is sandboxed and has dependencies outside of the sandbox. Sandboxing is controlled by the dbms.security.procedures.unrestricted setting. Only unrestrict procedures you can trust with access to database internals.
2025-12-27 17:59:10.279+0000 WARN  [o.n.k.a.p.GlobalProcedures] gds.degree.stream.estimate is unavailable because it is sandboxed and has dependencies outside of the sandbox. Sandboxing is controlled by the dbms.security.procedures.unrestricted setting. Only unrestrict procedures you can trust with access to database internals.
2025-12-27 17:59:10.280+0000 WARN  [o.n.k.a.p.GlobalProcedures] gds.arrow.getRemoteToken is unavailable because it is sandboxed and has dependencies outside of the sandbox. Sandboxing is controlled by the dbms.security.procedures.unrestricted setting. Only unrestrict procedures you can trust with access to database internals.
2025-12-27 17:59:10.281+0000 WARN  [o.n.k.a.p.GlobalProcedures] gds.graph.project.remoteDb is unavailable because it is sandboxed and has dependencies outside of the sandbox. Sandboxing is controlled by the dbms.security.procedures.unrestricted setting. Only unrestrict procedures you can trust with access to database internals.
2025-12-27 17:59:10.299+0000 WARN  [o.n.k.a.p.GlobalProcedures] gds.alpha.linkprediction.adamicAdar is unavailable because it is sandboxed and has dependencies outside of the sandbox. Sandboxing is controlled by the dbms.security.procedures.unrestricted setting. Only unrestrict procedures you can trust with access to database internals.
2025-12-27 17:59:10.300+0000 WARN  [o.n.k.a.p.GlobalProcedures] gds.alpha.linkprediction.resourceAllocation is unavailable because it is sandboxed and has dependencies outside of the sandbox. Sandboxing is controlled by the dbms.security.procedures.unrestricted setting. Only unrestrict procedures you can trust with access to database internals.
2025-12-27 17:59:10.301+0000 WARN  [o.n.k.a.p.GlobalProcedures] gds.alpha.linkprediction.commonNeighbors is unavailable because it is sandboxed and has dependencies outside of the sandbox. Sandboxing is controlled by the dbms.security.procedures.unrestricted setting. Only unrestrict procedures you can trust with access to database internals.
2025-12-27 17:59:10.301+0000 WARN  [o.n.k.a.p.GlobalProcedures] gds.alpha.linkprediction.preferentialAttachment is unavailable because it is sandboxed and has dependencies outside of the sandbox. Sandboxing is controlled by the dbms.security.procedures.unrestricted setting. Only unrestrict procedures you can trust with access to database internals.
2025-12-27 17:59:10.302+0000 WARN  [o.n.k.a.p.GlobalProcedures] gds.alpha.linkprediction.totalNeighbors is unavailable because it is sandboxed and has dependencies outside of the sandbox. Sandboxing is controlled by the dbms.security.procedures.unrestricted setting. Only unrestrict procedures you can trust with access to database internals.
2025-12-27 17:59:10.302+0000 WARN  [o.n.k.a.p.GlobalProcedures] gds.alpha.linkprediction.sameCommunity is unavailable because it is sandboxed and has dependencies outside of the sandbox. Sandboxing is controlled by the dbms.security.procedures.unrestricted setting. Only unrestrict procedures you can trust with access to database internals.
2025-12-27 17:59:10.311+0000 WARN  [o.n.k.a.p.GlobalProcedures] gds.beta.pipeline.exists is unavailable because it is sandboxed and has dependencies outside of the sandbox. Sandboxing is controlled by the dbms.security.procedures.unrestricted setting. Only unrestrict procedures you can trust with access to database internals.
2025-12-27 17:59:10.312+0000 WARN  [o.n.k.a.p.GlobalProcedures] gds.pipeline.exists is unavailable because it is sandboxed and has dependencies outside of the sandbox. Sandboxing is controlled by the dbms.security.procedures.unrestricted setting. Only unrestrict procedures you can trust with access to database internals.
2025-12-27 17:59:10.315+0000 WARN  [o.n.k.a.p.GlobalProcedures] gds.dfs.stream is unavailable because it is sandboxed and has dependencies outside of the sandbox. Sandboxing is controlled by the dbms.security.procedures.unrestricted setting. Only unrestrict procedures you can trust with access to database internals.
2025-12-27 17:59:10.317+0000 WARN  [o.n.k.a.p.GlobalProcedures] gds.dfs.stream.estimate is unavailable because it is sandboxed and has dependencies outside of the sandbox. Sandboxing is controlled by the dbms.security.procedures.unrestricted setting. Only unrestrict procedures you can trust with access to database internals.
2025-12-27 17:59:10.318+0000 WARN  [o.n.k.a.p.GlobalProcedures] gds.pageRank.stream is unavailable because it is sandboxed and has dependencies outside of the sandbox. Sandboxing is controlled by the dbms.security.procedures.unrestricted setting. Only unrestrict procedures you can trust with access to database internals.
2025-12-27 17:59:10.319+0000 WARN  [o.n.k.a.p.GlobalProcedures] gds.pageRank.stream.estimate is unavailable because it is sandboxed and has dependencies outside of the sandbox. Sandboxing is controlled by the dbms.security.procedures.unrestricted setting. Only unrestrict procedures you can trust with access to database internals.
2025-12-27 17:59:10.325+0000 WARN  [o.n.k.a.p.GlobalProcedures] gds.allShortestPaths.delta.stats is unavailable because it is sandboxed and has dependencies outside of the sandbox. Sandboxing is controlled by the dbms.security.procedures.unrestricted setting. Only unrestrict procedures you can trust with access to database internals.
2025-12-27 17:59:10.325+0000 WARN  [o.n.k.a.p.GlobalProcedures] gds.allShortestPaths.delta.stats.estimate is unavailable because it is sandboxed and has dependencies outside of the sandbox. Sandboxing is controlled by the dbms.security.procedures.unrestricted setting. Only unrestrict procedures you can trust with access to database internals.
2025-12-27 17:59:10.347+0000 WARN  [o.n.k.a.p.GlobalProcedures] gds.beta.pipeline.nodeClassification.predict.stream is unavailable because it is sandboxed and has dependencies outside of the sandbox. Sandboxing is controlled by the dbms.security.procedures.unrestricted setting. Only unrestrict procedures you can trust with access to database internals.
2025-12-27 17:59:10.348+0000 WARN  [o.n.k.a.p.GlobalProcedures] gds.beta.pipeline.nodeClassification.predict.stream.estimate is unavailable because it is sandboxed and has dependencies outside of the sandbox. Sandboxing is controlled by the dbms.security.procedures.unrestricted setting. Only unrestrict procedures you can trust with access to database internals.
2025-12-27 17:59:10.356+0000 WARN  [o.n.k.a.p.GlobalProcedures] gds.labelPropagation.mutate.estimate is unavailable because it is sandboxed and has dependencies outside of the sandbox. Sandboxing is controlled by the dbms.security.procedures.unrestricted setting. Only unrestrict procedures you can trust with access to database internals.
2025-12-27 17:59:10.357+0000 WARN  [o.n.k.a.p.GlobalProcedures] gds.labelPropagation.mutate is unavailable because it is sandboxed and has dependencies outside of the sandbox. Sandboxing is controlled by the dbms.security.procedures.unrestricted setting. Only unrestrict procedures you can trust with access to database internals.
2025-12-27 17:59:10.359+0000 WARN  [o.n.k.a.p.GlobalProcedures] gds.alpha.pipeline.nodeRegression.create is unavailable because it is sandboxed and has dependencies outside of the sandbox. Sandboxing is controlled by the dbms.security.procedures.unrestricted setting. Only unrestrict procedures you can trust with access to database internals.
2025-12-27 17:59:10.402+0000 WARN  [o.n.k.a.p.GlobalProcedures] gds.alpha.knn.filtered.stats is unavailable because it is sandboxed and has dependencies outside of the sandbox. Sandboxing is controlled by the dbms.security.procedures.unrestricted setting. Only unrestrict procedures you can trust with access to database internals.
2025-12-27 17:59:10.403+0000 WARN  [o.n.k.a.p.GlobalProcedures] gds.knn.filtered.stats is unavailable because it is sandboxed and has dependencies outside of the sandbox. Sandboxing is controlled by the dbms.security.procedures.unrestricted setting. Only unrestrict procedures you can trust with access to database internals.
2025-12-27 17:59:10.404+0000 WARN  [o.n.k.a.p.GlobalProcedures] gds.knn.filtered.stats.estimate is unavailable because it is sandboxed and has dependencies outside of the sandbox. Sandboxing is controlled by the dbms.security.procedures.unrestricted setting. Only unrestrict procedures you can trust with access to database internals.
2025-12-27 17:59:10.407+0000 WARN  [o.n.k.a.p.GlobalProcedures] gds.allShortestPaths.delta.write is unavailable because it is sandboxed and has dependencies outside of the sandbox. Sandboxing is controlled by the dbms.security.procedures.unrestricted setting. Only unrestrict procedures you can trust with access to database internals.
2025-12-27 17:59:10.408+0000 WARN  [o.n.k.a.p.GlobalProcedures] gds.allShortestPaths.delta.write.estimate is unavailable because it is sandboxed and has dependencies outside of the sandbox. Sandboxing is controlled by the dbms.security.procedures.unrestricted setting. Only unrestrict procedures you can trust with access to database internals.
2025-12-27 17:59:10.409+0000 WARN  [o.n.k.a.p.GlobalProcedures] gds.ml.kge.predict.write is unavailable because it is sandboxed and has dependencies outside of the sandbox. Sandboxing is controlled by the dbms.security.procedures.unrestricted setting. Only unrestrict procedures you can trust with access to database internals.
2025-12-27 17:59:10.476+0000 WARN  [o.n.k.a.p.GlobalProcedures] gds.beta.pipeline.linkPrediction.create is unavailable because it is sandboxed and has dependencies outside of the sandbox. Sandboxing is controlled by the dbms.security.procedures.unrestricted setting. Only unrestrict procedures you can trust with access to database internals.
2025-12-27 17:59:10.490+0000 WARN  [o.n.k.a.p.GlobalProcedures] gds.beta.pipeline.nodeClassification.selectFeatures is unavailable because it is sandboxed and has dependencies outside of the sandbox. Sandboxing is controlled by the dbms.security.procedures.unrestricted setting. Only unrestrict procedures you can trust with access to database internals.
2025-12-27 17:59:10.490+0000 WARN  [o.n.k.a.p.GlobalProcedures] gds.beta.pipeline.nodeClassification.addNodeProperty is unavailable because it is sandboxed and has dependencies outside of the sandbox. Sandboxing is controlled by the dbms.security.procedures.unrestricted setting. Only unrestrict procedures you can trust with access to database internals.
2025-12-27 17:59:10.550+0000 WARN  [o.n.k.a.p.GlobalProcedures] gds.alpha.nodeSimilarity.filtered.stats.estimate is unavailable because it is sandboxed and has dependencies outside of the sandbox. Sandboxing is controlled by the dbms.security.procedures.unrestricted setting. Only unrestrict procedures you can trust with access to database internals.
2025-12-27 17:59:10.551+0000 WARN  [o.n.k.a.p.GlobalProcedures] gds.alpha.nodeSimilarity.filtered.stats is unavailable because it is sandboxed and has dependencies outside of the sandbox. Sandboxing is controlled by the dbms.security.procedures.unrestricted setting. Only unrestrict procedures you can trust with access to database internals.
2025-12-27 17:59:10.552+0000 WARN  [o.n.k.a.p.GlobalProcedures] gds.nodeSimilarity.filtered.stats is unavailable because it is sandboxed and has dependencies outside of the sandbox. Sandboxing is controlled by the dbms.security.procedures.unrestricted setting. Only unrestrict procedures you can trust with access to database internals.
2025-12-27 17:59:10.553+0000 WARN  [o.n.k.a.p.GlobalProcedures] gds.nodeSimilarity.filtered.stats.estimate is unavailable because it is sandboxed and has dependencies outside of the sandbox. Sandboxing is controlled by the dbms.security.procedures.unrestricted setting. Only unrestrict procedures you can trust with access to database internals.
2025-12-27 17:59:10.564+0000 WARN  [o.n.k.a.p.GlobalProcedures] gds.alpha.pipeline.nodeRegression.predict.mutate is unavailable because it is sandboxed and has dependencies outside of the sandbox. Sandboxing is controlled by the dbms.security.procedures.unrestricted setting. Only unrestrict procedures you can trust with access to database internals.
2025-12-27 17:59:10.591+0000 WARN  [o.n.k.a.p.GlobalProcedures] gds.beta.graph.relationships.toUndirected is unavailable because it is sandboxed and has dependencies outside of the sandbox. Sandboxing is controlled by the dbms.security.procedures.unrestricted setting. Only unrestrict procedures you can trust with access to database internals.
2025-12-27 17:59:10.592+0000 WARN  [o.n.k.a.p.GlobalProcedures] gds.beta.graph.relationships.toUndirected.estimate is unavailable because it is sandboxed and has dependencies outside of the sandbox. Sandboxing is controlled by the dbms.security.procedures.unrestricted setting. Only unrestrict procedures you can trust with access to database internals.
2025-12-27 17:59:10.592+0000 WARN  [o.n.k.a.p.GlobalProcedures] gds.graph.relationships.toUndirected.estimate is unavailable because it is sandboxed and has dependencies outside of the sandbox. Sandboxing is controlled by the dbms.security.procedures.unrestricted setting. Only unrestrict procedures you can trust with access to database internals.
2025-12-27 17:59:10.593+0000 WARN  [o.n.k.a.p.GlobalProcedures] gds.graph.relationships.toUndirected is unavailable because it is sandboxed and has dependencies outside of the sandbox. Sandboxing is controlled by the dbms.security.procedures.unrestricted setting. Only unrestrict procedures you can trust with access to database internals.
2025-12-27 17:59:10.602+0000 WARN  [o.n.k.a.p.GlobalProcedures] gds.alpha.pipeline.nodeRegression.train is unavailable because it is sandboxed and has dependencies outside of the sandbox. Sandboxing is controlled by the dbms.security.procedures.unrestricted setting. Only unrestrict procedures you can trust with access to database internals.
2025-12-27 17:59:10.612+0000 WARN  [o.n.k.a.p.GlobalProcedures] gds.bellmanFord.write is unavailable because it is sandboxed and has dependencies outside of the sandbox. Sandboxing is controlled by the dbms.security.procedures.unrestricted setting. Only unrestrict procedures you can trust with access to database internals.
2025-12-27 17:59:10.612+0000 WARN  [o.n.k.a.p.GlobalProcedures] gds.bellmanFord.write.estimate is unavailable because it is sandboxed and has dependencies outside of the sandbox. Sandboxing is controlled by the dbms.security.procedures.unrestricted setting. Only unrestrict procedures you can trust with access to database internals.
2025-12-27 17:59:10.616+0000 WARN  [o.n.k.a.p.GlobalProcedures] gds.dag.longestPath.stream is unavailable because it is sandboxed and has dependencies outside of the sandbox. Sandboxing is controlled by the dbms.security.procedures.unrestricted setting. Only unrestrict procedures you can trust with access to database internals.
2025-12-27 17:59:10.617+0000 WARN  [o.n.k.a.p.GlobalProcedures] gds.sllpa.stats is unavailable because it is sandboxed and has dependencies outside of the sandbox. Sandboxing is controlled by the dbms.security.procedures.unrestricted setting. Only unrestrict procedures you can trust with access to database internals.
2025-12-27 17:59:10.618+0000 WARN  [o.n.k.a.p.GlobalProcedures] gds.sllpa.stats.estimate is unavailable because it is sandboxed and has dependencies outside of the sandbox. Sandboxing is controlled by the dbms.security.procedures.unrestricted setting. Only unrestrict procedures you can trust with access to database internals.
2025-12-27 17:59:10.620+0000 WARN  [o.n.k.a.p.GlobalProcedures] gds.graph.relationships.indexInverse.estimate is unavailable because it is sandboxed and has dependencies outside of the sandbox. Sandboxing is controlled by the dbms.security.procedures.unrestricted setting. Only unrestrict procedures you can trust with access to database internals.
2025-12-27 17:59:10.621+0000 WARN  [o.n.k.a.p.GlobalProcedures] gds.graph.relationships.indexInverse is unavailable because it is sandboxed and has dependencies outside of the sandbox. Sandboxing is controlled by the dbms.security.procedures.unrestricted setting. Only unrestrict procedures you can trust with access to database internals.
2025-12-27 17:59:10.636+0000 WARN  [o.n.k.a.p.GlobalProcedures] gds.wcc.write is unavailable because it is sandboxed and has dependencies outside of the sandbox. Sandboxing is controlled by the dbms.security.procedures.unrestricted setting. Only unrestrict procedures you can trust with access to database internals.
2025-12-27 17:59:10.637+0000 WARN  [o.n.k.a.p.GlobalProcedures] gds.wcc.write.estimate is unavailable because it is sandboxed and has dependencies outside of the sandbox. Sandboxing is controlled by the dbms.security.procedures.unrestricted setting. Only unrestrict procedures you can trust with access to database internals.
2025-12-27 17:59:10.650+0000 WARN  [o.n.k.a.p.GlobalProcedures] gds.scaleProperties.stats is unavailable because it is sandboxed and has dependencies outside of the sandbox. Sandboxing is controlled by the dbms.security.procedures.unrestricted setting. Only unrestrict procedures you can trust with access to database internals.
2025-12-27 17:59:10.651+0000 WARN  [o.n.k.a.p.GlobalProcedures] gds.scaleProperties.stats.estimate is unavailable because it is sandboxed and has dependencies outside of the sandbox. Sandboxing is controlled by the dbms.security.procedures.unrestricted setting. Only unrestrict procedures you can trust with access to database internals.
2025-12-27 17:59:10.653+0000 WARN  [o.n.k.a.p.GlobalProcedures] gds.beta.pipeline.linkPrediction.train.estimate is unavailable because it is sandboxed and has dependencies outside of the sandbox. Sandboxing is controlled by the dbms.security.procedures.unrestricted setting. Only unrestrict procedures you can trust with access to database internals.
2025-12-27 17:59:10.654+0000 WARN  [o.n.k.a.p.GlobalProcedures] gds.beta.pipeline.linkPrediction.train is unavailable because it is sandboxed and has dependencies outside of the sandbox. Sandboxing is controlled by the dbms.security.procedures.unrestricted setting. Only unrestrict procedures you can trust with access to database internals.
2025-12-27 17:59:10.686+0000 WARN  [o.n.k.a.p.GlobalProcedures] gds.config.defaults.list is unavailable because it is sandboxed and has dependencies outside of the sandbox. Sandboxing is controlled by the dbms.security.procedures.unrestricted setting. Only unrestrict procedures you can trust with access to database internals.
2025-12-27 17:59:10.687+0000 WARN  [o.n.k.a.p.GlobalProcedures] gds.alpha.config.defaults.list is unavailable because it is sandboxed and has dependencies outside of the sandbox. Sandboxing is controlled by the dbms.security.procedures.unrestricted setting. Only unrestrict procedures you can trust with access to database internals.
2025-12-27 17:59:10.687+0000 WARN  [o.n.k.a.p.GlobalProcedures] gds.alpha.config.defaults.set is unavailable because it is sandboxed and has dependencies outside of the sandbox. Sandboxing is controlled by the dbms.security.procedures.unrestricted setting. Only unrestrict procedures you can trust with access to database internals.
2025-12-27 17:59:10.688+0000 WARN  [o.n.k.a.p.GlobalProcedures] gds.config.defaults.set is unavailable because it is sandboxed and has dependencies outside of the sandbox. Sandboxing is controlled by the dbms.security.procedures.unrestricted setting. Only unrestrict procedures you can trust with access to database internals.
2025-12-27 17:59:10.736+0000 WARN  [o.n.k.a.p.GlobalProcedures] gds.beta.pipeline.nodeClassification.addLogisticRegression is unavailable because it is sandboxed and has dependencies outside of the sandbox. Sandboxing is controlled by the dbms.security.procedures.unrestricted setting. Only unrestrict procedures you can trust with access to database internals.
2025-12-27 17:59:10.736+0000 WARN  [o.n.k.a.p.GlobalProcedures] gds.beta.pipeline.nodeClassification.addRandomForest is unavailable because it is sandboxed and has dependencies outside of the sandbox. Sandboxing is controlled by the dbms.security.procedures.unrestricted setting. Only unrestrict procedures you can trust with access to database internals.
2025-12-27 17:59:10.737+0000 WARN  [o.n.k.a.p.GlobalProcedures] gds.alpha.pipeline.nodeClassification.addRandomForest is unavailable because it is sandboxed and has dependencies outside of the sandbox. Sandboxing is controlled by the dbms.security.procedures.unrestricted setting. Only unrestrict procedures you can trust with access to database internals.
2025-12-27 17:59:10.738+0000 WARN  [o.n.k.a.p.GlobalProcedures] gds.alpha.pipeline.nodeClassification.addMLP is unavailable because it is sandboxed and has dependencies outside of the sandbox. Sandboxing is controlled by the dbms.security.procedures.unrestricted setting. Only unrestrict procedures you can trust with access to database internals.
2025-12-27 17:59:10.748+0000 WARN  [o.n.k.a.p.GlobalProcedures] gds.alpha.model.delete is unavailable because it is sandboxed and has dependencies outside of the sandbox. Sandboxing is controlled by the dbms.security.procedures.unrestricted setting. Only unrestrict procedures you can trust with access to database internals.
2025-12-27 17:59:10.749+0000 WARN  [o.n.k.a.p.GlobalProcedures] gds.model.delete is unavailable because it is sandboxed and has dependencies outside of the sandbox. Sandboxing is controlled by the dbms.security.procedures.unrestricted setting. Only unrestrict procedures you can trust with access to database internals.
2025-12-27 17:59:10.751+0000 WARN  [o.n.k.a.p.GlobalProcedures] gds.alpha.nodeSimilarity.filtered.stream.estimate is unavailable because it is sandboxed and has dependencies outside of the sandbox. Sandboxing is controlled by the dbms.security.procedures.unrestricted setting. Only unrestrict procedures you can trust with access to database internals.
2025-12-27 17:59:10.752+0000 WARN  [o.n.k.a.p.GlobalProcedures] gds.nodeSimilarity.filtered.stream is unavailable because it is sandboxed and has dependencies outside of the sandbox. Sandboxing is controlled by the dbms.security.procedures.unrestricted setting. Only unrestrict procedures you can trust with access to database internals.
2025-12-27 17:59:10.752+0000 WARN  [o.n.k.a.p.GlobalProcedures] gds.nodeSimilarity.filtered.stream.estimate is unavailable because it is sandboxed and has dependencies outside of the sandbox. Sandboxing is controlled by the dbms.security.procedures.unrestricted setting. Only unrestrict procedures you can trust with access to database internals.
2025-12-27 17:59:10.753+0000 WARN  [o.n.k.a.p.GlobalProcedures] gds.alpha.nodeSimilarity.filtered.stream is unavailable because it is sandboxed and has dependencies outside of the sandbox. Sandboxing is controlled by the dbms.security.procedures.unrestricted setting. Only unrestrict procedures you can trust with access to database internals.
2025-12-27 17:59:10.788+0000 WARN  [o.n.k.a.p.GlobalProcedures] gds.beta.graph.export.csv is unavailable because it is sandboxed and has dependencies outside of the sandbox. Sandboxing is controlled by the dbms.security.procedures.unrestricted setting. Only unrestrict procedures you can trust with access to database internals.
2025-12-27 17:59:10.789+0000 WARN  [o.n.k.a.p.GlobalProcedures] gds.beta.graph.export.csv.estimate is unavailable because it is sandboxed and has dependencies outside of the sandbox. Sandboxing is controlled by the dbms.security.procedures.unrestricted setting. Only unrestrict procedures you can trust with access to database internals.
2025-12-27 17:59:10.790+0000 WARN  [o.n.k.a.p.GlobalProcedures] gds.graph.export.csv.estimate is unavailable because it is sandboxed and has dependencies outside of the sandbox. Sandboxing is controlled by the dbms.security.procedures.unrestricted setting. Only unrestrict procedures you can trust with access to database internals.
2025-12-27 17:59:10.790+0000 WARN  [o.n.k.a.p.GlobalProcedures] gds.graph.export is unavailable because it is sandboxed and has dependencies outside of the sandbox. Sandboxing is controlled by the dbms.security.procedures.unrestricted setting. Only unrestrict procedures you can trust with access to database internals.
2025-12-27 17:59:10.791+0000 WARN  [o.n.k.a.p.GlobalProcedures] gds.graph.export.csv is unavailable because it is sandboxed and has dependencies outside of the sandbox. Sandboxing is controlled by the dbms.security.procedures.unrestricted setting. Only unrestrict procedures you can trust with access to database internals.
2025-12-27 17:59:10.819+0000 WARN  [o.n.k.a.p.GlobalProcedures] gds.alpha.create.cypherdb is unavailable because it is sandboxed and has dependencies outside of the sandbox. Sandboxing is controlled by the dbms.security.procedures.unrestricted setting. Only unrestrict procedures you can trust with access to database internals.
2025-12-27 17:59:10.820+0000 WARN  [o.n.k.a.p.GlobalProcedures] gds.ephemeral.database.create is unavailable because it is sandboxed and has dependencies outside of the sandbox. Sandboxing is controlled by the dbms.security.procedures.unrestricted setting. Only unrestrict procedures you can trust with access to database internals.
2025-12-27 17:59:10.847+0000 WARN  [o.n.k.a.p.GlobalProcedures] gds.steinerTree.write is unavailable because it is sandboxed and has dependencies outside of the sandbox. Sandboxing is controlled by the dbms.security.procedures.unrestricted setting. Only unrestrict procedures you can trust with access to database internals.
2025-12-27 17:59:10.847+0000 WARN  [o.n.k.a.p.GlobalProcedures] gds.steinerTree.write.estimate is unavailable because it is sandboxed and has dependencies outside of the sandbox. Sandboxing is controlled by the dbms.security.procedures.unrestricted setting. Only unrestrict procedures you can trust with access to database internals.
2025-12-27 17:59:10.848+0000 WARN  [o.n.k.a.p.GlobalProcedures] gds.beta.steinerTree.write is unavailable because it is sandboxed and has dependencies outside of the sandbox. Sandboxing is controlled by the dbms.security.procedures.unrestricted setting. Only unrestrict procedures you can trust with access to database internals.
2025-12-27 17:59:10.850+0000 WARN  [o.n.k.a.p.GlobalProcedures] gds.alpha.closeness.harmonic.write is unavailable because it is sandboxed and has dependencies outside of the sandbox. Sandboxing is controlled by the dbms.security.procedures.unrestricted setting. Only unrestrict procedures you can trust with access to database internals.
2025-12-27 17:59:10.850+0000 WARN  [o.n.k.a.p.GlobalProcedures] gds.closeness.harmonic.write is unavailable because it is sandboxed and has dependencies outside of the sandbox. Sandboxing is controlled by the dbms.security.procedures.unrestricted setting. Only unrestrict procedures you can trust with access to database internals.
2025-12-27 17:59:10.852+0000 WARN  [o.n.k.a.p.GlobalProcedures] gds.louvain.write is unavailable because it is sandboxed and has dependencies outside of the sandbox. Sandboxing is controlled by the dbms.security.procedures.unrestricted setting. Only unrestrict procedures you can trust with access to database internals.
2025-12-27 17:59:10.852+0000 WARN  [o.n.k.a.p.GlobalProcedures] gds.louvain.write.estimate is unavailable because it is sandboxed and has dependencies outside of the sandbox. Sandboxing is controlled by the dbms.security.procedures.unrestricted setting. Only unrestrict procedures you can trust with access to database internals.
2025-12-27 17:59:10.867+0000 WARN  [o.n.k.a.p.GlobalProcedures] gds.bfs.stats is unavailable because it is sandboxed and has dependencies outside of the sandbox. Sandboxing is controlled by the dbms.security.procedures.unrestricted setting. Only unrestrict procedures you can trust with access to database internals.
2025-12-27 17:59:10.867+0000 WARN  [o.n.k.a.p.GlobalProcedures] gds.bfs.stats.estimate is unavailable because it is sandboxed and has dependencies outside of the sandbox. Sandboxing is controlled by the dbms.security.procedures.unrestricted setting. Only unrestrict procedures you can trust with access to database internals.
2025-12-27 17:59:10.887+0000 WARN  [o.n.k.a.p.GlobalProcedures] gds.beta.pipeline.nodeClassification.create is unavailable because it is sandboxed and has dependencies outside of the sandbox. Sandboxing is controlled by the dbms.security.procedures.unrestricted setting. Only unrestrict procedures you can trust with access to database internals.
2025-12-27 17:59:10.910+0000 WARN  [o.n.k.a.p.GlobalProcedures] gds.beta.pipeline.list is unavailable because it is sandboxed and has dependencies outside of the sandbox. Sandboxing is controlled by the dbms.security.procedures.unrestricted setting. Only unrestrict procedures you can trust with access to database internals.
2025-12-27 17:59:10.911+0000 WARN  [o.n.k.a.p.GlobalProcedures] gds.pipeline.list is unavailable because it is sandboxed and has dependencies outside of the sandbox. Sandboxing is controlled by the dbms.security.procedures.unrestricted setting. Only unrestrict procedures you can trust with access to database internals.
2025-12-27 17:59:10.919+0000 WARN  [o.n.k.a.p.GlobalProcedures] gds.beta.pipeline.linkPrediction.addFeature is unavailable because it is sandboxed and has dependencies outside of the sandbox. Sandboxing is controlled by the dbms.security.procedures.unrestricted setting. Only unrestrict procedures you can trust with access to database internals.
2025-12-27 17:59:10.919+0000 WARN  [o.n.k.a.p.GlobalProcedures] gds.beta.pipeline.linkPrediction.addNodeProperty is unavailable because it is sandboxed and has dependencies outside of the sandbox. Sandboxing is controlled by the dbms.security.procedures.unrestricted setting. Only unrestrict procedures you can trust with access to database internals.
2025-12-27 17:59:10.923+0000 WARN  [o.n.k.a.p.GlobalProcedures] gds.beta.pipeline.linkPrediction.predict.stream is unavailable because it is sandboxed and has dependencies outside of the sandbox. Sandboxing is controlled by the dbms.security.procedures.unrestricted setting. Only unrestrict procedures you can trust with access to database internals.
2025-12-27 17:59:10.923+0000 WARN  [o.n.k.a.p.GlobalProcedures] gds.beta.pipeline.linkPrediction.predict.stream.estimate is unavailable because it is sandboxed and has dependencies outside of the sandbox. Sandboxing is controlled by the dbms.security.procedures.unrestricted setting. Only unrestrict procedures you can trust with access to database internals.
2025-12-27 17:59:11.004+0000 WARN  [o.n.k.a.p.GlobalProcedures] gds.beta.spanningTree.stream is unavailable because it is sandboxed and has dependencies outside of the sandbox. Sandboxing is controlled by the dbms.security.procedures.unrestricted setting. Only unrestrict procedures you can trust with access to database internals.
2025-12-27 17:59:11.005+0000 WARN  [o.n.k.a.p.GlobalProcedures] gds.spanningTree.stream.estimate is unavailable because it is sandboxed and has dependencies outside of the sandbox. Sandboxing is controlled by the dbms.security.procedures.unrestricted setting. Only unrestrict procedures you can trust with access to database internals.
2025-12-27 17:59:11.005+0000 WARN  [o.n.k.a.p.GlobalProcedures] gds.beta.spanningTree.stream.estimate is unavailable because it is sandboxed and has dependencies outside of the sandbox. Sandboxing is controlled by the dbms.security.procedures.unrestricted setting. Only unrestrict procedures you can trust with access to database internals.
2025-12-27 17:59:11.006+0000 WARN  [o.n.k.a.p.GlobalProcedures] gds.spanningTree.stream is unavailable because it is sandboxed and has dependencies outside of the sandbox. Sandboxing is controlled by the dbms.security.procedures.unrestricted setting. Only unrestrict procedures you can trust with access to database internals.
2025-12-27 17:59:11.011+0000 WARN  [o.n.k.a.p.GlobalProcedures] gds.beta.leiden.stats is unavailable because it is sandboxed and has dependencies outside of the sandbox. Sandboxing is controlled by the dbms.security.procedures.unrestricted setting. Only unrestrict procedures you can trust with access to database internals.
2025-12-27 17:59:11.012+0000 WARN  [o.n.k.a.p.GlobalProcedures] gds.leiden.stats is unavailable because it is sandboxed and has dependencies outside of the sandbox. Sandboxing is controlled by the dbms.security.procedures.unrestricted setting. Only unrestrict procedures you can trust with access to database internals.
2025-12-27 17:59:11.012+0000 WARN  [o.n.k.a.p.GlobalProcedures] gds.leiden.stats.estimate is unavailable because it is sandboxed and has dependencies outside of the sandbox. Sandboxing is controlled by the dbms.security.procedures.unrestricted setting. Only unrestrict procedures you can trust with access to database internals.
2025-12-27 17:59:11.013+0000 WARN  [o.n.k.a.p.GlobalProcedures] gds.beta.leiden.stats.estimate is unavailable because it is sandboxed and has dependencies outside of the sandbox. Sandboxing is controlled by the dbms.security.procedures.unrestricted setting. Only unrestrict procedures you can trust with access to database internals.
2025-12-27 17:59:11.045+0000 WARN  [o.n.k.a.p.GlobalProcedures] gds.ml.kge.predict.mutate is unavailable because it is sandboxed and has dependencies outside of the sandbox. Sandboxing is controlled by the dbms.security.procedures.unrestricted setting. Only unrestrict procedures you can trust with access to database internals.
2025-12-27 17:59:11.055+0000 WARN  [o.n.k.a.p.GlobalProcedures] gds.hits.write is unavailable because it is sandboxed and has dependencies outside of the sandbox. Sandboxing is controlled by the dbms.security.procedures.unrestricted setting. Only unrestrict procedures you can trust with access to database internals.
2025-12-27 17:59:11.055+0000 WARN  [o.n.k.a.p.GlobalProcedures] gds.hits.write.estimate is unavailable because it is sandboxed and has dependencies outside of the sandbox. Sandboxing is controlled by the dbms.security.procedures.unrestricted setting. Only unrestrict procedures you can trust with access to database internals.
2025-12-27 17:59:11.061+0000 WARN  [o.n.k.a.p.GlobalProcedures] gds.wcc.mutate.estimate is unavailable because it is sandboxed and has dependencies outside of the sandbox. Sandboxing is controlled by the dbms.security.procedures.unrestricted setting. Only unrestrict procedures you can trust with access to database internals.
2025-12-27 17:59:11.062+0000 WARN  [o.n.k.a.p.GlobalProcedures] gds.wcc.mutate is unavailable because it is sandboxed and has dependencies outside of the sandbox. Sandboxing is controlled by the dbms.security.procedures.unrestricted setting. Only unrestrict procedures you can trust with access to database internals.
2025-12-27 17:59:11.064+0000 WARN  [o.n.k.a.p.GlobalProcedures] gds.beta.steinerTree.stats is unavailable because it is sandboxed and has dependencies outside of the sandbox. Sandboxing is controlled by the dbms.security.procedures.unrestricted setting. Only unrestrict procedures you can trust with access to database internals.
2025-12-27 17:59:11.064+0000 WARN  [o.n.k.a.p.GlobalProcedures] gds.steinerTree.stats is unavailable because it is sandboxed and has dependencies outside of the sandbox. Sandboxing is controlled by the dbms.security.procedures.unrestricted setting. Only unrestrict procedures you can trust with access to database internals.
2025-12-27 17:59:11.065+0000 WARN  [o.n.k.a.p.GlobalProcedures] gds.steinerTree.stats.estimate is unavailable because it is sandboxed and has dependencies outside of the sandbox. Sandboxing is controlled by the dbms.security.procedures.unrestricted setting. Only unrestrict procedures you can trust with access to database internals.
2025-12-27 17:59:11.066+0000 WARN  [o.n.k.a.p.GlobalProcedures] gds.k1coloring.stream is unavailable because it is sandboxed and has dependencies outside of the sandbox. Sandboxing is controlled by the dbms.security.procedures.unrestricted setting. Only unrestrict procedures you can trust with access to database internals.
2025-12-27 17:59:11.066+0000 WARN  [o.n.k.a.p.GlobalProcedures] gds.k1coloring.stream.estimate is unavailable because it is sandboxed and has dependencies outside of the sandbox. Sandboxing is controlled by the dbms.security.procedures.unrestricted setting. Only unrestrict procedures you can trust with access to database internals.
2025-12-27 17:59:11.067+0000 WARN  [o.n.k.a.p.GlobalProcedures] gds.beta.k1coloring.stream is unavailable because it is sandboxed and has dependencies outside of the sandbox. Sandboxing is controlled by the dbms.security.procedures.unrestricted setting. Only unrestrict procedures you can trust with access to database internals.
2025-12-27 17:59:11.067+0000 WARN  [o.n.k.a.p.GlobalProcedures] gds.beta.k1coloring.stream.estimate is unavailable because it is sandboxed and has dependencies outside of the sandbox. Sandboxing is controlled by the dbms.security.procedures.unrestricted setting. Only unrestrict procedures you can trust with access to database internals.
2025-12-27 17:59:11.097+0000 WARN  [o.n.k.a.p.GlobalProcedures] gds.sllpa.write is unavailable because it is sandboxed and has dependencies outside of the sandbox. Sandboxing is controlled by the dbms.security.procedures.unrestricted setting. Only unrestrict procedures you can trust with access to database internals.
2025-12-27 17:59:11.097+0000 WARN  [o.n.k.a.p.GlobalProcedures] gds.sllpa.write.estimate is unavailable because it is sandboxed and has dependencies outside of the sandbox. Sandboxing is controlled by the dbms.security.procedures.unrestricted setting. Only unrestrict procedures you can trust with access to database internals.
2025-12-27 17:59:11.126+0000 WARN  [o.n.k.a.p.GlobalProcedures] gds.alpha.pipeline.linkPrediction.configureAutoTuning is unavailable because it is sandboxed and has dependencies outside of the sandbox. Sandboxing is controlled by the dbms.security.procedures.unrestricted setting. Only unrestrict procedures you can trust with access to database internals.
2025-12-27 17:59:11.127+0000 WARN  [o.n.k.a.p.GlobalProcedures] gds.scaleProperties.write is unavailable because it is sandboxed and has dependencies outside of the sandbox. Sandboxing is controlled by the dbms.security.procedures.unrestricted setting. Only unrestrict procedures you can trust with access to database internals.
2025-12-27 17:59:11.128+0000 WARN  [o.n.k.a.p.GlobalProcedures] gds.scaleProperties.write.estimate is unavailable because it is sandboxed and has dependencies outside of the sandbox. Sandboxing is controlled by the dbms.security.procedures.unrestricted setting. Only unrestrict procedures you can trust with access to database internals.
2025-12-27 17:59:11.129+0000 WARN  [o.n.k.a.p.GlobalProcedures] gds.bfs.mutate.estimate is unavailable because it is sandboxed and has dependencies outside of the sandbox. Sandboxing is controlled by the dbms.security.procedures.unrestricted setting. Only unrestrict procedures you can trust with access to database internals.
2025-12-27 17:59:11.130+0000 WARN  [o.n.k.a.p.GlobalProcedures] gds.bfs.mutate is unavailable because it is sandboxed and has dependencies outside of the sandbox. Sandboxing is controlled by the dbms.security.procedures.unrestricted setting. Only unrestrict procedures you can trust with access to database internals.
2025-12-27 17:59:11.137+0000 WARN  [o.n.k.a.p.GlobalProcedures] gds.alpha.pipeline.nodeRegression.configureAutoTuning is unavailable because it is sandboxed and has dependencies outside of the sandbox. Sandboxing is controlled by the dbms.security.procedures.unrestricted setting. Only unrestrict procedures you can trust with access to database internals.
2025-12-27 17:59:11.164+0000 WARN  [o.n.k.a.p.GlobalProcedures] gds.alpha.hits.stream is unavailable because it is sandboxed and has dependencies outside of the sandbox. Sandboxing is controlled by the dbms.security.procedures.unrestricted setting. Only unrestrict procedures you can trust with access to database internals.
2025-12-27 17:59:11.164+0000 WARN  [o.n.k.a.p.GlobalProcedures] gds.alpha.hits.stream.estimate is unavailable because it is sandboxed and has dependencies outside of the sandbox. Sandboxing is controlled by the dbms.security.procedures.unrestricted setting. Only unrestrict procedures you can trust with access to database internals.
2025-12-27 17:59:11.166+0000 WARN  [o.n.k.a.p.GlobalProcedures] gds.kcore.write.estimate is unavailable because it is sandboxed and has dependencies outside of the sandbox. Sandboxing is controlled by the dbms.security.procedures.unrestricted setting. Only unrestrict procedures you can trust with access to database internals.
2025-12-27 17:59:11.167+0000 WARN  [o.n.k.a.p.GlobalProcedures] gds.kcore.write is unavailable because it is sandboxed and has dependencies outside of the sandbox. Sandboxing is controlled by the dbms.security.procedures.unrestricted setting. Only unrestrict procedures you can trust with access to database internals.
2025-12-27 17:59:11.169+0000 WARN  [o.n.k.a.p.GlobalProcedures] gds.alpha.systemMonitor is unavailable because it is sandboxed and has dependencies outside of the sandbox. Sandboxing is controlled by the dbms.security.procedures.unrestricted setting. Only unrestrict procedures you can trust with access to database internals.
2025-12-27 17:59:11.170+0000 WARN  [o.n.k.a.p.GlobalProcedures] gds.systemMonitor is unavailable because it is sandboxed and has dependencies outside of the sandbox. Sandboxing is controlled by the dbms.security.procedures.unrestricted setting. Only unrestrict procedures you can trust with access to database internals.
2025-12-27 17:59:11.178+0000 WARN  [o.n.k.a.p.GlobalProcedures] gds.alpha.sllpa.stream is unavailable because it is sandboxed and has dependencies outside of the sandbox. Sandboxing is controlled by the dbms.security.procedures.unrestricted setting. Only unrestrict procedures you can trust with access to database internals.
2025-12-27 17:59:11.178+0000 WARN  [o.n.k.a.p.GlobalProcedures] gds.alpha.sllpa.stream.estimate is unavailable because it is sandboxed and has dependencies outside of the sandbox. Sandboxing is controlled by the dbms.security.procedures.unrestricted setting. Only unrestrict procedures you can trust with access to database internals.
2025-12-27 17:59:11.181+0000 WARN  [o.n.k.a.p.GlobalProcedures] gds.list is unavailable because it is sandboxed and has dependencies outside of the sandbox. Sandboxing is controlled by the dbms.security.procedures.unrestricted setting. Only unrestrict procedures you can trust with access to database internals.
2025-12-27 17:59:11.198+0000 WARN  [o.n.k.a.p.GlobalProcedures] gds.bellmanFord.stats is unavailable because it is sandboxed and has dependencies outside of the sandbox. Sandboxing is controlled by the dbms.security.procedures.unrestricted setting. Only unrestrict procedures you can trust with access to database internals.
2025-12-27 17:59:11.198+0000 WARN  [o.n.k.a.p.GlobalProcedures] gds.bellmanFord.stats.estimate is unavailable because it is sandboxed and has dependencies outside of the sandbox. Sandboxing is controlled by the dbms.security.procedures.unrestricted setting. Only unrestrict procedures you can trust with access to database internals.
2025-12-27 17:59:11.200+0000 WARN  [o.n.k.a.p.GlobalProcedures] gds.alpha.knn.filtered.stream is unavailable because it is sandboxed and has dependencies outside of the sandbox. Sandboxing is controlled by the dbms.security.procedures.unrestricted setting. Only unrestrict procedures you can trust with access to database internals.
2025-12-27 17:59:11.201+0000 WARN  [o.n.k.a.p.GlobalProcedures] gds.knn.filtered.stream is unavailable because it is sandboxed and has dependencies outside of the sandbox. Sandboxing is controlled by the dbms.security.procedures.unrestricted setting. Only unrestrict procedures you can trust with access to database internals.
2025-12-27 17:59:11.201+0000 WARN  [o.n.k.a.p.GlobalProcedures] gds.knn.filtered.stream.estimate is unavailable because it is sandboxed and has dependencies outside of the sandbox. Sandboxing is controlled by the dbms.security.procedures.unrestricted setting. Only unrestrict procedures you can trust with access to database internals.
2025-12-27 17:59:11.202+0000 WARN  [o.n.k.a.p.GlobalProcedures] gds.beta.pipeline.linkPrediction.predict.mutate.estimate is unavailable because it is sandboxed and has dependencies outside of the sandbox. Sandboxing is controlled by the dbms.security.procedures.unrestricted setting. Only unrestrict procedures you can trust with access to database internals.
2025-12-27 17:59:11.203+0000 WARN  [o.n.k.a.p.GlobalProcedures] gds.beta.pipeline.linkPrediction.predict.mutate is unavailable because it is sandboxed and has dependencies outside of the sandbox. Sandboxing is controlled by the dbms.security.procedures.unrestricted setting. Only unrestrict procedures you can trust with access to database internals.
2025-12-27 17:59:11.218+0000 WARN  [o.n.k.a.p.GlobalProcedures] gds.beta.steinerTree.mutate is unavailable because it is sandboxed and has dependencies outside of the sandbox. Sandboxing is controlled by the dbms.security.procedures.unrestricted setting. Only unrestrict procedures you can trust with access to database internals.
2025-12-27 17:59:11.219+0000 WARN  [o.n.k.a.p.GlobalProcedures] gds.steinerTree.mutate.estimate is unavailable because it is sandboxed and has dependencies outside of the sandbox. Sandboxing is controlled by the dbms.security.procedures.unrestricted setting. Only unrestrict procedures you can trust with access to database internals.
2025-12-27 17:59:11.220+0000 WARN  [o.n.k.a.p.GlobalProcedures] gds.steinerTree.mutate is unavailable because it is sandboxed and has dependencies outside of the sandbox. Sandboxing is controlled by the dbms.security.procedures.unrestricted setting. Only unrestrict procedures you can trust with access to database internals.
2025-12-27 17:59:11.221+0000 WARN  [o.n.k.a.p.GlobalProcedures] gds.alpha.triangles is unavailable because it is sandboxed and has dependencies outside of the sandbox. Sandboxing is controlled by the dbms.security.procedures.unrestricted setting. Only unrestrict procedures you can trust with access to database internals.
2025-12-27 17:59:11.222+0000 WARN  [o.n.k.a.p.GlobalProcedures] gds.triangles is unavailable because it is sandboxed and has dependencies outside of the sandbox. Sandboxing is controlled by the dbms.security.procedures.unrestricted setting. Only unrestrict procedures you can trust with access to database internals.
2025-12-27 17:59:11.239+0000 WARN  [o.n.k.a.p.GlobalProcedures] gds.randomWalk.stream is unavailable because it is sandboxed and has dependencies outside of the sandbox. Sandboxing is controlled by the dbms.security.procedures.unrestricted setting. Only unrestrict procedures you can trust with access to database internals.
2025-12-27 17:59:11.239+0000 WARN  [o.n.k.a.p.GlobalProcedures] gds.randomWalk.stream.estimate is unavailable because it is sandboxed and has dependencies outside of the sandbox. Sandboxing is controlled by the dbms.security.procedures.unrestricted setting. Only unrestrict procedures you can trust with access to database internals.
2025-12-27 17:59:11.241+0000 WARN  [o.n.k.a.p.GlobalProcedures] gds.hits.stats is unavailable because it is sandboxed and has dependencies outside of the sandbox. Sandboxing is controlled by the dbms.security.procedures.unrestricted setting. Only unrestrict procedures you can trust with access to database internals.
2025-12-27 17:59:11.241+0000 WARN  [o.n.k.a.p.GlobalProcedures] gds.hits.stats.estimate is unavailable because it is sandboxed and has dependencies outside of the sandbox. Sandboxing is controlled by the dbms.security.procedures.unrestricted setting. Only unrestrict procedures you can trust with access to database internals.
2025-12-27 17:59:11.242+0000 WARN  [o.n.k.a.p.GlobalProcedures] gds.allShortestPaths.delta.stream is unavailable because it is sandboxed and has dependencies outside of the sandbox. Sandboxing is controlled by the dbms.security.procedures.unrestricted setting. Only unrestrict procedures you can trust with access to database internals.
2025-12-27 17:59:11.243+0000 WARN  [o.n.k.a.p.GlobalProcedures] gds.allShortestPaths.delta.stream.estimate is unavailable because it is sandboxed and has dependencies outside of the sandbox. Sandboxing is controlled by the dbms.security.procedures.unrestricted setting. Only unrestrict procedures you can trust with access to database internals.
2025-12-27 17:59:11.327+0000 WARN  [o.n.k.a.p.GlobalProcedures] gds.alpha.sllpa.write is unavailable because it is sandboxed and has dependencies outside of the sandbox. Sandboxing is controlled by the dbms.security.procedures.unrestricted setting. Only unrestrict procedures you can trust with access to database internals.
2025-12-27 17:59:11.328+0000 WARN  [o.n.k.a.p.GlobalProcedures] gds.alpha.sllpa.write.estimate is unavailable because it is sandboxed and has dependencies outside of the sandbox. Sandboxing is controlled by the dbms.security.procedures.unrestricted setting. Only unrestrict procedures you can trust with access to database internals.
2025-12-27 17:59:11.333+0000 WARN  [o.n.k.a.p.GlobalProcedures] gds.hits.stream is unavailable because it is sandboxed and has dependencies outside of the sandbox. Sandboxing is controlled by the dbms.security.procedures.unrestricted setting. Only unrestrict procedures you can trust with access to database internals.
2025-12-27 17:59:11.333+0000 WARN  [o.n.k.a.p.GlobalProcedures] gds.hits.stream.estimate is unavailable because it is sandboxed and has dependencies outside of the sandbox. Sandboxing is controlled by the dbms.security.procedures.unrestricted setting. Only unrestrict procedures you can trust with access to database internals.
2025-12-27 17:59:11.352+0000 WARN  [o.n.k.a.p.GlobalProcedures] gds.beta.model.exists is unavailable because it is sandboxed and has dependencies outside of the sandbox. Sandboxing is controlled by the dbms.security.procedures.unrestricted setting. Only unrestrict procedures you can trust with access to database internals.
2025-12-27 17:59:11.353+0000 WARN  [o.n.k.a.p.GlobalProcedures] gds.model.exists is unavailable because it is sandboxed and has dependencies outside of the sandbox. Sandboxing is controlled by the dbms.security.procedures.unrestricted setting. Only unrestrict procedures you can trust with access to database internals.
2025-12-27 17:59:11.362+0000 WARN  [o.n.k.a.p.GlobalProcedures] gds.alpha.ml.splitRelationships.mutate is unavailable because it is sandboxed and has dependencies outside of the sandbox. Sandboxing is controlled by the dbms.security.procedures.unrestricted setting. Only unrestrict procedures you can trust with access to database internals.
2025-12-27 17:59:11.362+0000 WARN  [o.n.k.a.p.GlobalProcedures] gds.beta.pipeline.nodeClassification.configureSplit is unavailable because it is sandboxed and has dependencies outside of the sandbox. Sandboxing is controlled by the dbms.security.procedures.unrestricted setting. Only unrestrict procedures you can trust with access to database internals.
2025-12-27 17:59:11.374+0000 WARN  [o.n.k.a.p.GlobalProcedures] gds.model.drop is unavailable because it is sandboxed and has dependencies outside of the sandbox. Sandboxing is controlled by the dbms.security.procedures.unrestricted setting. Only unrestrict procedures you can trust with access to database internals.
2025-12-27 17:59:11.375+0000 WARN  [o.n.k.a.p.GlobalProcedures] gds.beta.model.drop is unavailable because it is sandboxed and has dependencies outside of the sandbox. Sandboxing is controlled by the dbms.security.procedures.unrestricted setting. Only unrestrict procedures you can trust with access to database internals.
2025-12-27 17:59:11.376+0000 WARN  [o.n.k.a.p.GlobalProcedures] gds.bellmanFord.stream is unavailable because it is sandboxed and has dependencies outside of the sandbox. Sandboxing is controlled by the dbms.security.procedures.unrestricted setting. Only unrestrict procedures you can trust with access to database internals.
2025-12-27 17:59:11.376+0000 WARN  [o.n.k.a.p.GlobalProcedures] gds.bellmanFord.stream.estimate is unavailable because it is sandboxed and has dependencies outside of the sandbox. Sandboxing is controlled by the dbms.security.procedures.unrestricted setting. Only unrestrict procedures you can trust with access to database internals.
2025-12-27 17:59:11.382+0000 WARN  [o.n.k.a.p.GlobalProcedures] gds.kmeans.mutate.estimate is unavailable because it is sandboxed and has dependencies outside of the sandbox. Sandboxing is controlled by the dbms.security.procedures.unrestricted setting. Only unrestrict procedures you can trust with access to database internals.
2025-12-27 17:59:11.383+0000 WARN  [o.n.k.a.p.GlobalProcedures] gds.beta.kmeans.mutate is unavailable because it is sandboxed and has dependencies outside of the sandbox. Sandboxing is controlled by the dbms.security.procedures.unrestricted setting. Only unrestrict procedures you can trust with access to database internals.
2025-12-27 17:59:11.384+0000 WARN  [o.n.k.a.p.GlobalProcedures] gds.kmeans.mutate is unavailable because it is sandboxed and has dependencies outside of the sandbox. Sandboxing is controlled by the dbms.security.procedures.unrestricted setting. Only unrestrict procedures you can trust with access to database internals.
2025-12-27 17:59:11.384+0000 WARN  [o.n.k.a.p.GlobalProcedures] gds.beta.kmeans.mutate.estimate is unavailable because it is sandboxed and has dependencies outside of the sandbox. Sandboxing is controlled by the dbms.security.procedures.unrestricted setting. Only unrestrict procedures you can trust with access to database internals.
2025-12-27 17:59:11.386+0000 WARN  [o.n.k.a.p.GlobalProcedures] gds.degree.mutate.estimate is unavailable because it is sandboxed and has dependencies outside of the sandbox. Sandboxing is controlled by the dbms.security.procedures.unrestricted setting. Only unrestrict procedures you can trust with access to database internals.
2025-12-27 17:59:11.387+0000 WARN  [o.n.k.a.p.GlobalProcedures] gds.degree.mutate is unavailable because it is sandboxed and has dependencies outside of the sandbox. Sandboxing is controlled by the dbms.security.procedures.unrestricted setting. Only unrestrict procedures you can trust with access to database internals.
2025-12-27 17:59:11.400+0000 WARN  [o.n.k.a.p.GlobalProcedures] gds.beta.spanningTree.write is unavailable because it is sandboxed and has dependencies outside of the sandbox. Sandboxing is controlled by the dbms.security.procedures.unrestricted setting. Only unrestrict procedures you can trust with access to database internals.
2025-12-27 17:59:11.401+0000 WARN  [o.n.k.a.p.GlobalProcedures] gds.spanningTree.write.estimate is unavailable because it is sandboxed and has dependencies outside of the sandbox. Sandboxing is controlled by the dbms.security.procedures.unrestricted setting. Only unrestrict procedures you can trust with access to database internals.
2025-12-27 17:59:11.401+0000 WARN  [o.n.k.a.p.GlobalProcedures] gds.beta.spanningTree.write.estimate is unavailable because it is sandboxed and has dependencies outside of the sandbox. Sandboxing is controlled by the dbms.security.procedures.unrestricted setting. Only unrestrict procedures you can trust with access to database internals.
2025-12-27 17:59:11.402+0000 WARN  [o.n.k.a.p.GlobalProcedures] gds.spanningTree.write is unavailable because it is sandboxed and has dependencies outside of the sandbox. Sandboxing is controlled by the dbms.security.procedures.unrestricted setting. Only unrestrict procedures you can trust with access to database internals.
2025-12-27 17:59:11.421+0000 WARN  [o.n.k.a.p.GlobalProcedures] gds.beta.listProgress is unavailable because it is sandboxed and has dependencies outside of the sandbox. Sandboxing is controlled by the dbms.security.procedures.unrestricted setting. Only unrestrict procedures you can trust with access to database internals.
2025-12-27 17:59:11.422+0000 WARN  [o.n.k.a.p.GlobalProcedures] gds.listProgress is unavailable because it is sandboxed and has dependencies outside of the sandbox. Sandboxing is controlled by the dbms.security.procedures.unrestricted setting. Only unrestrict procedures you can trust with access to database internals.
2025-12-27 17:59:11.433+0000 WARN  [o.n.k.a.p.GlobalProcedures] gds.alpha.hits.write is unavailable because it is sandboxed and has dependencies outside of the sandbox. Sandboxing is controlled by the dbms.security.procedures.unrestricted setting. Only unrestrict procedures you can trust with access to database internals.
2025-12-27 17:59:11.434+0000 WARN  [o.n.k.a.p.GlobalProcedures] gds.alpha.hits.write.estimate is unavailable because it is sandboxed and has dependencies outside of the sandbox. Sandboxing is controlled by the dbms.security.procedures.unrestricted setting. Only unrestrict procedures you can trust with access to database internals.
2025-12-27 17:59:11.436+0000 WARN  [o.n.k.a.p.GlobalProcedures] gds.sllpa.mutate.estimate is unavailable because it is sandboxed and has dependencies outside of the sandbox. Sandboxing is controlled by the dbms.security.procedures.unrestricted setting. Only unrestrict procedures you can trust with access to database internals.
2025-12-27 17:59:11.437+0000 WARN  [o.n.k.a.p.GlobalProcedures] gds.sllpa.mutate is unavailable because it is sandboxed and has dependencies outside of the sandbox. Sandboxing is controlled by the dbms.security.procedures.unrestricted setting. Only unrestrict procedures you can trust with access to database internals.
2025-12-27 17:59:11.440+0000 WARN  [o.n.k.a.p.GlobalProcedures] gds.alpha.scc.write is unavailable because it is sandboxed and has dependencies outside of the sandbox. Sandboxing is controlled by the dbms.security.procedures.unrestricted setting. Only unrestrict procedures you can trust with access to database internals.
2025-12-27 17:59:11.441+0000 WARN  [o.n.k.a.p.GlobalProcedures] gds.scc.write is unavailable because it is sandboxed and has dependencies outside of the sandbox. Sandboxing is controlled by the dbms.security.procedures.unrestricted setting. Only unrestrict procedures you can trust with access to database internals.
2025-12-27 17:59:11.441+0000 WARN  [o.n.k.a.p.GlobalProcedures] gds.scc.write.estimate is unavailable because it is sandboxed and has dependencies outside of the sandbox. Sandboxing is controlled by the dbms.security.procedures.unrestricted setting. Only unrestrict procedures you can trust with access to database internals.
2025-12-27 17:59:11.449+0000 WARN  [o.n.k.a.p.GlobalProcedures] gds.config.limits.list is unavailable because it is sandboxed and has dependencies outside of the sandbox. Sandboxing is controlled by the dbms.security.procedures.unrestricted setting. Only unrestrict procedures you can trust with access to database internals.
2025-12-27 17:59:11.450+0000 WARN  [o.n.k.a.p.GlobalProcedures] gds.alpha.config.limits.list is unavailable because it is sandboxed and has dependencies outside of the sandbox. Sandboxing is controlled by the dbms.security.procedures.unrestricted setting. Only unrestrict procedures you can trust with access to database internals.
2025-12-27 17:59:11.451+0000 WARN  [o.n.k.a.p.GlobalProcedures] gds.alpha.config.limits.set is unavailable because it is sandboxed and has dependencies outside of the sandbox. Sandboxing is controlled by the dbms.security.procedures.unrestricted setting. Only unrestrict procedures you can trust with access to database internals.
2025-12-27 17:59:11.451+0000 WARN  [o.n.k.a.p.GlobalProcedures] gds.config.limits.set is unavailable because it is sandboxed and has dependencies outside of the sandbox. Sandboxing is controlled by the dbms.security.procedures.unrestricted setting. Only unrestrict procedures you can trust with access to database internals.
2025-12-27 17:59:11.459+0000 WARN  [o.n.k.a.p.GlobalProcedures] gds.beta.spanningTree.stats is unavailable because it is sandboxed and has dependencies outside of the sandbox. Sandboxing is controlled by the dbms.security.procedures.unrestricted setting. Only unrestrict procedures you can trust with access to database internals.
2025-12-27 17:59:11.460+0000 WARN  [o.n.k.a.p.GlobalProcedures] gds.spanningTree.stats.estimate is unavailable because it is sandboxed and has dependencies outside of the sandbox. Sandboxing is controlled by the dbms.security.procedures.unrestricted setting. Only unrestrict procedures you can trust with access to database internals.
2025-12-27 17:59:11.460+0000 WARN  [o.n.k.a.p.GlobalProcedures] gds.beta.spanningTree.stats.estimate is unavailable because it is sandboxed and has dependencies outside of the sandbox. Sandboxing is controlled by the dbms.security.procedures.unrestricted setting. Only unrestrict procedures you can trust with access to database internals.
2025-12-27 17:59:11.461+0000 WARN  [o.n.k.a.p.GlobalProcedures] gds.spanningTree.stats is unavailable because it is sandboxed and has dependencies outside of the sandbox. Sandboxing is controlled by the dbms.security.procedures.unrestricted setting. Only unrestrict procedures you can trust with access to database internals.
2025-12-27 17:59:11.521+0000 WARN  [o.n.k.a.p.GlobalProcedures] gds.beta.modularityOptimization.mutate is unavailable because it is sandboxed and has dependencies outside of the sandbox. Sandboxing is controlled by the dbms.security.procedures.unrestricted setting. Only unrestrict procedures you can trust with access to database internals.
2025-12-27 17:59:11.522+0000 WARN  [o.n.k.a.p.GlobalProcedures] gds.modularityOptimization.mutate.estimate is unavailable because it is sandboxed and has dependencies outside of the sandbox. Sandboxing is controlled by the dbms.security.procedures.unrestricted setting. Only unrestrict procedures you can trust with access to database internals.
2025-12-27 17:59:11.522+0000 WARN  [o.n.k.a.p.GlobalProcedures] gds.beta.modularityOptimization.mutate.estimate is unavailable because it is sandboxed and has dependencies outside of the sandbox. Sandboxing is controlled by the dbms.security.procedures.unrestricted setting. Only unrestrict procedures you can trust with access to database internals.
2025-12-27 17:59:11.523+0000 WARN  [o.n.k.a.p.GlobalProcedures] gds.modularityOptimization.mutate is unavailable because it is sandboxed and has dependencies outside of the sandbox. Sandboxing is controlled by the dbms.security.procedures.unrestricted setting. Only unrestrict procedures you can trust with access to database internals.
2025-12-27 17:59:11.526+0000 WARN  [o.n.k.a.p.GlobalProcedures] gds.alpha.pipeline.nodeRegression.predict.stream is unavailable because it is sandboxed and has dependencies outside of the sandbox. Sandboxing is controlled by the dbms.security.procedures.unrestricted setting. Only unrestrict procedures you can trust with access to database internals.
2025-12-27 17:59:11.576+0000 WARN  [o.n.k.a.p.GlobalProcedures] gds.alpha.pipeline.nodeRegression.selectFeatures is unavailable because it is sandboxed and has dependencies outside of the sandbox. Sandboxing is controlled by the dbms.security.procedures.unrestricted setting. Only unrestrict procedures you can trust with access to database internals.
2025-12-27 17:59:11.577+0000 WARN  [o.n.k.a.p.GlobalProcedures] gds.alpha.pipeline.nodeRegression.addNodeProperty is unavailable because it is sandboxed and has dependencies outside of the sandbox. Sandboxing is controlled by the dbms.security.procedures.unrestricted setting. Only unrestrict procedures you can trust with access to database internals.
2025-12-27 17:59:11.608+0000 WARN  [o.n.k.a.p.GlobalProcedures] gds.alpha.modularity.stats is unavailable because it is sandboxed and has dependencies outside of the sandbox. Sandboxing is controlled by the dbms.security.procedures.unrestricted setting. Only unrestrict procedures you can trust with access to database internals.
2025-12-27 17:59:11.608+0000 WARN  [o.n.k.a.p.GlobalProcedures] gds.modularity.stats is unavailable because it is sandboxed and has dependencies outside of the sandbox. Sandboxing is controlled by the dbms.security.procedures.unrestricted setting. Only unrestrict procedures you can trust with access to database internals.
2025-12-27 17:59:11.609+0000 WARN  [o.n.k.a.p.GlobalProcedures] gds.modularity.stats.estimate is unavailable because it is sandboxed and has dependencies outside of the sandbox. Sandboxing is controlled by the dbms.security.procedures.unrestricted setting. Only unrestrict procedures you can trust with access to database internals.
2025-12-27 17:59:11.610+0000 WARN  [o.n.k.a.p.GlobalProcedures] gds.alpha.kSpanningTree.write is unavailable because it is sandboxed and has dependencies outside of the sandbox. Sandboxing is controlled by the dbms.security.procedures.unrestricted setting. Only unrestrict procedures you can trust with access to database internals.
2025-12-27 17:59:11.611+0000 WARN  [o.n.k.a.p.GlobalProcedures] gds.kSpanningTree.write is unavailable because it is sandboxed and has dependencies outside of the sandbox. Sandboxing is controlled by the dbms.security.procedures.unrestricted setting. Only unrestrict procedures you can trust with access to database internals.
2025-12-27 17:59:11.896+0000 INFO  [o.n.s.s.s.UserSecurityGraphComponent] Performing postInitialization step for component 'security-users' with version 4 and status CURRENT
2025-12-27 17:59:11.896+0000 INFO  [o.n.s.s.s.UserSecurityGraphComponent] Updating the initial password in component 'security-users'
2025-12-27 17:59:11.941+0000 INFO  [o.n.d.d.DatabaseLifecycles] Creating 'DatabaseId{79ffee62[neo4j]}'.
2025-12-27 17:59:11.947+0000 INFO  [o.n.d.d.DatabaseLifecycles] Starting 'DatabaseId{79ffee62[neo4j]}'.
2025-12-27 17:59:11.982+0000 INFO  [o.n.k.i.t.l.f.c.CheckpointLogFile] [neo4j/79ffee62] Scanning log file with version 0 for checkpoint entries
2025-12-27 17:59:12.010+0000 INFO  [o.n.k.i.s.f.RecordFormatSelector] [neo4j/79ffee62] Selected RecordFormat:PageAlignedV5_0[aligned-1.1] record format from store /data/databases/neo4j
2025-12-27 17:59:12.010+0000 INFO  [o.n.k.i.s.f.RecordFormatSelector] [neo4j/79ffee62] Selected format from the store files: RecordFormat:PageAlignedV5_0[aligned-1.1]
2025-12-27 17:59:12.107+0000 INFO  [o.n.i.d.DiagnosticsManager] [neo4j/79ffee62] 
                                                                [neo4j/79ffee62] ********************************************************************************
                                                                [neo4j/79ffee62]                               [ Database: neo4j ]                               
                                                                [neo4j/79ffee62] ********************************************************************************
                                                                [neo4j/79ffee62] --------------------------------------------------------------------------------
                                                                [neo4j/79ffee62]                                   [ Version ]                                   
                                                                [neo4j/79ffee62] --------------------------------------------------------------------------------
                                                                [neo4j/79ffee62] DBMS: community record-aligned-1.1
                                                                [neo4j/79ffee62] Kernel version: 5.15.0
                                                                [neo4j/79ffee62] 
                                                                [neo4j/79ffee62] --------------------------------------------------------------------------------
                                                                [neo4j/79ffee62]                                 [ Store files ]                                 
                                                                [neo4j/79ffee62] --------------------------------------------------------------------------------
                                                                [neo4j/79ffee62] Disk space on partition (Total / Free / Free %): 509943480320 / 372452208640 / 73
                                                                [neo4j/79ffee62] Storage files stored on file store: btrfs
                                                                [neo4j/79ffee62] Storage files: (filename : modification date - size)
                                                                [neo4j/79ffee62]   database_lock: 2025-12-27 17:50:16.000+0000 - 0B
                                                                [neo4j/79ffee62]   neostore: 2025-12-27 17:50:15.972+0000 - 8.000KiB
                                                                [neo4j/79ffee62]   neostore.counts.db: 2025-12-27 17:59:12.063+0000 - 40.00KiB
                                                                [neo4j/79ffee62]   neostore.indexstats.db: 2025-12-27 17:59:12.071+0000 - 48.00KiB
                                                                [neo4j/79ffee62]   neostore.labeltokenstore.db: 2025-12-27 17:58:15.744+0000 - 8.000KiB
                                                                [neo4j/79ffee62]   neostore.labeltokenstore.db.id: 2025-12-27 17:59:12.051+0000 - 40.00KiB
                                                                [neo4j/79ffee62]   neostore.labeltokenstore.db.names: 2025-12-27 17:58:15.740+0000 - 8.000KiB
                                                                [neo4j/79ffee62]   neostore.labeltokenstore.db.names.id: 2025-12-27 17:59:12.048+0000 - 40.00KiB
                                                                [neo4j/79ffee62]   neostore.nodestore.db: 2025-12-27 17:50:15.938+0000 - 0B
                                                                [neo4j/79ffee62]   neostore.nodestore.db.id: 2025-12-27 17:59:12.016+0000 - 40.00KiB
                                                                [neo4j/79ffee62]   neostore.nodestore.db.labels: 2025-12-27 17:50:15.932+0000 - 8.000KiB
                                                                [neo4j/79ffee62]   neostore.nodestore.db.labels.id: 2025-12-27 17:59:12.010+0000 - 40.00KiB
                                                                [neo4j/79ffee62]   neostore.propertystore.db: 2025-12-27 17:58:15.737+0000 - 8.000KiB
                                                                [neo4j/79ffee62]   neostore.propertystore.db.arrays: 2025-12-27 17:50:15.948+0000 - 8.000KiB
                                                                [neo4j/79ffee62]   neostore.propertystore.db.arrays.id: 2025-12-27 17:59:12.031+0000 - 40.00KiB
                                                                [neo4j/79ffee62]   neostore.propertystore.db.id: 2025-12-27 17:59:12.034+0000 - 40.00KiB
                                                                [neo4j/79ffee62]   neostore.propertystore.db.index: 2025-12-27 17:58:15.746+0000 - 8.000KiB
                                                                [neo4j/79ffee62]   neostore.propertystore.db.index.id: 2025-12-27 17:59:12.025+0000 - 40.00KiB
                                                                [neo4j/79ffee62]   neostore.propertystore.db.index.keys: 2025-12-27 17:58:15.748+0000 - 8.000KiB
                                                                [neo4j/79ffee62]   neostore.propertystore.db.index.keys.id: 2025-12-27 17:59:12.020+0000 - 40.00KiB
                                                                [neo4j/79ffee62]   neostore.propertystore.db.strings: 2025-12-27 17:50:15.944+0000 - 8.000KiB
                                                                [neo4j/79ffee62]   neostore.propertystore.db.strings.id: 2025-12-27 17:59:12.028+0000 - 40.00KiB
                                                                [neo4j/79ffee62]   neostore.relationshipgroupstore.db: 2025-12-27 17:50:15.969+0000 - 8.000KiB
                                                                [neo4j/79ffee62]   neostore.relationshipgroupstore.db.id: 2025-12-27 17:59:12.058+0000 - 40.00KiB
                                                                [neo4j/79ffee62]   neostore.relationshipgroupstore.degrees.db: 2025-12-27 17:59:12.066+0000 - 40.00KiB
                                                                [neo4j/79ffee62]   neostore.relationshipstore.db: 2025-12-27 17:50:15.952+0000 - 0B
                                                                [neo4j/79ffee62]   neostore.relationshipstore.db.id: 2025-12-27 17:59:12.038+0000 - 40.00KiB
                                                                [neo4j/79ffee62]   neostore.relationshiptypestore.db: 2025-12-27 17:50:15.958+0000 - 0B
                                                                [neo4j/79ffee62]   neostore.relationshiptypestore.db.id: 2025-12-27 17:59:12.044+0000 - 40.00KiB
                                                                [neo4j/79ffee62]   neostore.relationshiptypestore.db.names: 2025-12-27 17:50:15.953+0000 - 8.000KiB
                                                                [neo4j/79ffee62]   neostore.relationshiptypestore.db.names.id: 2025-12-27 17:59:12.041+0000 - 40.00KiB
                                                                [neo4j/79ffee62]   neostore.schemastore.db: 2025-12-27 17:58:15.742+0000 - 8.000KiB
                                                                [neo4j/79ffee62]   neostore.schemastore.db.id: 2025-12-27 17:59:12.054+0000 - 40.00KiB
                                                                [neo4j/79ffee62]   schema:
                                                                [neo4j/79ffee62]     index:
                                                                [neo4j/79ffee62]       range-1.0:
                                                                [neo4j/79ffee62]         3:
                                                                [neo4j/79ffee62]           index-3: 2025-12-27 17:58:15.768+0000 - 40.00KiB
                                                                [neo4j/79ffee62]         - Total: 2025-12-27 17:52:46.624+0000 - 40.00KiB
                                                                [neo4j/79ffee62]         5:
                                                                [neo4j/79ffee62]           index-5: 2025-12-27 17:58:15.772+0000 - 40.00KiB
                                                                [neo4j/79ffee62]         - Total: 2025-12-27 17:52:59.932+0000 - 40.00KiB
                                                                [neo4j/79ffee62]         6:
                                                                [neo4j/79ffee62]           index-6: 2025-12-27 17:58:15.776+0000 - 40.00KiB
                                                                [neo4j/79ffee62]         - Total: 2025-12-27 17:53:08.409+0000 - 40.00KiB
                                                                [neo4j/79ffee62]         7:
                                                                [neo4j/79ffee62]           index-7: 2025-12-27 17:58:15.780+0000 - 40.00KiB
                                                                [neo4j/79ffee62]         - Total: 2025-12-27 17:53:16.458+0000 - 40.00KiB
                                                                [neo4j/79ffee62]       - Total: 2025-12-27 17:53:16.458+0000 - 160.0KiB
                                                                [neo4j/79ffee62]       token-lookup-1.0:
                                                                [neo4j/79ffee62]         1:
                                                                [neo4j/79ffee62]           index-1: 2025-12-27 17:58:15.755+0000 - 40.00KiB
                                                                [neo4j/79ffee62]         - Total: 2025-12-27 17:50:16.063+0000 - 40.00KiB
                                                                [neo4j/79ffee62]         2:
                                                                [neo4j/79ffee62]           index-2: 2025-12-27 17:58:15.762+0000 - 40.00KiB
                                                                [neo4j/79ffee62]         - Total: 2025-12-27 17:50:16.044+0000 - 40.00KiB
                                                                [neo4j/79ffee62]       - Total: 2025-12-27 17:50:16.063+0000 - 80.00KiB
                                                                [neo4j/79ffee62]     - Total: 2025-12-27 17:52:46.624+0000 - 240.0KiB
                                                                [neo4j/79ffee62]   - Total: 2025-12-27 17:50:16.044+0000 - 240.0KiB
                                                                [neo4j/79ffee62] Storage summary: 
                                                                [neo4j/79ffee62]   Total size of store: 1.000MiB
                                                                [neo4j/79ffee62]   Total size of mapped files: 336.0KiB
                                                                [neo4j/79ffee62] 
                                                                [neo4j/79ffee62] --------------------------------------------------------------------------------
                                                                [neo4j/79ffee62]                               [ Transaction log ]                               
                                                                [neo4j/79ffee62] --------------------------------------------------------------------------------
                                                                [neo4j/79ffee62] Transaction log files stored on file store: btrfs
                                                                [neo4j/79ffee62] Transaction log metadata:
                                                                [neo4j/79ffee62]  - current kernel version used in transactions: V5_15
                                                                [neo4j/79ffee62]  - last committed transaction id: 15
                                                                [neo4j/79ffee62] Transaction log files:
                                                                [neo4j/79ffee62]  - existing transaction log versions: 0-0
                                                                [neo4j/79ffee62]  - oldest transaction 2 found in log with version 0
                                                                [neo4j/79ffee62]  - files: (filename : creation date - size)
                                                                [neo4j/79ffee62]      neostore.transaction.db.0: 2025-12-27 17:53:16.454+0000 - 256.0MiB
                                                                [neo4j/79ffee62]  - total size of files: 256.0MiB
                                                                [neo4j/79ffee62] Checkpoint log files:
                                                                [neo4j/79ffee62]  - existing checkpoint log versions: 0-0
                                                                [neo4j/79ffee62]  - last checkpoint: CheckpointInfo[transactionLogPosition=LogPosition{logVersion=0, byteOffset=9642}, storeId=StoreId{creationTime=1766857815972, random=-6844825695398062498, storageEngineName='record', formatName='aligned', majorVersion=1, minorVersion=1}, checkpointEntryPosition=LogPosition{logVersion=0, byteOffset=360}, channelPositionAfterCheckpoint=LogPosition{logVersion=0, byteOffset=592}, checkpointFilePostReadPosition=LogPosition{logVersion=0, byteOffset=592}, kernelVersion=KernelVersion{V5_15,version=14}, kernelVersionByte=14, transactionId=TransactionId[transactionId=15, checksum=-408679882, commitTimestamp=1766857996453, consensusIndex=-1], reason=Checkpoint triggered by "Database shutdown" @ txId: 15]
                                                                [neo4j/79ffee62] 
                                                                [neo4j/79ffee62] --------------------------------------------------------------------------------
                                                                [neo4j/79ffee62]                                   [ Id usage ]                                  
                                                                [neo4j/79ffee62] --------------------------------------------------------------------------------
                                                                [neo4j/79ffee62] ArrayPropertyStore[neostore.nodestore.db.labels]: used=1 high=0
                                                                [neo4j/79ffee62] NodeStore[neostore.nodestore.db]: used=0 high=-1
                                                                [neo4j/79ffee62] StringPropertyStore[neostore.propertystore.db.index.keys]: used=27 high=26
                                                                [neo4j/79ffee62] PropertyIndexStore[neostore.propertystore.db.index]: used=14 high=13
                                                                [neo4j/79ffee62] StringPropertyStore[neostore.propertystore.db.strings]: used=1 high=0
                                                                [neo4j/79ffee62] ArrayPropertyStore[neostore.propertystore.db.arrays]: used=1 high=0
                                                                [neo4j/79ffee62] PropertyStore[neostore.propertystore.db]: used=28 high=27
                                                                [neo4j/79ffee62] RelationshipStore[neostore.relationshipstore.db]: used=0 high=-1
                                                                [neo4j/79ffee62] StringPropertyStore[neostore.relationshiptypestore.db.names]: used=1 high=0
                                                                [neo4j/79ffee62] RelationshipTypeStore[neostore.relationshiptypestore.db]: used=0 high=-1
                                                                [neo4j/79ffee62] StringPropertyStore[neostore.labeltokenstore.db.names]: used=5 high=4
                                                                [neo4j/79ffee62] LabelTokenStore[neostore.labeltokenstore.db]: used=4 high=3
                                                                [neo4j/79ffee62] SchemaStore[neostore.schemastore.db]: used=8 high=7
                                                                [neo4j/79ffee62] RelationshipGroupStore[neostore.relationshipgroupstore.db]: used=1 high=0
                                                                [neo4j/79ffee62] NeoStore[neostore]: used=-1 high=-1
                                                                [neo4j/79ffee62] 
                                                                [neo4j/79ffee62] --------------------------------------------------------------------------------
                                                                [neo4j/79ffee62]                                   [ Metadata ]                                  
                                                                [neo4j/79ffee62] --------------------------------------------------------------------------------
                                                                [neo4j/79ffee62] EXTERNAL_STORE_UUID (Database identifier exposed as external store identity. Generated on creation and never updated): 4a443ded-aa74-4005-a3cc-173aef816bcb
                                                                [neo4j/79ffee62] DATABASE_ID (The last used DatabaseId for this database): null
                                                                [neo4j/79ffee62] LEGACY_STORE_VERSION (Legacy store format version. This field is used from 5.0 onwards only to distinguish non-migrated pre 5.0 metadata stores.): -3523014627327384477
                                                                [neo4j/79ffee62] STORE_ID (Store ID): StoreId{creationTime=1766857815972, random=-6844825695398062498, storageEngineName='record', formatName='aligned', majorVersion=1, minorVersion=1}
                                                                [neo4j/79ffee62] 
2025-12-27 17:59:12.152+0000 INFO  [o.n.k.i.a.i.IndexingService] [neo4j/79ffee62] IndexingService.init: indexes not specifically mentioned above are ONLINE. Total 6 indexes. Processed in 37ms
2025-12-27 17:59:12.153+0000 INFO  [o.n.k.a.DatabaseAvailabilityGuard] [neo4j/79ffee62] Requirement `Database unavailable` makes database neo4j unavailable.
2025-12-27 17:59:12.154+0000 INFO  [o.n.k.a.DatabaseAvailabilityGuard] [neo4j/79ffee62] DatabaseId{79ffee62[neo4j]} is unavailable.
2025-12-27 17:59:12.168+0000 INFO  [o.n.k.d.Database] [neo4j/79ffee62] Starting transaction log [/data/transactions/neo4j/neostore.transaction.db.0] at version=0
2025-12-27 17:59:12.171+0000 INFO  [o.n.k.d.Database] [neo4j/79ffee62] Starting transaction log [/data/transactions/neo4j/checkpoint.0] at version=0
2025-12-27 17:59:12.173+0000 INFO  [o.n.k.i.t.l.f.c.CheckpointLogFile] [neo4j/79ffee62] Scanning log file with version 0 for checkpoint entries
2025-12-27 17:59:12.183+0000 INFO  [o.n.k.i.a.i.IndexingService] [neo4j/79ffee62] IndexingService.start: indexes not specifically mentioned above are ONLINE. Total 6 indexes. Processed in 0ms
2025-12-27 17:59:12.192+0000 INFO  [o.n.k.a.DatabaseAvailabilityGuard] [neo4j/79ffee62] Fulfilling of requirement 'Database unavailable' makes database neo4j available.
2025-12-27 17:59:12.192+0000 INFO  [o.n.k.a.DatabaseAvailabilityGuard] [neo4j/79ffee62] DatabaseId{79ffee62[neo4j]} is ready.
2025-12-27 17:59:12.282+0000 INFO  [o.n.b.p.c.c.n.SocketNettyConnector] Bolt enabled on 0.0.0.0:7687.
2025-12-27 17:59:12.282+0000 INFO  [o.n.b.BoltServer] Bolt server started
2025-12-27 17:59:12.282+0000 INFO  [o.n.s.A.ServerComponentsLifecycleAdapter] Starting web server
2025-12-27 17:59:13.608+0000 INFO  [o.n.s.CommunityNeoWebServer] HTTP enabled on 0.0.0.0:7474.
2025-12-27 17:59:13.609+0000 INFO  [o.n.s.CommunityNeoWebServer] Remote interface available at http://localhost:7474/
2025-12-27 17:59:13.609+0000 INFO  [o.n.s.A.ServerComponentsLifecycleAdapter] Web server started.
2025-12-27 17:59:13.613+0000 INFO  [o.n.g.f.DatabaseManagementServiceFactory] id: 5D6456F626F15D900312D21A6DDDEA3EAF4CACF43259F3390E2DE84AA6450867
2025-12-27 17:59:13.614+0000 INFO  [o.n.g.f.DatabaseManagementServiceFactory] name: system
2025-12-27 17:59:13.614+0000 INFO  [o.n.g.f.DatabaseManagementServiceFactory] creationDate: 2025-12-27T17:49:47.892Z
2025-12-27 17:59:26.272+0000 WARN  [o.n.b.p.c.f.r.NetworkResponseHandler] Client /172.21.0.1:33330 disconnected while query was running. Session has been cleaned up. This can be caused by temporary network problems, but if you see this often, ensure your applications are properly waiting for operations to complete before exiting.
2025-12-27 18:03:26.078+0000 INFO  [o.n.c.i.c.CypherQueryCaches] [neo4j/79ffee62] Discarded stale query from the query cache after 241 seconds. Reason: NodesAllCardinality changed from 10.0 to 20502.0, which is a divergence of 0.9995122427080285 which is greater than threshold 0.707765823525293. Query id: 109.
2025-12-27 18:03:26.228+0000 INFO  [o.n.c.i.c.CypherQueryCaches] [neo4j/79ffee62] Discarded stale query from the query cache after 236 seconds. Reason: CardinalityByLabelsAndRelationshipType(None,None,None) changed from 3.0 to 21300.0, which is a divergence of 0.9998591549295774 which is greater than threshold 0.7086113314575309. Query id: 112.
2025-12-27 18:14:48.691+0000 INFO  [o.n.c.i.c.CypherQueryCaches] [neo4j/79ffee62] Discarded stale query from the query cache after 577 seconds. Reason: IndexPropertyExistsSelectivity(IndexDescriptor(Text,Node(LabelId(3)),List(PropertyKeyId(10)),Set(),NONE,DoNotGetValue,None,false)) changed from 0.1 to 0.0, which is a divergence of 1.0 which is greater than threshold 0.6542630444960686. Query id: 361.
2025-12-27 18:24:52.236+0000 INFO  [o.n.k.i.t.l.c.CheckPointerImpl] [neo4j/79ffee62] Checkpoint triggered by "Scheduled checkpoint for every 15 minutes threshold" @ txId: 34 checkpoint started...
2025-12-27 18:24:52.523+0000 INFO  [o.n.k.i.t.l.c.CheckPointerImpl] [neo4j/79ffee62] Checkpoint triggered by "Scheduled checkpoint for every 15 minutes threshold" @ txId: 34 checkpoint completed in 285ms. Checkpoint flushed 1213 pages (1% of total available pages), in 812 IOs. Checkpoint performed with IO limit: unlimited, paused in total 0 times( 0 millis).
2025-12-27 18:24:52.528+0000 INFO  [o.n.k.i.t.l.p.LogPruningImpl] [neo4j/79ffee62] No log version pruned. The strategy used was '2 days 2147483648 size'. 
2025-12-27 23:12:20.981+0000 INFO  [o.n.c.i.c.CypherQueryCaches] [neo4j/79ffee62] Discarded stale query from the query cache after 18733 seconds. Reason: NodesAllCardinality changed from 10.0 to 20649.0, which is a divergence of 0.9995157150467335 which is greater than threshold 0.12861673684950284. Query id: 5863.
2025-12-27 23:12:21.006+0000 INFO  [o.n.c.i.c.CypherQueryCaches] [neo4j/79ffee62] Discarded stale query from the query cache after 18732 seconds. Reason: NodesAllCardinality changed from 10.0 to 20649.0, which is a divergence of 0.9995157150467335 which is greater than threshold 0.1286171238656802. Query id: 5864.
2025-12-27 23:12:21.054+0000 INFO  [o.n.c.i.c.CypherQueryCaches] [neo4j/79ffee62] Discarded stale query from the query cache after 18732 seconds. Reason: NodesAllCardinality changed from 10.0 to 20649.0, which is a divergence of 0.9995157150467335 which is greater than threshold 0.12861796620305854. Query id: 5865.
2025-12-27 23:12:38.841+0000 INFO  [o.n.c.i.c.CypherQueryCaches] [neo4j/79ffee62] Discarded stale query from the query cache after 18750 seconds. Reason: NodesAllCardinality changed from 10.0 to 20649.0, which is a divergence of 0.9995157150467335 which is greater than threshold 0.12851516876594274. Query id: 5881.
2025-12-27 23:12:38.867+0000 INFO  [o.n.c.i.c.CypherQueryCaches] [neo4j/79ffee62] Discarded stale query from the query cache after 18750 seconds. Reason: NodesAllCardinality changed from 10.0 to 20649.0, which is a divergence of 0.9995157150467335 which is greater than threshold 0.12851666325763902. Query id: 5883.
2025-12-27 23:12:42.902+0000 INFO  [o.n.k.i.t.l.c.CheckPointerImpl] [neo4j/79ffee62] Checkpoint triggered by "Scheduled checkpoint for every 15 minutes threshold" @ txId: 36 checkpoint started...
2025-12-27 23:12:43.031+0000 INFO  [o.n.k.i.t.l.c.CheckPointerImpl] [neo4j/79ffee62] Checkpoint triggered by "Scheduled checkpoint for every 15 minutes threshold" @ txId: 36 checkpoint completed in 126ms. Checkpoint flushed 31 pages (0% of total available pages), in 31 IOs. Checkpoint performed with IO limit: unlimited, paused in total 0 times( 0 millis).
2025-12-27 23:12:43.032+0000 INFO  [o.n.k.i.t.l.p.LogPruningImpl] [neo4j/79ffee62] No log version pruned. The strategy used was '2 days 2147483648 size'. 
2025-12-27 23:13:09.038+0000 INFO  [o.n.c.i.c.CypherQueryCaches] [neo4j/79ffee62] Discarded stale query from the query cache after 18582 seconds. Reason: CardinalityByLabelsAndRelationshipType(None,None,None) changed from 21300.0 to 42543.0, which is a divergence of 0.49933008955644875 which is greater than threshold 0.12947807158043298. Query id: 5905.
2025-12-27 23:13:16.528+0000 INFO  [o.n.c.i.c.CypherQueryCaches] [neo4j/79ffee62] Discarded stale query from the query cache after 15007 seconds. Reason: CardinalityByLabelsAndRelationshipType(None,None,None) changed from 22700.0 to 42543.0, which is a divergence of 0.46642220811884444 which is greater than threshold 0.15400795398401296. Query id: 5907.
2025-12-27 23:27:43.056+0000 INFO  [o.n.k.i.t.l.c.CheckPointerImpl] [neo4j/79ffee62] Checkpoint triggered by "Scheduled checkpoint for every 15 minutes threshold" @ txId: 41 checkpoint started...
2025-12-27 23:27:43.257+0000 INFO  [o.n.k.i.t.l.c.CheckPointerImpl] [neo4j/79ffee62] Checkpoint triggered by "Scheduled checkpoint for every 15 minutes threshold" @ txId: 41 checkpoint completed in 200ms. Checkpoint flushed 1333 pages (2% of total available pages), in 530 IOs. Checkpoint performed with IO limit: unlimited, paused in total 0 times( 0 millis).
2025-12-27 23:27:43.257+0000 INFO  [o.n.k.i.t.l.p.LogPruningImpl] [neo4j/79ffee62] No log version pruned. The strategy used was '2 days 2147483648 size'. 
2025-12-28 00:50:23.365+0000 INFO  [o.n.k.i.t.l.c.CheckPointerImpl] [neo4j/79ffee62] Checkpoint triggered by "Scheduled checkpoint for every 15 minutes threshold" @ txId: 44 checkpoint started...
2025-12-28 00:50:23.592+0000 INFO  [o.n.k.i.t.l.c.CheckPointerImpl] [neo4j/79ffee62] Checkpoint triggered by "Scheduled checkpoint for every 15 minutes threshold" @ txId: 44 checkpoint completed in 225ms. Checkpoint flushed 1436 pages (2% of total available pages), in 89 IOs. Checkpoint performed with IO limit: unlimited, paused in total 0 times( 0 millis).
2025-12-28 00:50:23.592+0000 INFO  [o.n.k.i.t.l.p.LogPruningImpl] [neo4j/79ffee62] No log version pruned. The strategy used was '2 days 2147483648 size'. 
2025-12-28 00:50:29.293+0000 INFO  [o.n.c.i.c.CypherQueryCaches] [neo4j/79ffee62] Discarded stale query from the query cache after 24383 seconds. Reason: CardinalityByLabelsAndRelationshipType(None,None,None) changed from 21300.0 to 167470.0, which is a divergence of 0.872813041141697 which is greater than threshold 0.10289009550940241. Query id: 6618.
2025-12-28 00:50:29.979+0000 INFO  [o.n.c.i.c.CypherQueryCaches] [neo4j/79ffee62] Discarded stale query from the query cache after 5840 seconds. Reason: CardinalityByLabelsAndRelationshipType(None,None,None) changed from 42543.0 to 167470.0, which is a divergence of 0.7459664417507613 which is greater than threshold 0.2994496830461615. Query id: 6624.
2025-12-28 00:52:26.868+0000 INFO  [o.n.c.i.c.CypherQueryCaches] [neo4j/79ffee62] Discarded stale query from the query cache after 5950 seconds. Reason: CardinalityByLabelsAndRelationshipType(None,None,None) changed from 42543.0 to 167493.0, which is a divergence of 0.7460013254285254 which is greater than threshold 0.2961114883851767. Query id: 6671.
2025-12-28 01:05:23.614+0000 INFO  [o.n.k.i.t.l.c.CheckPointerImpl] [neo4j/79ffee62] Checkpoint triggered by "Scheduled checkpoint for every 15 minutes threshold" @ txId: 48 checkpoint started...
2025-12-28 01:05:23.744+0000 INFO  [o.n.k.i.t.l.c.CheckPointerImpl] [neo4j/79ffee62] Checkpoint triggered by "Scheduled checkpoint for every 15 minutes threshold" @ txId: 48 checkpoint completed in 128ms. Checkpoint flushed 62 pages (0% of total available pages), in 56 IOs. Checkpoint performed with IO limit: unlimited, paused in total 0 times( 0 millis).
2025-12-28 01:05:23.744+0000 INFO  [o.n.k.i.t.l.p.LogPruningImpl] [neo4j/79ffee62] No log version pruned. The strategy used was '2 days 2147483648 size'. 
2025-12-28 01:20:23.764+0000 INFO  [o.n.k.i.t.l.c.CheckPointerImpl] [neo4j/79ffee62] Checkpoint triggered by "Scheduled checkpoint for every 15 minutes threshold" @ txId: 61 checkpoint started...
2025-12-28 01:20:23.970+0000 INFO  [o.n.k.i.t.l.c.CheckPointerImpl] [neo4j/79ffee62] Checkpoint triggered by "Scheduled checkpoint for every 15 minutes threshold" @ txId: 61 checkpoint completed in 205ms. Checkpoint flushed 459 pages (0% of total available pages), in 345 IOs. Checkpoint performed with IO limit: unlimited, paused in total 0 times( 0 millis).
2025-12-28 01:20:23.970+0000 INFO  [o.n.k.i.t.l.p.LogPruningImpl] [neo4j/79ffee62] No log version pruned. The strategy used was '2 days 2147483648 size'. 
2025-12-28 01:39:35.972+0000 ERROR [o.n.b.f.StateMachineImpl] Client triggered an unexpected error [Neo.DatabaseError.General.UnknownError]: Lexical error at line 6, column 31.  Encountered: <EOF> after : "", reference f0781f31-8a81-4f9e-b8d6-ae214a2f2232.
2025-12-28 01:39:35.972+0000 ERROR [o.n.b.f.StateMachineImpl] Client triggered an unexpected error [Neo.DatabaseError.General.UnknownError]: Lexical error at line 6, column 31.  Encountered: <EOF> after : "", reference f0781f31-8a81-4f9e-b8d6-ae214a2f2232.
org.neo4j.bolt.protocol.common.fsm.error.TransactionStateTransitionException: Lexical error at line 6, column 31.  Encountered: <EOF> after : ""
	at org.neo4j.bolt.protocol.common.fsm.transition.transaction.CreateStatementStateTransition.process(CreateStatementStateTransition.java:56) ~[neo4j-bolt-5.15.0.jar:5.15.0]
	at org.neo4j.bolt.protocol.common.fsm.transition.transaction.CreateStatementStateTransition.process(CreateStatementStateTransition.java:32) ~[neo4j-bolt-5.15.0.jar:5.15.0]
	at org.neo4j.bolt.protocol.common.fsm.transition.transaction.TransactionalStateTransition.process(TransactionalStateTransition.java:42) ~[neo4j-bolt-5.15.0.jar:5.15.0]
	at org.neo4j.bolt.fsm.state.MultiTransitionState.process(MultiTransitionState.java:53) ~[neo4j-bolt-5.15.0.jar:5.15.0]
	at org.neo4j.bolt.fsm.StateMachineImpl.process(StateMachineImpl.java:151) ~[neo4j-bolt-5.15.0.jar:5.15.0]
	at org.neo4j.bolt.protocol.common.connector.connection.AtomicSchedulingConnection.lambda$submit$4(AtomicSchedulingConnection.java:122) ~[neo4j-bolt-5.15.0.jar:5.15.0]
	at org.neo4j.bolt.protocol.common.connector.connection.AtomicSchedulingConnection.executeJob(AtomicSchedulingConnection.java:336) ~[neo4j-bolt-5.15.0.jar:5.15.0]
	at org.neo4j.bolt.protocol.common.connector.connection.AtomicSchedulingConnection.doExecuteJobs(AtomicSchedulingConnection.java:315) ~[neo4j-bolt-5.15.0.jar:5.15.0]
	at org.neo4j.bolt.protocol.common.connector.connection.AtomicSchedulingConnection.executeJobs(AtomicSchedulingConnection.java:221) ~[neo4j-bolt-5.15.0.jar:5.15.0]
	at java.util.concurrent.Executors$RunnableAdapter.call(Executors.java:539) [?:?]
	at java.util.concurrent.FutureTask.run(FutureTask.java:264) [?:?]
	at java.util.concurrent.ThreadPoolExecutor.runWorker(ThreadPoolExecutor.java:1136) [?:?]
	at java.util.concurrent.ThreadPoolExecutor$Worker.run(ThreadPoolExecutor.java:635) [?:?]
	at java.lang.Thread.run(Thread.java:840) [?:?]
Caused by: org.neo4j.bolt.tx.error.statement.StatementExecutionException: Lexical error at line 6, column 31.  Encountered: <EOF> after : ""
	at org.neo4j.bolt.tx.TransactionImpl.run(TransactionImpl.java:122) ~[neo4j-bolt-5.15.0.jar:5.15.0]
	at org.neo4j.bolt.protocol.common.fsm.transition.transaction.CreateStatementStateTransition.process(CreateStatementStateTransition.java:48) ~[neo4j-bolt-5.15.0.jar:5.15.0]
	... 13 more
Caused by: org.neo4j.cypher.internal.parser.javacc.TokenMgrException: Lexical error at line 6, column 31.  Encountered: <EOF> after : ""
	at org.neo4j.cypher.internal.parser.javacc.CypherTokenManager.getNextToken(CypherTokenManager.java:8120) ~[neo4j-cypher-javacc-parser-5.15.0.jar:5.15.0]
	at org.neo4j.cypher.internal.parser.javacc.Cypher.jj_scan_token(Cypher.java:46041) ~[neo4j-cypher-javacc-parser-5.15.0.jar:5.15.0]
	at org.neo4j.cypher.internal.parser.javacc.Cypher.jj_3R_148(Cypher.java:40882) ~[neo4j-cypher-javacc-parser-5.15.0.jar:5.15.0]
	at org.neo4j.cypher.internal.parser.javacc.Cypher.jj_3R_205(Cypher.java:40771) ~[neo4j-cypher-javacc-parser-5.15.0.jar:5.15.0]
	at org.neo4j.cypher.internal.parser.javacc.Cypher.jj_3R_130(Cypher.java:40749) ~[neo4j-cypher-javacc-parser-5.15.0.jar:5.15.0]
	at org.neo4j.cypher.internal.parser.javacc.Cypher.jj_3R_78(Cypher.java:45054) ~[neo4j-cypher-javacc-parser-5.15.0.jar:5.15.0]
	at org.neo4j.cypher.internal.parser.javacc.Cypher.jj_3R_357(Cypher.java:44058) ~[neo4j-cypher-javacc-parser-5.15.0.jar:5.15.0]
	at org.neo4j.cypher.internal.parser.javacc.Cypher.jj_3R_264(Cypher.java:43863) ~[neo4j-cypher-javacc-parser-5.15.0.jar:5.15.0]
	at org.neo4j.cypher.internal.parser.javacc.Cypher.jj_3R_167(Cypher.java:43696) ~[neo4j-cypher-javacc-parser-5.15.0.jar:5.15.0]
	at org.neo4j.cypher.internal.parser.javacc.Cypher.jj_3R_113(Cypher.java:43490) ~[neo4j-cypher-javacc-parser-5.15.0.jar:5.15.0]
	at org.neo4j.cypher.internal.parser.javacc.Cypher.jj_3_69(Cypher.java:43463) ~[neo4j-cypher-javacc-parser-5.15.0.jar:5.15.0]
	at org.neo4j.cypher.internal.parser.javacc.Cypher.jj_2_69(Cypher.java:36293) ~[neo4j-cypher-javacc-parser-5.15.0.jar:5.15.0]
	at org.neo4j.cypher.internal.parser.javacc.Cypher.Expression3(Cypher.java:7826) ~[neo4j-cypher-javacc-parser-5.15.0.jar:5.15.0]
	at org.neo4j.cypher.internal.parser.javacc.Cypher.Expression4(Cypher.java:7805) ~[neo4j-cypher-javacc-parser-5.15.0.jar:5.15.0]
	at org.neo4j.cypher.internal.parser.javacc.Cypher.Expression5(Cypher.java:7760) ~[neo4j-cypher-javacc-parser-5.15.0.jar:5.15.0]
	at org.neo4j.cypher.internal.parser.javacc.Cypher.Expression6(Cypher.java:7722) ~[neo4j-cypher-javacc-parser-5.15.0.jar:5.15.0]
	at org.neo4j.cypher.internal.parser.javacc.Cypher.Expression7(Cypher.java:7579) ~[neo4j-cypher-javacc-parser-5.15.0.jar:5.15.0]
	at org.neo4j.cypher.internal.parser.javacc.Cypher.Expression8(Cypher.java:7496) ~[neo4j-cypher-javacc-parser-5.15.0.jar:5.15.0]
	at org.neo4j.cypher.internal.parser.javacc.Cypher.Expression9(Cypher.java:7474) ~[neo4j-cypher-javacc-parser-5.15.0.jar:5.15.0]
	at org.neo4j.cypher.internal.parser.javacc.Cypher.Expression10(Cypher.java:7190) ~[neo4j-cypher-javacc-parser-5.15.0.jar:5.15.0]
	at org.neo4j.cypher.internal.parser.javacc.Cypher.Expression11(Cypher.java:7168) ~[neo4j-cypher-javacc-parser-5.15.0.jar:5.15.0]
	at org.neo4j.cypher.internal.parser.javacc.Cypher.Expression12(Cypher.java:7146) ~[neo4j-cypher-javacc-parser-5.15.0.jar:5.15.0]
	at org.neo4j.cypher.internal.parser.javacc.Cypher.Expression(Cypher.java:7138) ~[neo4j-cypher-javacc-parser-5.15.0.jar:5.15.0]
	at org.neo4j.cypher.internal.parser.javacc.Cypher.UnwindClause(Cypher.java:2362) ~[neo4j-cypher-javacc-parser-5.15.0.jar:5.15.0]
	at org.neo4j.cypher.internal.parser.javacc.Cypher.Clause(Cypher.java:620) ~[neo4j-cypher-javacc-parser-5.15.0.jar:5.15.0]
	at org.neo4j.cypher.internal.parser.javacc.Cypher.SingleQuery(Cypher.java:510) ~[neo4j-cypher-javacc-parser-5.15.0.jar:5.15.0]
	at org.neo4j.cypher.internal.parser.javacc.Cypher.SingleQueryOrCommand(Cypher.java:374) ~[neo4j-cypher-javacc-parser-5.15.0.jar:5.15.0]
	at org.neo4j.cypher.internal.parser.javacc.Cypher.Statement(Cypher.java:323) ~[neo4j-cypher-javacc-parser-5.15.0.jar:5.15.0]
	at org.neo4j.cypher.internal.parser.javacc.Cypher.Statements(Cypher.java:240) ~[neo4j-cypher-javacc-parser-5.15.0.jar:5.15.0]
	at org.neo4j.cypher.internal.ast.factory.neo4j.JavaCCParser$.parse(JavaCCParser.scala:42) ~[neo4j-cypher-ast-factory-5.15.0.jar:5.15.0]
	at org.neo4j.cypher.internal.frontend.phases.Parse$.process(Parse.scala:38) ~[neo4j-front-end-5.15.0.jar:5.15.0]
	at org.neo4j.cypher.internal.frontend.phases.Parse$.process(Parse.scala:31) ~[neo4j-front-end-5.15.0.jar:5.15.0]
	at org.neo4j.cypher.internal.frontend.phases.Phase.$anonfun$transform$1(Phase.scala:36) ~[neo4j-front-end-5.15.0.jar:5.15.0]
	at org.neo4j.cypher.internal.frontend.helpers.package$.$anonfun$closing$1(package.scala:25) ~[neo4j-front-end-5.15.0.jar:5.15.0]
	at org.neo4j.cypher.internal.frontend.helpers.package$.using(package.scala:34) ~[neo4j-front-end-5.15.0.jar:5.15.0]
	at org.neo4j.cypher.internal.frontend.helpers.package$.closing(package.scala:25) ~[neo4j-front-end-5.15.0.jar:5.15.0]
	at org.neo4j.cypher.internal.frontend.phases.Phase.transform(Phase.scala:35) ~[neo4j-front-end-5.15.0.jar:5.15.0]
	at org.neo4j.cypher.internal.frontend.phases.Phase.transform$(Phase.scala:33) ~[neo4j-front-end-5.15.0.jar:5.15.0]
	at org.neo4j.cypher.internal.frontend.phases.Parse$.transform(Parse.scala:31) ~[neo4j-front-end-5.15.0.jar:5.15.0]
	at org.neo4j.cypher.internal.frontend.phases.PipeLine.transform(Transformer.scala:74) ~[neo4j-front-end-5.15.0.jar:5.15.0]
	at org.neo4j.cypher.internal.frontend.phases.PipeLine.transform(Transformer.scala:74) ~[neo4j-front-end-5.15.0.jar:5.15.0]
	at org.neo4j.cypher.internal.frontend.phases.PipeLine.transform(Transformer.scala:74) ~[neo4j-front-end-5.15.0.jar:5.15.0]
	at org.neo4j.cypher.internal.frontend.phases.PipeLine.transform(Transformer.scala:74) ~[neo4j-front-end-5.15.0.jar:5.15.0]
	at org.neo4j.cypher.internal.frontend.phases.PipeLine.transform(Transformer.scala:74) ~[neo4j-front-end-5.15.0.jar:5.15.0]
	at org.neo4j.cypher.internal.frontend.phases.PipeLine.transform(Transformer.scala:74) ~[neo4j-front-end-5.15.0.jar:5.15.0]
	at org.neo4j.cypher.internal.frontend.phases.PipeLine.transform(Transformer.scala:74) ~[neo4j-front-end-5.15.0.jar:5.15.0]
	at org.neo4j.cypher.internal.frontend.phases.PipeLine.transform(Transformer.scala:74) ~[neo4j-front-end-5.15.0.jar:5.15.0]
	at org.neo4j.cypher.internal.frontend.phases.PipeLine.transform(Transformer.scala:74) ~[neo4j-front-end-5.15.0.jar:5.15.0]
	at org.neo4j.cypher.internal.frontend.phases.PipeLine.transform(Transformer.scala:74) ~[neo4j-front-end-5.15.0.jar:5.15.0]
	at org.neo4j.cypher.internal.frontend.phases.PipeLine.transform(Transformer.scala:74) ~[neo4j-front-end-5.15.0.jar:5.15.0]
	at org.neo4j.cypher.internal.frontend.phases.PipeLine.transform(Transformer.scala:74) ~[neo4j-front-end-5.15.0.jar:5.15.0]
	at org.neo4j.fabric.pipeline.FabricFrontEnd$Pipeline$parseAndPrepare$.process(FabricFrontEnd.scala:151) ~[neo4j-fabric-5.15.0.jar:5.15.0]
	at org.neo4j.fabric.planning.FabricPlanner$PlannerInstance.$anonfun$computePlan$1(FabricPlanner.scala:127) ~[neo4j-fabric-5.15.0.jar:5.15.0]
	at org.neo4j.fabric.planning.FabricPlanner$PlannerInstance.trace(FabricPlanner.scala:167) ~[neo4j-fabric-5.15.0.jar:5.15.0]
	at org.neo4j.fabric.planning.FabricPlanner$PlannerInstance.computePlan(FabricPlanner.scala:126) ~[neo4j-fabric-5.15.0.jar:5.15.0]
	at org.neo4j.fabric.planning.FabricPlanner$PlannerInstance.$anonfun$plan$1(FabricPlanner.scala:117) ~[neo4j-fabric-5.15.0.jar:5.15.0]
	at org.neo4j.fabric.cache.FabricQueryCache.computeIfAbsent(FabricQueryCache.scala:60) ~[neo4j-fabric-5.15.0.jar:5.15.0]
	at org.neo4j.fabric.planning.FabricPlanner$PlannerInstance.plan$lzycompute(FabricPlanner.scala:119) ~[neo4j-fabric-5.15.0.jar:5.15.0]
	at org.neo4j.fabric.planning.FabricPlanner$PlannerInstance.plan(FabricPlanner.scala:112) ~[neo4j-fabric-5.15.0.jar:5.15.0]
	at org.neo4j.fabric.executor.FabricExecutor.run(FabricExecutor.java:140) ~[neo4j-fabric-5.15.0.jar:5.15.0]
	at org.neo4j.fabric.bolt.BoltFabricDatabaseService$BoltTransactionImpl.executeQuery(BoltFabricDatabaseService.java:172) ~[neo4j-fabric-5.15.0.jar:5.15.0]
	at org.neo4j.bolt.tx.TransactionImpl.run(TransactionImpl.java:116) ~[neo4j-bolt-5.15.0.jar:5.15.0]
	at org.neo4j.bolt.protocol.common.fsm.transition.transaction.CreateStatementStateTransition.process(CreateStatementStateTransition.java:48) ~[neo4j-bolt-5.15.0.jar:5.15.0]
	... 13 more
2025-12-28 01:40:03.995+0000 INFO  [o.n.k.i.t.l.c.CheckPointerImpl] [neo4j/79ffee62] Checkpoint triggered by "Scheduled checkpoint for every 15 minutes threshold" @ txId: 64 checkpoint started...
2025-12-28 01:40:04.154+0000 INFO  [o.n.k.i.t.l.c.CheckPointerImpl] [neo4j/79ffee62] Checkpoint triggered by "Scheduled checkpoint for every 15 minutes threshold" @ txId: 64 checkpoint completed in 158ms. Checkpoint flushed 693 pages (1% of total available pages), in 103 IOs. Checkpoint performed with IO limit: unlimited, paused in total 0 times( 0 millis).
2025-12-28 01:40:04.154+0000 INFO  [o.n.k.i.t.l.p.LogPruningImpl] [neo4j/79ffee62] No log version pruned. The strategy used was '2 days 2147483648 size'. 
2025-12-28 01:41:24.987+0000 INFO  [o.n.c.i.c.CypherQueryCaches] [neo4j/79ffee62] Discarded stale query from the query cache after 23924 seconds. Reason: CardinalityByLabelsAndRelationshipType(None,None,None) changed from 22700.0 to 172401.0, which is a divergence of 0.8683302301030736 which is greater than threshold 0.10458949846698948. Query id: 7559.
2025-12-28 01:48:57.190+0000 INFO  [o.n.c.i.c.CypherQueryCaches] [neo4j/79ffee62] Discarded stale query from the query cache after 27669 seconds. Reason: CardinalityByLabelsAndRelationshipType(None,None,None) changed from 22700.0 to 172401.0, which is a divergence of 0.8683302301030736 which is greater than threshold 0.0921704016137238. Query id: 7695.
